date,annee,trimestre,mois,nom_mois,annee_mois,semaine_iso,jour,jour_semaine,saison_meteo,jour_ouvre
2020-01-01,2020,T1,1,janvier,2020-01,1,1,3,Hiver,1
2020-01-02,2020,T1,1,janvier,2020-01,1,2,4,Hiver,1
2020-01-03,2020,T1,1,janvier,2020-01,1,3,5,Hiver,1
2020-01-04,2020,T1,1,janvier,2020-01,1,4,6,Hiver,0
2020-01-05,2020,T1,1,janvier,2020-01,1,5,7,Hiver,0
2020-01-06,2020,T1,1,janvier,2020-01,2,6,1,Hiver,1
2020-01-07,2020,T1,1,janvier,2020-01,2,7,2,Hiver,1
2020-01-08,2020,T1,1,janvier,2020-01,2,8,3,Hiver,1
2020-01-09,2020,T1,1,janvier,2020-01,2,9,4,Hiver,1
2020-01-10,2020,T1,1,janvier,2020-01,2,10,5,Hiver,1
2020-01-11,2020,T1,1,janvier,2020-01,2,11,6,Hiver,0
2020-01-12,2020,T1,1,janvier,2020-01,2,12,7,Hiver,0
2020-01-13,2020,T1,1,janvier,2020-01,3,13,1,Hiver,1
2020-01-14,2020,T1,1,janvier,2020-01,3,14,2,Hiver,1
2020-01-15,2020,T1,1,janvier,2020-01,3,15,3,Hiver,1
2020-01-16,2020,T1,1,janvier,2020-01,3,16,4,Hiver,1
2020-01-17,2020,T1,1,janvier,2020-01,3,17,5,Hiver,1
2020-01-18,2020,T1,1,janvier,2020-01,3,18,6,Hiver,0
2020-01-19,2020,T1,1,janvier,2020-01,3,19,7,Hiver,0
2020-01-20,2020,T1,1,janvier,2020-01,4,20,1,Hiver,1
2020-01-21,2020,T1,1,janvier,2020-01,4,21,2,Hiver,1
2020-01-22,2020,T1,1,janvier,2020-01,4,22,3,Hiver,1
2020-01-23,2020,T1,1,janvier,2020-01,4,23,4,Hiver,1
2020-01-24,2020,T1,1,janvier,2020-01,4,24,5,Hiver,1
2020-01-25,2020,T1,1,janvier,2020-01,4,25,6,Hiver,0
2020-01-26,2020,T1,1,janvier,2020-01,4,26,7,Hiver,0
2020-01-27,2020,T1,1,janvier,2020-01,5,27,1,Hiver,1
2020-01-28,2020,T1,1,janvier,2020-01,5,28,2,Hiver,1
2020-01-29,2020,T1,1,janvier,2020-01,5,29,3,Hiver,1
2020-01-30,2020,T1,1,janvier,2020-01,5,30,4,Hiver,1
2020-01-31,2020,T1,1,janvier,2020-01,5,31,5,Hiver,1
2020-02-01,2020,T1,2,février,2020-02,5,1,6,Hiver,0
2020-02-02,2020,T1,2,février,2020-02,5,2,7,Hiver,0
2020-02-03,2020,T1,2,février,2020-02,6,3,1,Hiver,1
2020-02-04,2020,T1,2,février,2020-02,6,4,2,Hiver,1
2020-02-05,2020,T1,2,février,2020-02,6,5,3,Hiver,1
2020-02-06,2020,T1,2,février,2020-02,6,6,4,Hiver,1
2020-02-07,2020,T1,2,février,2020-02,6,7,5,Hiver,1
2020-02-08,2020,T1,2,février,2020-02,6,8,6,Hiver,0
2020-02-09,2020,T1,2,février,2020-02,6,9,7,Hiver,0
2020-02-10,2020,T1,2,février,2020-02,7,10,1,Hiver,1
2020-02-11,2020,T1,2,février,2020-02,7,11,2,Hiver,1
2020-02-12,2020,T1,2,février,2020-02,7,12,3,Hiver,1
2020-02-13,2020,T1,2,février,2020-02,7,13,4,Hiver,1
2020-02-14,2020,T1,2,février,2020-02,7,14,5,Hiver,1
2020-02-15,2020,T1,2,février,2020-02,7,15,6,Hiver,0
2020-02-16,2020,T1,2,février,2020-02,7,16,7,Hiver,0
2020-02-17,2020,T1,2,février,2020-02,8,17,1,Hiver,1
2020-02-18,2020,T1,2,février,2020-02,8,18,2,Hiver,1
2020-02-19,2020,T1,2,février,2020-02,8,19,3,Hiver,1
2020-02-20,2020,T1,2,février,2020-02,8,20,4,Hiver,1
2020-02-21,2020,T1,2,février,2020-02,8,21,5,Hiver,1
2020-02-22,2020,T1,2,février,2020-02,8,22,6,Hiver,0
2020-02-23,2020,T1,2,février,2020-02,8,23,7,Hiver,0
2020-02-24,2020,T1,2,février,2020-02,9,24,1,Hiver,1
2020-02-25,2020,T1,2,février,2020-02,9,25,2,Hiver,1
2020-02-26,2020,T1,2,février,2020-02,9,26,3,Hiver,1
2020-02-27,2020,T1,2,février,2020-02,9,27,4,Hiver,1
2020-02-28,2020,T1,2,février,2020-02,9,28,5,Hiver,1
2020-02-29,2020,T1,2,février,2020-02,9,29,6,Hiver,0
2020-03-01,2020,T1,3,mars,2020-03,9,1,7,Printemps,0
2020-03-02,2020,T1,3,mars,2020-03,10,2,1,Printemps,1
2020-03-03,2020,T1,3,mars,2020-03,10,3,2,Printemps,1
2020-03-04,2020,T1,3,mars,2020-03,10,4,3,Printemps,1
2020-03-05,2020,T1,3,mars,2020-03,10,5,4,Printemps,1
2020-03-06,2020,T1,3,mars,2020-03,10,6,5,Printemps,1
2020-03-07,2020,T1,3,mars,2020-03,10,7,6,Printemps,0
2020-03-08,2020,T1,3,mars,2020-03,10,8,7,Printemps,0
2020-03-09,2020,T1,3,mars,2020-03,11,9,1,Printemps,1
2020-03-10,2020,T1,3,mars,2020-03,11,10,2,Printemps,1
2020-03-11,2020,T1,3,mars,2020-03,11,11,3,Printemps,1
2020-03-12,2020,T1,3,mars,2020-03,11,12,4,Printemps,1
2020-03-13,2020,T1,3,mars,2020-03,11,13,5,Printemps,1
2020-03-14,2020,T1,3,mars,2020-03,11,14,6,Printemps,0
2020-03-15,2020,T1,3,mars,2020-03,11,15,7,Printemps,0
2020-03-16,2020,T1,3,mars,2020-03,12,16,1,Printemps,1
2020-03-17,2020,T1,3,mars,2020-03,12,17,2,Printemps,1
2020-03-18,2020,T1,3,mars,2020-03,12,18,3,Printemps,1
2020-03-19,2020,T1,3,mars,2020-03,12,19,4,Printemps,1
2020-03-20,2020,T1,3,mars,2020-03,12,20,5,Printemps,1
2020-03-21,2020,T1,3,mars,2020-03,12,21,6,Printemps,0
2020-03-22,2020,T1,3,mars,2020-03,12,22,7,Printemps,0
2020-03-23,2020,T1,3,mars,2020-03,13,23,1,Printemps,1
2020-03-24,2020,T1,3,mars,2020-03,13,24,2,Printemps,1
2020-03-25,2020,T1,3,mars,2020-03,13,25,3,Printemps,1
2020-03-26,2020,T1,3,mars,2020-03,13,26,4,Printemps,1
2020-03-27,2020,T1,3,mars,2020-03,13,27,5,Printemps,1
2020-03-28,2020,T1,3,mars,2020-03,13,28,6,Printemps,0
2020-03-29,2020,T1,3,mars,2020-03,13,29,7,Printemps,0
2020-03-30,2020,T1,3,mars,2020-03,14,30,1,Printemps,1
2020-03-31,2020,T1,3,mars,2020-03,14,31,2,Printemps,1
2020-04-01,2020,T2,4,avril,2020-04,14,1,3,Printemps,1
2020-04-02,2020,T2,4,avril,2020-04,14,2,4,Printemps,1
2020-04-03,2020,T2,4,avril,2020-04,14,3,5,Printemps,1
2020-04-04,2020,T2,4,avril,2020-04,14,4,6,Printemps,0
2020-04-05,2020,T2,4,avril,2020-04,14,5,7,Printemps,0
2020-04-06,2020,T2,4,avril,2020-04,15,6,1,Printemps,1
2020-04-07,2020,T2,4,avril,2020-04,15,7,2,Printemps,1
2020-04-08,2020,T2,4,avril,2020-04,15,8,3,Printemps,1
2020-04-09,2020,T2,4,avril,2020-04,15,9,4,Printemps,1
2020-04-10,2020,T2,4,avril,2020-04,15,10,5,Printemps,1
2020-04-11,2020,T2,4,avril,2020-04,15,11,6,Printemps,0
2020-04-12,2020,T2,4,avril,2020-04,15,12,7,Printemps,0
2020-04-13,2020,T2,4,avril,2020-04,16,13,1,Printemps,1
2020-04-14,2020,T2,4,avril,2020-04,16,14,2,Printemps,1
2020-04-15,2020,T2,4,avril,2020-04,16,15,3,Printemps,1
2020-04-16,2020,T2,4,avril,2020-04,16,16,4,Printemps,1
2020-04-17,2020,T2,4,avril,2020-04,16,17,5,Printemps,1
2020-04-18,2020,T2,4,avril,2020-04,16,18,6,Printemps,0
2020-04-19,2020,T2,4,avril,2020-04,16,19,7,Printemps,0
2020-04-20,2020,T2,4,avril,2020-04,17,20,1,Printemps,1
2020-04-21,2020,T2,4,avril,2020-04,17,21,2,Printemps,1
2020-04-22,2020,T2,4,avril,2020-04,17,22,3,Printemps,1
2020-04-23,2020,T2,4,avril,2020-04,17,23,4,Printemps,1
2020-04-24,2020,T2,4,avril,2020-04,17,24,5,Printemps,1
2020-04-25,2020,T2,4,avril,2020-04,17,25,6,Printemps,0
2020-04-26,2020,T2,4,avril,2020-04,17,26,7,Printemps,0
2020-04-27,2020,T2,4,avril,2020-04,18,27,1,Printemps,1
2020-04-28,2020,T2,4,avril,2020-04,18,28,2,Printemps,1
2020-04-29,2020,T2,4,avril,2020-04,18,29,3,Printemps,1
2020-04-30,2020,T2,4,avril,2020-04,18,30,4,Printemps,1
2020-05-01,2020,T2,5,mai,2020-05,18,1,5,Printemps,1
2020-05-02,2020,T2,5,mai,2020-05,18,2,6,Printemps,0
2020-05-03,2020,T2,5,mai,2020-05,18,3,7,Printemps,0
2020-05-04,2020,T2,5,mai,2020-05,19,4,1,Printemps,1
2020-05-05,2020,T2,5,mai,2020-05,19,5,2,Printemps,1
2020-05-06,2020,T2,5,mai,2020-05,19,6,3,Printemps,1
2020-05-07,2020,T2,5,mai,2020-05,19,7,4,Printemps,1
2020-05-08,2020,T2,5,mai,2020-05,19,8,5,Printemps,1
2020-05-09,2020,T2,5,mai,2020-05,19,9,6,Printemps,0
2020-05-10,2020,T2,5,mai,2020-05,19,10,7,Printemps,0
2020-05-11,2020,T2,5,mai,2020-05,20,11,1,Printemps,1
2020-05-12,2020,T2,5,mai,2020-05,20,12,2,Printemps,1
2020-05-13,2020,T2,5,mai,2020-05,20,13,3,Printemps,1
2020-05-14,2020,T2,5,mai,2020-05,20,14,4,Printemps,1
2020-05-15,2020,T2,5,mai,2020-05,20,15,5,Printemps,1
2020-05-16,2020,T2,5,mai,2020-05,20,16,6,Printemps,0
2020-05-17,2020,T2,5,mai,2020-05,20,17,7,Printemps,0
2020-05-18,2020,T2,5,mai,2020-05,21,18,1,Printemps,1
2020-05-19,2020,T2,5,mai,2020-05,21,19,2,Printemps,1
2020-05-20,2020,T2,5,mai,2020-05,21,20,3,Printemps,1
2020-05-21,2020,T2,5,mai,2020-05,21,21,4,Printemps,1
2020-05-22,2020,T2,5,mai,2020-05,21,22,5,Printemps,1
2020-05-23,2020,T2,5,mai,2020-05,21,23,6,Printemps,0
2020-05-24,2020,T2,5,mai,2020-05,21,24,7,Printemps,0
2020-05-25,2020,T2,5,mai,2020-05,22,25,1,Printemps,1
2020-05-26,2020,T2,5,mai,2020-05,22,26,2,Printemps,1
2020-05-27,2020,T2,5,mai,2020-05,22,27,3,Printemps,1
2020-05-28,2020,T2,5,mai,2020-05,22,28,4,Printemps,1
2020-05-29,2020,T2,5,mai,2020-05,22,29,5,Printemps,1
2020-05-30,2020,T2,5,mai,2020-05,22,30,6,Printemps,0
2020-05-31,2020,T2,5,mai,2020-05,22,31,7,Printemps,0
2020-06-01,2020,T2,6,juin,2020-06,23,1,1,Été,1
2020-06-02,2020,T2,6,juin,2020-06,23,2,2,Été,1
2020-06-03,2020,T2,6,juin,2020-06,23,3,3,Été,1
2020-06-04,2020,T2,6,juin,2020-06,23,4,4,Été,1
2020-06-05,2020,T2,6,juin,2020-06,23,5,5,Été,1
2020-06-06,2020,T2,6,juin,2020-06,23,6,6,Été,0
2020-06-07,2020,T2,6,juin,2020-06,23,7,7,Été,0
2020-06-08,2020,T2,6,juin,2020-06,24,8,1,Été,1
2020-06-09,2020,T2,6,juin,2020-06,24,9,2,Été,1
2020-06-10,2020,T2,6,juin,2020-06,24,10,3,Été,1
2020-06-11,2020,T2,6,juin,2020-06,24,11,4,Été,1
2020-06-12,2020,T2,6,juin,2020-06,24,12,5,Été,1
2020-06-13,2020,T2,6,juin,2020-06,24,13,6,Été,0
2020-06-14,2020,T2,6,juin,2020-06,24,14,7,Été,0
2020-06-15,2020,T2,6,juin,2020-06,25,15,1,Été,1
2020-06-16,2020,T2,6,juin,2020-06,25,16,2,Été,1
2020-06-17,2020,T2,6,juin,2020-06,25,17,3,Été,1
2020-06-18,2020,T2,6,juin,2020-06,25,18,4,Été,1
2020-06-19,2020,T2,6,juin,2020-06,25,19,5,Été,1
2020-06-20,2020,T2,6,juin,2020-06,25,20,6,Été,0
2020-06-21,2020,T2,6,juin,2020-06,25,21,7,Été,0
2020-06-22,2020,T2,6,juin,2020-06,26,22,1,Été,1
2020-06-23,2020,T2,6,juin,2020-06,26,23,2,Été,1
2020-06-24,2020,T2,6,juin,2020-06,26,24,3,Été,1
2020-06-25,2020,T2,6,juin,2020-06,26,25,4,Été,1
2020-06-26,2020,T2,6,juin,2020-06,26,26,5,Été,1
2020-06-27,2020,T2,6,juin,2020-06,26,27,6,Été,0
2020-06-28,2020,T2,6,juin,2020-06,26,28,7,Été,0
2020-06-29,2020,T2,6,juin,2020-06,27,29,1,Été,1
2020-06-30,2020,T2,6,juin,2020-06,27,30,2,Été,1
2020-07-01,2020,T3,7,juillet,2020-07,27,1,3,Été,1
2020-07-02,2020,T3,7,juillet,2020-07,27,2,4,Été,1
2020-07-03,2020,T3,7,juillet,2020-07,27,3,5,Été,1
2020-07-04,2020,T3,7,juillet,2020-07,27,4,6,Été,0
2020-07-05,2020,T3,7,juillet,2020-07,27,5,7,Été,0
2020-07-06,2020,T3,7,juillet,2020-07,28,6,1,Été,1
2020-07-07,2020,T3,7,juillet,2020-07,28,7,2,Été,1
2020-07-08,2020,T3,7,juillet,2020-07,28,8,3,Été,1
2020-07-09,2020,T3,7,juillet,2020-07,28,9,4,Été,1
2020-07-10,2020,T3,7,juillet,2020-07,28,10,5,Été,1
2020-07-11,2020,T3,7,juillet,2020-07,28,11,6,Été,0
2020-07-12,2020,T3,7,juillet,2020-07,28,12,7,Été,0
2020-07-13,2020,T3,7,juillet,2020-07,29,13,1,Été,1
2020-07-14,2020,T3,7,juillet,2020-07,29,14,2,Été,1
2020-07-15,2020,T3,7,juillet,2020-07,29,15,3,Été,1
2020-07-16,2020,T3,7,juillet,2020-07,29,16,4,Été,1
2020-07-17,2020,T3,7,juillet,2020-07,29,17,5,Été,1
2020-07-18,2020,T3,7,juillet,2020-07,29,18,6,Été,0
2020-07-19,2020,T3,7,juillet,2020-07,29,19,7,Été,0
2020-07-20,2020,T3,7,juillet,2020-07,30,20,1,Été,1
2020-07-21,2020,T3,7,juillet,2020-07,30,21,2,Été,1
2020-07-22,2020,T3,7,juillet,2020-07,30,22,3,Été,1
2020-07-23,2020,T3,7,juillet,2020-07,30,23,4,Été,1
2020-07-24,2020,T3,7,juillet,2020-07,30,24,5,Été,1
2020-07-25,2020,T3,7,juillet,2020-07,30,25,6,Été,0
2020-07-26,2020,T3,7,juillet,2020-07,30,26,7,Été,0
2020-07-27,2020,T3,7,juillet,2020-07,31,27,1,Été,1
2020-07-28,2020,T3,7,juillet,2020-07,31,28,2,Été,1
2020-07-29,2020,T3,7,juillet,2020-07,31,29,3,Été,1
2020-07-30,2020,T3,7,juillet,2020-07,31,30,4,Été,1
2020-07-31,2020,T3,7,juillet,2020-07,31,31,5,Été,1
2020-08-01,2020,T3,8,août,2020-08,31,1,6,Été,0
2020-08-02,2020,T3,8,août,2020-08,31,2,7,Été,0
2020-08-03,2020,T3,8,août,2020-08,32,3,1,Été,1
2020-08-04,2020,T3,8,août,2020-08,32,4,2,Été,1
2020-08-05,2020,T3,8,août,2020-08,32,5,3,Été,1
2020-08-06,2020,T3,8,août,2020-08,32,6,4,Été,1
2020-08-07,2020,T3,8,août,2020-08,32,7,5,Été,1
2020-08-08,2020,T3,8,août,2020-08,32,8,6,Été,0
2020-08-09,2020,T3,8,août,2020-08,32,9,7,Été,0
2020-08-10,2020,T3,8,août,2020-08,33,10,1,Été,1
2020-08-11,2020,T3,8,août,2020-08,33,11,2,Été,1
2020-08-12,2020,T3,8,août,2020-08,33,12,3,Été,1
2020-08-13,2020,T3,8,août,2020-08,33,13,4,Été,1
2020-08-14,2020,T3,8,août,2020-08,33,14,5,Été,1
2020-08-15,2020,T3,8,août,2020-08,33,15,6,Été,0
2020-08-16,2020,T3,8,août,2020-08,33,16,7,Été,0
2020-08-17,2020,T3,8,août,2020-08,34,17,1,Été,1
2020-08-18,2020,T3,8,août,2020-08,34,18,2,Été,1
2020-08-19,2020,T3,8,août,2020-08,34,19,3,Été,1
2020-08-20,2020,T3,8,août,2020-08,34,20,4,Été,1
2020-08-21,2020,T3,8,août,2020-08,34,21,5,Été,1
2020-08-22,2020,T3,8,août,2020-08,34,22,6,Été,0
2020-08-23,2020,T3,8,août,2020-08,34,23,7,Été,0
2020-08-24,2020,T3,8,août,2020-08,35,24,1,Été,1
2020-08-25,2020,T3,8,août,2020-08,35,25,2,Été,1
2020-08-26,2020,T3,8,août,2020-08,35,26,3,Été,1
2020-08-27,2020,T3,8,août,2020-08,35,27,4,Été,1
2020-08-28,2020,T3,8,août,2020-08,35,28,5,Été,1
2020-08-29,2020,T3,8,août,2020-08,35,29,6,Été,0
2020-08-30,2020,T3,8,août,2020-08,35,30,7,Été,0
2020-08-31,2020,T3,8,août,2020-08,36,31,1,Été,1
2020-09-01,2020,T3,9,septembre,2020-09,36,1,2,Automne,1
2020-09-02,2020,T3,9,septembre,2020-09,36,2,3,Automne,1
2020-09-03,2020,T3,9,septembre,2020-09,36,3,4,Automne,1
2020-09-04,2020,T3,9,septembre,2020-09,36,4,5,Automne,1
2020-09-05,2020,T3,9,septembre,2020-09,36,5,6,Automne,0
2020-09-06,2020,T3,9,septembre,2020-09,36,6,7,Automne,0
2020-09-07,2020,T3,9,septembre,2020-09,37,7,1,Automne,1
2020-09-08,2020,T3,9,septembre,2020-09,37,8,2,Automne,1
2020-09-09,2020,T3,9,septembre,2020-09,37,9,3,Automne,1
2020-09-10,2020,T3,9,septembre,2020-09,37,10,4,Automne,1
2020-09-11,2020,T3,9,septembre,2020-09,37,11,5,Automne,1
2020-09-12,2020,T3,9,septembre,2020-09,37,12,6,Automne,0
2020-09-13,2020,T3,9,septembre,2020-09,37,13,7,Automne,0
2020-09-14,2020,T3,9,septembre,2020-09,38,14,1,Automne,1
2020-09-15,2020,T3,9,septembre,2020-09,38,15,2,Automne,1
2020-09-16,2020,T3,9,septembre,2020-09,38,16,3,Automne,1
2020-09-17,2020,T3,9,septembre,2020-09,38,17,4,Automne,1
2020-09-18,2020,T3,9,septembre,2020-09,38,18,5,Automne,1
2020-09-19,2020,T3,9,septembre,2020-09,38,19,6,Automne,0
2020-09-20,2020,T3,9,septembre,2020-09,38,20,7,Automne,0
2020-09-21,2020,T3,9,septembre,2020-09,39,21,1,Automne,1
2020-09-22,2020,T3,9,septembre,2020-09,39,22,2,Automne,1
2020-09-23,2020,T3,9,septembre,2020-09,39,23,3,Automne,1
2020-09-24,2020,T3,9,septembre,2020-09,39,24,4,Automne,1
2020-09-25,2020,T3,9,septembre,2020-09,39,25,5,Automne,1
2020-09-26,2020,T3,9,septembre,2020-09,39,26,6,Automne,0
2020-09-27,2020,T3,9,septembre,2020-09,39,27,7,Automne,0
2020-09-28,2020,T3,9,septembre,2020-09,40,28,1,Automne,1
2020-09-29,2020,T3,9,septembre,2020-09,40,29,2,Automne,1
2020-09-30,2020,T3,9,septembre,2020-09,40,30,3,Automne,1
2020-10-01,2020,T4,10,octobre,2020-10,40,1,4,Automne,1
2020-10-02,2020,T4,10,octobre,2020-10,40,2,5,Automne,1
2020-10-03,2020,T4,10,octobre,2020-10,40,3,6,Automne,0
2020-10-04,2020,T4,10,octobre,2020-10,40,4,7,Automne,0
2020-10-05,2020,T4,10,octobre,2020-10,41,5,1,Automne,1
2020-10-06,2020,T4,10,octobre,2020-10,41,6,2,Automne,1
2020-10-07,2020,T4,10,octobre,2020-10,41,7,3,Automne,1
2020-10-08,2020,T4,10,octobre,2020-10,41,8,4,Automne,1
2020-10-09,2020,T4,10,octobre,2020-10,41,9,5,Automne,1
2020-10-10,2020,T4,10,octobre,2020-10,41,10,6,Automne,0
2020-10-11,2020,T4,10,octobre,2020-10,41,11,7,Automne,0
2020-10-12,2020,T4,10,octobre,2020-10,42,12,1,Automne,1
2020-10-13,2020,T4,10,octobre,2020-10,42,13,2,Automne,1
2020-10-14,2020,T4,10,octobre,2020-10,42,14,3,Automne,1
2020-10-15,2020,T4,10,octobre,2020-10,42,15,4,Automne,1
2020-10-16,2020,T4,10,octobre,2020-10,42,16,5,Automne,1
2020-10-17,2020,T4,10,octobre,2020-10,42,17,6,Automne,0
2020-10-18,2020,T4,10,octobre,2020-10,42,18,7,Automne,0
2020-10-19,2020,T4,10,octobre,2020-10,43,19,1,Automne,1
2020-10-20,2020,T4,10,octobre,2020-10,43,20,2,Automne,1
2020-10-21,2020,T4,10,octobre,2020-10,43,21,3,Automne,1
2020-10-22,2020,T4,10,octobre,2020-10,43,22,4,Automne,1
2020-10-23,2020,T4,10,octobre,2020-10,43,23,5,Automne,1
2020-10-24,2020,T4,10,octobre,2020-10,43,24,6,Automne,0
2020-10-25,2020,T4,10,octobre,2020-10,43,25,7,Automne,0
2020-10-26,2020,T4,10,octobre,2020-10,44,26,1,Automne,1
2020-10-27,2020,T4,10,octobre,2020-10,44,27,2,Automne,1
2020-10-28,2020,T4,10,octobre,2020-10,44,28,3,Automne,1
2020-10-29,2020,T4,10,octobre,2020-10,44,29,4,Automne,1
2020-10-30,2020,T4,10,octobre,2020-10,44,30,5,Automne,1
2020-10-31,2020,T4,10,octobre,2020-10,44,31,6,Automne,0
2020-11-01,2020,T4,11,novembre,2020-11,44,1,7,Automne,0
2020-11-02,2020,T4,11,novembre,2020-11,45,2,1,Automne,1
2020-11-03,2020,T4,11,novembre,2020-11,45,3,2,Automne,1
2020-11-04,2020,T4,11,novembre,2020-11,45,4,3,Automne,1
2020-11-05,2020,T4,11,novembre,2020-11,45,5,4,Automne,1
2020-11-06,2020,T4,11,novembre,2020-11,45,6,5,Automne,1
2020-11-07,2020,T4,11,novembre,2020-11,45,7,6,Automne,0
2020-11-08,2020,T4,11,novembre,2020-11,45,8,7,Automne,0
2020-11-09,2020,T4,11,novembre,2020-11,46,9,1,Automne,1
2020-11-10,2020,T4,11,novembre,2020-11,46,10,2,Automne,1
2020-11-11,2020,T4,11,novembre,2020-11,46,11,3,Automne,1
2020-11-12,2020,T4,11,novembre,2020-11,46,12,4,Automne,1
2020-11-13,2020,T4,11,novembre,2020-11,46,13,5,Automne,1
2020-11-14,2020,T4,11,novembre,2020-11,46,14,6,Automne,0
2020-11-15,2020,T4,11,novembre,2020-11,46,15,7,Automne,0
2020-11-16,2020,T4,11,novembre,2020-11,47,16,1,Automne,1
2020-11-17,2020,T4,11,novembre,2020-11,47,17,2,Automne,1
2020-11-18,2020,T4,11,novembre,2020-11,47,18,3,Automne,1
2020-11-19,2020,T4,11,novembre,2020-11,47,19,4,Automne,1
2020-11-20,2020,T4,11,novembre,2020-11,47,20,5,Automne,1
2020-11-21,2020,T4,11,novembre,2020-11,47,21,6,Automne,0
2020-11-22,2020,T4,11,novembre,2020-11,47,22,7,Automne,0
2020-11-23,2020,T4,11,novembre,2020-11,48,23,1,Automne,1
2020-11-24,2020,T4,11,novembre,2020-11,48,24,2,Automne,1
2020-11-25,2020,T4,11,novembre,2020-11,48,25,3,Automne,1
2020-11-26,2020,T4,11,novembre,2020-11,48,26,4,Automne,1
2020-11-27,2020,T4,11,novembre,2020-11,48,27,5,Automne,1
2020-11-28,2020,T4,11,novembre,2020-11,48,28,6,Automne,0
2020-11-29,2020,T4,11,novembre,2020-11,48,29,7,Automne,0
2020-11-30,2020,T4,11,novembre,2020-11,49,30,1,Automne,1
2020-12-01,2020,T4,12,décembre,2020-12,49,1,2,Hiver,1
2020-12-02,2020,T4,12,décembre,2020-12,49,2,3,Hiver,1
2020-12-03,2020,T4,12,décembre,2020-12,49,3,4,Hiver,1
2020-12-04,2020,T4,12,décembre,2020-12,49,4,5,Hiver,1
2020-12-05,2020,T4,12,décembre,2020-12,49,5,6,Hiver,0
2020-12-06,2020,T4,12,décembre,2020-12,49,6,7,Hiver,0
2020-12-07,2020,T4,12,décembre,2020-12,50,7,1,Hiver,1
2020-12-08,2020,T4,12,décembre,2020-12,50,8,2,Hiver,1
2020-12-09,2020,T4,12,décembre,2020-12,50,9,3,Hiver,1
2020-12-10,2020,T4,12,décembre,2020-12,50,10,4,Hiver,1
2020-12-11,2020,T4,12,décembre,2020-12,50,11,5,Hiver,1
2020-12-12,2020,T4,12,décembre,2020-12,50,12,6,Hiver,0
2020-12-13,2020,T4,12,décembre,2020-12,50,13,7,Hiver,0
2020-12-14,2020,T4,12,décembre,2020-12,51,14,1,Hiver,1
2020-12-15,2020,T4,12,décembre,2020-12,51,15,2,Hiver,1
2020-12-16,2020,T4,12,décembre,2020-12,51,16,3,Hiver,1
2020-12-17,2020,T4,12,décembre,2020-12,51,17,4,Hiver,1
2020-12-18,2020,T4,12,décembre,2020-12,51,18,5,Hiver,1
2020-12-19,2020,T4,12,décembre,2020-12,51,19,6,Hiver,0
2020-12-20,2020,T4,12,décembre,2020-12,51,20,7,Hiver,0
2020-12-21,2020,T4,12,décembre,2020-12,52,21,1,Hiver,1
2020-12-22,2020,T4,12,décembre,2020-12,52,22,2,Hiver,1
2020-12-23,2020,T4,12,décembre,2020-12,52,23,3,Hiver,1
2020-12-24,2020,T4,12,décembre,2020-12,52,24,4,Hiver,1
2020-12-25,2020,T4,12,décembre,2020-12,52,25,5,Hiver,1
2020-12-26,2020,T4,12,décembre,2020-12,52,26,6,Hiver,0
2020-12-27,2020,T4,12,décembre,2020-12,52,27,7,Hiver,0
2020-12-28,2020,T4,12,décembre,2020-12,53,28,1,Hiver,1
2020-12-29,2020,T4,12,décembre,2020-12,53,29,2,Hiver,1
2020-12-30,2020,T4,12,décembre,2020-12,53,30,3,Hiver,1
2020-12-31,2020,T4,12,décembre,2020-12,53,31,4,Hiver,1
2021-01-01,2021,T1,1,janvier,2021-01,53,1,5,Hiver,1
2021-01-02,2021,T1,1,janvier,2021-01,53,2,6,Hiver,0
2021-01-03,2021,T1,1,janvier,2021-01,53,3,7,Hiver,0
2021-01-04,2021,T1,1,janvier,2021-01,1,4,1,Hiver,1
2021-01-05,2021,T1,1,janvier,2021-01,1,5,2,Hiver,1
2021-01-06,2021,T1,1,janvier,2021-01,1,6,3,Hiver,1
2021-01-07,2021,T1,1,janvier,2021-01,1,7,4,Hiver,1
2021-01-08,2021,T1,1,janvier,2021-01,1,8,5,Hiver,1
2021-01-09,2021,T1,1,janvier,2021-01,1,9,6,Hiver,0
2021-01-10,2021,T1,1,janvier,2021-01,1,10,7,Hiver,0
2021-01-11,2021,T1,1,janvier,2021-01,2,11,1,Hiver,1
2021-01-12,2021,T1,1,janvier,2021-01,2,12,2,Hiver,1
2021-01-13,2021,T1,1,janvier,2021-01,2,13,3,Hiver,1
2021-01-14,2021,T1,1,janvier,2021-01,2,14,4,Hiver,1
2021-01-15,2021,T1,1,janvier,2021-01,2,15,5,Hiver,1
2021-01-16,2021,T1,1,janvier,2021-01,2,16,6,Hiver,0
2021-01-17,2021,T1,1,janvier,2021-01,2,17,7,Hiver,0
2021-01-18,2021,T1,1,janvier,2021-01,3,18,1,Hiver,1
2021-01-19,2021,T1,1,janvier,2021-01,3,19,2,Hiver,1
2021-01-20,2021,T1,1,janvier,2021-01,3,20,3,Hiver,1
2021-01-21,2021,T1,1,janvier,2021-01,3,21,4,Hiver,1
2021-01-22,2021,T1,1,janvier,2021-01,3,22,5,Hiver,1
2021-01-23,2021,T1,1,janvier,2021-01,3,23,6,Hiver,0
2021-01-24,2021,T1,1,janvier,2021-01,3,24,7,Hiver,0
2021-01-25,2021,T1,1,janvier,2021-01,4,25,1,Hiver,1
2021-01-26,2021,T1,1,janvier,2021-01,4,26,2,Hiver,1
2021-01-27,2021,T1,1,janvier,2021-01,4,27,3,Hiver,1
2021-01-28,2021,T1,1,janvier,2021-01,4,28,4,Hiver,1
2021-01-29,2021,T1,1,janvier,2021-01,4,29,5,Hiver,1
2021-01-30,2021,T1,1,janvier,2021-01,4,30,6,Hiver,0
2021-01-31,2021,T1,1,janvier,2021-01,4,31,7,Hiver,0
2021-02-01,2021,T1,2,février,2021-02,5,1,1,Hiver,1
2021-02-02,2021,T1,2,février,2021-02,5,2,2,Hiver,1
2021-02-03,2021,T1,2,février,2021-02,5,3,3,Hiver,1
2021-02-04,2021,T1,2,février,2021-02,5,4,4,Hiver,1
2021-02-05,2021,T1,2,février,2021-02,5,5,5,Hiver,1
2021-02-06,2021,T1,2,février,2021-02,5,6,6,Hiver,0
2021-02-07,2021,T1,2,février,2021-02,5,7,7,Hiver,0
2021-02-08,2021,T1,2,février,2021-02,6,8,1,Hiver,1
2021-02-09,2021,T1,2,février,2021-02,6,9,2,Hiver,1
2021-02-10,2021,T1,2,février,2021-02,6,10,3,Hiver,1
2021-02-11,2021,T1,2,février,2021-02,6,11,4,Hiver,1
2021-02-12,2021,T1,2,février,2021-02,6,12,5,Hiver,1
2021-02-13,2021,T1,2,février,2021-02,6,13,6,Hiver,0
2021-02-14,2021,T1,2,février,2021-02,6,14,7,Hiver,0
2021-02-15,2021,T1,2,février,2021-02,7,15,1,Hiver,1
2021-02-16,2021,T1,2,février,2021-02,7,16,2,Hiver,1
2021-02-17,2021,T1,2,février,2021-02,7,17,3,Hiver,1
2021-02-18,2021,T1,2,février,2021-02,7,18,4,Hiver,1
2021-02-19,2021,T1,2,février,2021-02,7,19,5,Hiver,1
2021-02-20,2021,T1,2,février,2021-02,7,20,6,Hiver,0
2021-02-21,2021,T1,2,février,2021-02,7,21,7,Hiver,0
2021-02-22,2021,T1,2,février,2021-02,8,22,1,Hiver,1
2021-02-23,2021,T1,2,février,2021-02,8,23,2,Hiver,1
2021-02-24,2021,T1,2,février,2021-02,8,24,3,Hiver,1
2021-02-25,2021,T1,2,février,2021-02,8,25,4,Hiver,1
2021-02-26,2021,T1,2,février,2021-02,8,26,5,Hiver,1
2021-02-27,2021,T1,2,février,2021-02,8,27,6,Hiver,0
2021-02-28,2021,T1,2,février,2021-02,8,28,7,Hiver,0
2021-03-01,2021,T1,3,mars,2021-03,9,1,1,Printemps,1
2021-03-02,2021,T1,3,mars,2021-03,9,2,2,Printemps,1
2021-03-03,2021,T1,3,mars,2021-03,9,3,3,Printemps,1
2021-03-04,2021,T1,3,mars,2021-03,9,4,4,Printemps,1
2021-03-05,2021,T1,3,mars,2021-03,9,5,5,Printemps,1
2021-03-06,2021,T1,3,mars,2021-03,9,6,6,Printemps,0
2021-03-07,2021,T1,3,mars,2021-03,9,7,7,Printemps,0
2021-03-08,2021,T1,3,mars,2021-03,10,8,1,Printemps,1
2021-03-09,2021,T1,3,mars,2021-03,10,9,2,Printemps,1
2021-03-10,2021,T1,3,mars,2021-03,10,10,3,Printemps,1
2021-03-11,2021,T1,3,mars,2021-03,10,11,4,Printemps,1
2021-03-12,2021,T1,3,mars,2021-03,10,12,5,Printemps,1
2021-03-13,2021,T1,3,mars,2021-03,10,13,6,Printemps,0
2021-03-14,2021,T1,3,mars,2021-03,10,14,7,Printemps,0
2021-03-15,2021,T1,3,mars,2021-03,11,15,1,Printemps,1
2021-03-16,2021,T1,3,mars,2021-03,11,16,2,Printemps,1
2021-03-17,2021,T1,3,mars,2021-03,11,17,3,Printemps,1
2021-03-18,2021,T1,3,mars,2021-03,11,18,4,Printemps,1
2021-03-19,2021,T1,3,mars,2021-03,11,19,5,Printemps,1
2021-03-20,2021,T1,3,mars,2021-03,11,20,6,Printemps,0
2021-03-21,2021,T1,3,mars,2021-03,11,21,7,Printemps,0
2021-03-22,2021,T1,3,mars,2021-03,12,22,1,Printemps,1
2021-03-23,2021,T1,3,mars,2021-03,12,23,2,Printemps,1
2021-03-24,2021,T1,3,mars,2021-03,12,24,3,Printemps,1
2021-03-25,2021,T1,3,mars,2021-03,12,25,4,Printemps,1
2021-03-26,2021,T1,3,mars,2021-03,12,26,5,Printemps,1
2021-03-27,2021,T1,3,mars,2021-03,12,27,6,Printemps,0
2021-03-28,2021,T1,3,mars,2021-03,12,28,7,Printemps,0
2021-03-29,2021,T1,3,mars,2021-03,13,29,1,Printemps,1
2021-03-30,2021,T1,3,mars,2021-03,13,30,2,Printemps,1
2021-03-31,2021,T1,3,mars,2021-03,13,31,3,Printemps,1
2021-04-01,2021,T2,4,avril,2021-04,13,1,4,Printemps,1
2021-04-02,2021,T2,4,avril,2021-04,13,2,5,Printemps,1
2021-04-03,2021,T2,4,avril,2021-04,13,3,6,Printemps,0
2021-04-04,2021,T2,4,avril,2021-04,13,4,7,Printemps,0
2021-04-05,2021,T2,4,avril,2021-04,14,5,1,Printemps,1
2021-04-06,2021,T2,4,avril,2021-04,14,6,2,Printemps,1
2021-04-07,2021,T2,4,avril,2021-04,14,7,3,Printemps,1
2021-04-08,2021,T2,4,avril,2021-04,14,8,4,Printemps,1
2021-04-09,2021,T2,4,avril,2021-04,14,9,5,Printemps,1
2021-04-10,2021,T2,4,avril,2021-04,14,10,6,Printemps,0
2021-04-11,2021,T2,4,avril,2021-04,14,11,7,Printemps,0
2021-04-12,2021,T2,4,avril,2021-04,15,12,1,Printemps,1
2021-04-13,2021,T2,4,avril,2021-04,15,13,2,Printemps,1
2021-04-14,2021,T2,4,avril,2021-04,15,14,3,Printemps,1
2021-04-15,2021,T2,4,avril,2021-04,15,15,4,Printemps,1
2021-04-16,2021,T2,4,avril,2021-04,15,16,5,Printemps,1
2021-04-17,2021,T2,4,avril,2021-04,15,17,6,Printemps,0
2021-04-18,2021,T2,4,avril,2021-04,15,18,7,Printemps,0
2021-04-19,2021,T2,4,avril,2021-04,16,19,1,Printemps,1
2021-04-20,2021,T2,4,avril,2021-04,16,20,2,Printemps,1
2021-04-21,2021,T2,4,avril,2021-04,16,21,3,Printemps,1
2021-04-22,2021,T2,4,avril,2021-04,16,22,4,Printemps,1
2021-04-23,2021,T2,4,avril,2021-04,16,23,5,Printemps,1
2021-04-24,2021,T2,4,avril,2021-04,16,24,6,Printemps,0
2021-04-25,2021,T2,4,avril,2021-04,16,25,7,Printemps,0
2021-04-26,2021,T2,4,avril,2021-04,17,26,1,Printemps,1
2021-04-27,2021,T2,4,avril,2021-04,17,27,2,Printemps,1
2021-04-28,2021,T2,4,avril,2021-04,17,28,3,Printemps,1
2021-04-29,2021,T2,4,avril,2021-04,17,29,4,Printemps,1
2021-04-30,2021,T2,4,avril,2021-04,17,30,5,Printemps,1
2021-05-01,2021,T2,5,mai,2021-05,17,1,6,Printemps,0
2021-05-02,2021,T2,5,mai,2021-05,17,2,7,Printemps,0
2021-05-03,2021,T2,5,mai,2021-05,18,3,1,Printemps,1
2021-05-04,2021,T2,5,mai,2021-05,18,4,2,Printemps,1
2021-05-05,2021,T2,5,mai,2021-05,18,5,3,Printemps,1
2021-05-06,2021,T2,5,mai,2021-05,18,6,4,Printemps,1
2021-05-07,2021,T2,5,mai,2021-05,18,7,5,Printemps,1
2021-05-08,2021,T2,5,mai,2021-05,18,8,6,Printemps,0
2021-05-09,2021,T2,5,mai,2021-05,18,9,7,Printemps,0
2021-05-10,2021,T2,5,mai,2021-05,19,10,1,Printemps,1
2021-05-11,2021,T2,5,mai,2021-05,19,11,2,Printemps,1
2021-05-12,2021,T2,5,mai,2021-05,19,12,3,Printemps,1
2021-05-13,2021,T2,5,mai,2021-05,19,13,4,Printemps,1
2021-05-14,2021,T2,5,mai,2021-05,19,14,5,Printemps,1
2021-05-15,2021,T2,5,mai,2021-05,19,15,6,Printemps,0
2021-05-16,2021,T2,5,mai,2021-05,19,16,7,Printemps,0
2021-05-17,2021,T2,5,mai,2021-05,20,17,1,Printemps,1
2021-05-18,2021,T2,5,mai,2021-05,20,18,2,Printemps,1
2021-05-19,2021,T2,5,mai,2021-05,20,19,3,Printemps,1
2021-05-20,2021,T2,5,mai,2021-05,20,20,4,Printemps,1
2021-05-21,2021,T2,5,mai,2021-05,20,21,5,Printemps,1
2021-05-22,2021,T2,5,mai,2021-05,20,22,6,Printemps,0
2021-05-23,2021,T2,5,mai,2021-05,20,23,7,Printemps,0
2021-05-24,2021,T2,5,mai,2021-05,21,24,1,Printemps,1
2021-05-25,2021,T2,5,mai,2021-05,21,25,2,Printemps,1
2021-05-26,2021,T2,5,mai,2021-05,21,26,3,Printemps,1
2021-05-27,2021,T2,5,mai,2021-05,21,27,4,Printemps,1
2021-05-28,2021,T2,5,mai,2021-05,21,28,5,Printemps,1
2021-05-29,2021,T2,5,mai,2021-05,21,29,6,Printemps,0
2021-05-30,2021,T2,5,mai,2021-05,21,30,7,Printemps,0
2021-05-31,2021,T2,5,mai,2021-05,22,31,1,Printemps,1
2021-06-01,2021,T2,6,juin,2021-06,22,1,2,Été,1
2021-06-02,2021,T2,6,juin,2021-06,22,2,3,Été,1
2021-06-03,2021,T2,6,juin,2021-06,22,3,4,Été,1
2021-06-04,2021,T2,6,juin,2021-06,22,4,5,Été,1
2021-06-05,2021,T2,6,juin,2021-06,22,5,6,Été,0
2021-06-06,2021,T2,6,juin,2021-06,22,6,7,Été,0
2021-06-07,2021,T2,6,juin,2021-06,23,7,1,Été,1
2021-06-08,2021,T2,6,juin,2021-06,23,8,2,Été,1
2021-06-09,2021,T2,6,juin,2021-06,23,9,3,Été,1
2021-06-10,2021,T2,6,juin,2021-06,23,10,4,Été,1
2021-06-11,2021,T2,6,juin,2021-06,23,11,5,Été,1
2021-06-12,2021,T2,6,juin,2021-06,23,12,6,Été,0
2021-06-13,2021,T2,6,juin,2021-06,23,13,7,Été,0
2021-06-14,2021,T2,6,juin,2021-06,24,14,1,Été,1
2021-06-15,2021,T2,6,juin,2021-06,24,15,2,Été,1
2021-06-16,2021,T2,6,juin,2021-06,24,16,3,Été,1
2021-06-17,2021,T2,6,juin,2021-06,24,17,4,Été,1
2021-06-18,2021,T2,6,juin,2021-06,24,18,5,Été,1
2021-06-19,2021,T2,6,juin,2021-06,24,19,6,Été,0
2021-06-20,2021,T2,6,juin,2021-06,24,20,7,Été,0
2021-06-21,2021,T2,6,juin,2021-06,25,21,1,Été,1
2021-06-22,2021,T2,6,juin,2021-06,25,22,2,Été,1
2021-06-23,2021,T2,6,juin,2021-06,25,23,3,Été,1
2021-06-24,2021,T2,6,juin,2021-06,25,24,4,Été,1
2021-06-25,2021,T2,6,juin,2021-06,25,25,5,Été,1
2021-06-26,2021,T2,6,juin,2021-06,25,26,6,Été,0
2021-06-27,2021,T2,6,juin,2021-06,25,27,7,Été,0
2021-06-28,2021,T2,6,juin,2021-06,26,28,1,Été,1
2021-06-29,2021,T2,6,juin,2021-06,26,29,2,Été,1
2021-06-30,2021,T2,6,juin,2021-06,26,30,3,Été,1
2021-07-01,2021,T3,7,juillet,2021-07,26,1,4,Été,1
2021-07-02,2021,T3,7,juillet,2021-07,26,2,5,Été,1
2021-07-03,2021,T3,7,juillet,2021-07,26,3,6,Été,0
2021-07-04,2021,T3,7,juillet,2021-07,26,4,7,Été,0
2021-07-05,2021,T3,7,juillet,2021-07,27,5,1,Été,1
2021-07-06,2021,T3,7,juillet,2021-07,27,6,2,Été,1
2021-07-07,2021,T3,7,juillet,2021-07,27,7,3,Été,1
2021-07-08,2021,T3,7,juillet,2021-07,27,8,4,Été,1
2021-07-09,2021,T3,7,juillet,2021-07,27,9,5,Été,1
2021-07-10,2021,T3,7,juillet,2021-07,27,10,6,Été,0
2021-07-11,2021,T3,7,juillet,2021-07,27,11,7,Été,0
2021-07-12,2021,T3,7,juillet,2021-07,28,12,1,Été,1
2021-07-13,2021,T3,7,juillet,2021-07,28,13,2,Été,1
2021-07-14,2021,T3,7,juillet,2021-07,28,14,3,Été,1
2021-07-15,2021,T3,7,juillet,2021-07,28,15,4,Été,1
2021-07-16,2021,T3,7,juillet,2021-07,28,16,5,Été,1
2021-07-17,2021,T3,7,juillet,2021-07,28,17,6,Été,0
2021-07-18,2021,T3,7,juillet,2021-07,28,18,7,Été,0
2021-07-19,2021,T3,7,juillet,2021-07,29,19,1,Été,1
2021-07-20,2021,T3,7,juillet,2021-07,29,20,2,Été,1
2021-07-21,2021,T3,7,juillet,2021-07,29,21,3,Été,1
2021-07-22,2021,T3,7,juillet,2021-07,29,22,4,Été,1
2021-07-23,2021,T3,7,juillet,2021-07,29,23,5,Été,1
2021-07-24,2021,T3,7,juillet,2021-07,29,24,6,Été,0
2021-07-25,2021,T3,7,juillet,2021-07,29,25,7,Été,0
2021-07-26,2021,T3,7,juillet,2021-07,30,26,1,Été,1
2021-07-27,2021,T3,7,juillet,2021-07,30,27,2,Été,1
2021-07-28,2021,T3,7,juillet,2021-07,30,28,3,Été,1
2021-07-29,2021,T3,7,juillet,2021-07,30,29,4,Été,1
2021-07-30,2021,T3,7,juillet,2021-07,30,30,5,Été,1
2021-07-31,2021,T3,7,juillet,2021-07,30,31,6,Été,0
2021-08-01,2021,T3,8,août,2021-08,30,1,7,Été,0
2021-08-02,2021,T3,8,août,2021-08,31,2,1,Été,1
2021-08-03,2021,T3,8,août,2021-08,31,3,2,Été,1
2021-08-04,2021,T3,8,août,2021-08,31,4,3,Été,1
2021-08-05,2021,T3,8,août,2021-08,31,5,4,Été,1
2021-08-06,2021,T3,8,août,2021-08,31,6,5,Été,1
2021-08-07,2021,T3,8,août,2021-08,31,7,6,Été,0
2021-08-08,2021,T3,8,août,2021-08,31,8,7,Été,0
2021-08-09,2021,T3,8,août,2021-08,32,9,1,Été,1
2021-08-10,2021,T3,8,août,2021-08,32,10,2,Été,1
2021-08-11,2021,T3,8,août,2021-08,32,11,3,Été,1
2021-08-12,2021,T3,8,août,2021-08,32,12,4,Été,1
2021-08-13,2021,T3,8,août,2021-08,32,13,5,Été,1
2021-08-14,2021,T3,8,août,2021-08,32,14,6,Été,0
2021-08-15,2021,T3,8,août,2021-08,32,15,7,Été,0
2021-08-16,2021,T3,8,août,2021-08,33,16,1,Été,1
2021-08-17,2021,T3,8,août,2021-08,33,17,2,Été,1
2021-08-18,2021,T3,8,août,2021-08,33,18,3,Été,1
2021-08-19,2021,T3,8,août,2021-08,33,19,4,Été,1
2021-08-20,2021,T3,8,août,2021-08,33,20,5,Été,1
2021-08-21,2021,T3,8,août,2021-08,33,21,6,Été,0
2021-08-22,2021,T3,8,août,2021-08,33,22,7,Été,0
2021-08-23,2021,T3,8,août,2021-08,34,23,1,Été,1
2021-08-24,2021,T3,8,août,2021-08,34,24,2,Été,1
2021-08-25,2021,T3,8,août,2021-08,34,25,3,Été,1
2021-08-26,2021,T3,8,août,2021-08,34,26,4,Été,1
2021-08-27,2021,T3,8,août,2021-08,34,27,5,Été,1
2021-08-28,2021,T3,8,août,2021-08,34,28,6,Été,0
2021-08-29,2021,T3,8,août,2021-08,34,29,7,Été,0
2021-08-30,2021,T3,8,août,2021-08,35,30,1,Été,1
2021-08-31,2021,T3,8,août,2021-08,35,31,2,Été,1
2021-09-01,2021,T3,9,septembre,2021-09,35,1,3,Automne,1
2021-09-02,2021,T3,9,septembre,2021-09,35,2,4,Automne,1
2021-09-03,2021,T3,9,septembre,2021-09,35,3,5,Automne,1
2021-09-04,2021,T3,9,septembre,2021-09,35,4,6,Automne,0
2021-09-05,2021,T3,9,septembre,2021-09,35,5,7,Automne,0
2021-09-06,2021,T3,9,septembre,2021-09,36,6,1,Automne,1
2021-09-07,2021,T3,9,septembre,2021-09,36,7,2,Automne,1
2021-09-08,2021,T3,9,septembre,2021-09,36,8,3,Automne,1
2021-09-09,2021,T3,9,septembre,2021-09,36,9,4,Automne,1
2021-09-10,2021,T3,9,septembre,2021-09,36,10,5,Automne,1
2021-09-11,2021,T3,9,septembre,2021-09,36,11,6,Automne,0
2021-09-12,2021,T3,9,septembre,2021-09,36,12,7,Automne,0
2021-09-13,2021,T3,9,septembre,2021-09,37,13,1,Automne,1
2021-09-14,2021,T3,9,septembre,2021-09,37,14,2,Automne,1
2021-09-15,2021,T3,9,septembre,2021-09,37,15,3,Automne,1
2021-09-16,2021,T3,9,septembre,2021-09,37,16,4,Automne,1
2021-09-17,2021,T3,9,septembre,2021-09,37,17,5,Automne,1
2021-09-18,2021,T3,9,septembre,2021-09,37,18,6,Automne,0
2021-09-19,2021,T3,9,septembre,2021-09,37,19,7,Automne,0
2021-09-20,2021,T3,9,septembre,2021-09,38,20,1,Automne,1
2021-09-21,2021,T3,9,septembre,2021-09,38,21,2,Automne,1
2021-09-22,2021,T3,9,septembre,2021-09,38,22,3,Automne,1
2021-09-23,2021,T3,9,septembre,2021-09,38,23,4,Automne,1
2021-09-24,2021,T3,9,septembre,2021-09,38,24,5,Automne,1
2021-09-25,2021,T3,9,septembre,2021-09,38,25,6,Automne,0
2021-09-26,2021,T3,9,septembre,2021-09,38,26,7,Automne,0
2021-09-27,2021,T3,9,septembre,2021-09,39,27,1,Automne,1
2021-09-28,2021,T3,9,septembre,2021-09,39,28,2,Automne,1
2021-09-29,2021,T3,9,septembre,2021-09,39,29,3,Automne,1
2021-09-30,2021,T3,9,septembre,2021-09,39,30,4,Automne,1
2021-10-01,2021,T4,10,octobre,2021-10,39,1,5,Automne,1
2021-10-02,2021,T4,10,octobre,2021-10,39,2,6,Automne,0
2021-10-03,2021,T4,10,octobre,2021-10,39,3,7,Automne,0
2021-10-04,2021,T4,10,octobre,2021-10,40,4,1,Automne,1
2021-10-05,2021,T4,10,octobre,2021-10,40,5,2,Automne,1
2021-10-06,2021,T4,10,octobre,2021-10,40,6,3,Automne,1
2021-10-07,2021,T4,10,octobre,2021-10,40,7,4,Automne,1
2021-10-08,2021,T4,10,octobre,2021-10,40,8,5,Automne,1
2021-10-09,2021,T4,10,octobre,2021-10,40,9,6,Automne,0
2021-10-10,2021,T4,10,octobre,2021-10,40,10,7,Automne,0
2021-10-11,2021,T4,10,octobre,2021-10,41,11,1,Automne,1
2021-10-12,2021,T4,10,octobre,2021-10,41,12,2,Automne,1
2021-10-13,2021,T4,10,octobre,2021-10,41,13,3,Automne,1
2021-10-14,2021,T4,10,octobre,2021-10,41,14,4,Automne,1
2021-10-15,2021,T4,10,octobre,2021-10,41,15,5,Automne,1
2021-10-16,2021,T4,10,octobre,2021-10,41,16,6,Automne,0
2021-10-17,2021,T4,10,octobre,2021-10,41,17,7,Automne,0
2021-10-18,2021,T4,10,octobre,2021-10,42,18,1,Automne,1
2021-10-19,2021,T4,10,octobre,2021-10,42,19,2,Automne,1
2021-10-20,2021,T4,10,octobre,2021-10,42,20,3,Automne,1
2021-10-21,2021,T4,10,octobre,2021-10,42,21,4,Automne,1
2021-10-22,2021,T4,10,octobre,2021-10,42,22,5,Automne,1
2021-10-23,2021,T4,10,octobre,2021-10,42,23,6,Automne,0
2021-10-24,2021,T4,10,octobre,2021-10,42,24,7,Automne,0
2021-10-25,2021,T4,10,octobre,2021-10,43,25,1,Automne,1
2021-10-26,2021,T4,10,octobre,2021-10,43,26,2,Automne,1
2021-10-27,2021,T4,10,octobre,2021-10,43,27,3,Automne,1
2021-10-28,2021,T4,10,octobre,2021-10,43,28,4,Automne,1
2021-10-29,2021,T4,10,octobre,2021-10,43,29,5,Automne,1
2021-10-30,2021,T4,10,octobre,2021-10,43,30,6,Automne,0
2021-10-31,2021,T4,10,octobre,2021-10,43,31,7,Automne,0
2021-11-01,2021,T4,11,novembre,2021-11,44,1,1,Automne,1
2021-11-02,2021,T4,11,novembre,2021-11,44,2,2,Automne,1
2021-11-03,2021,T4,11,novembre,2021-11,44,3,3,Automne,1
2021-11-04,2021,T4,11,novembre,2021-11,44,4,4,Automne,1
2021-11-05,2021,T4,11,novembre,2021-11,44,5,5,Automne,1
2021-11-06,2021,T4,11,novembre,2021-11,44,6,6,Automne,0
2021-11-07,2021,T4,11,novembre,2021-11,44,7,7,Automne,0
2021-11-08,2021,T4,11,novembre,2021-11,45,8,1,Automne,1
2021-11-09,2021,T4,11,novembre,2021-11,45,9,2,Automne,1
2021-11-10,2021,T4,11,novembre,2021-11,45,10,3,Automne,1
2021-11-11,2021,T4,11,novembre,2021-11,45,11,4,Automne,1
2021-11-12,2021,T4,11,novembre,2021-11,45,12,5,Automne,1
2021-11-13,2021,T4,11,novembre,2021-11,45,13,6,Automne,0
2021-11-14,2021,T4,11,novembre,2021-11,45,14,7,Automne,0
2021-11-15,2021,T4,11,novembre,2021-11,46,15,1,Automne,1
2021-11-16,2021,T4,11,novembre,2021-11,46,16,2,Automne,1
2021-11-17,2021,T4,11,novembre,2021-11,46,17,3,Automne,1
2021-11-18,2021,T4,11,novembre,2021-11,46,18,4,Automne,1
2021-11-19,2021,T4,11,novembre,2021-11,46,19,5,Automne,1
2021-11-20,2021,T4,11,novembre,2021-11,46,20,6,Automne,0
2021-11-21,2021,T4,11,novembre,2021-11,46,21,7,Automne,0
2021-11-22,2021,T4,11,novembre,2021-11,47,22,1,Automne,1
2021-11-23,2021,T4,11,novembre,2021-11,47,23,2,Automne,1
2021-11-24,2021,T4,11,novembre,2021-11,47,24,3,Automne,1
2021-11-25,2021,T4,11,novembre,2021-11,47,25,4,Automne,1
2021-11-26,2021,T4,11,novembre,2021-11,47,26,5,Automne,1
2021-11-27,2021,T4,11,novembre,2021-11,47,27,6,Automne,0
2021-11-28,2021,T4,11,novembre,2021-11,47,28,7,Automne,0
2021-11-29,2021,T4,11,novembre,2021-11,48,29,1,Automne,1
2021-11-30,2021,T4,11,novembre,2021-11,48,30,2,Automne,1
2021-12-01,2021,T4,12,décembre,2021-12,48,1,3,Hiver,1
2021-12-02,2021,T4,12,décembre,2021-12,48,2,4,Hiver,1
2021-12-03,2021,T4,12,décembre,2021-12,48,3,5,Hiver,1
2021-12-04,2021,T4,12,décembre,2021-12,48,4,6,Hiver,0
2021-12-05,2021,T4,12,décembre,2021-12,48,5,7,Hiver,0
2021-12-06,2021,T4,12,décembre,2021-12,49,6,1,Hiver,1
2021-12-07,2021,T4,12,décembre,2021-12,49,7,2,Hiver,1
2021-12-08,2021,T4,12,décembre,2021-12,49,8,3,Hiver,1
2021-12-09,2021,T4,12,décembre,2021-12,49,9,4,Hiver,1
2021-12-10,2021,T4,12,décembre,2021-12,49,10,5,Hiver,1
2021-12-11,2021,T4,12,décembre,2021-12,49,11,6,Hiver,0
2021-12-12,2021,T4,12,décembre,2021-12,49,12,7,Hiver,0
2021-12-13,2021,T4,12,décembre,2021-12,50,13,1,Hiver,1
2021-12-14,2021,T4,12,décembre,2021-12,50,14,2,Hiver,1
2021-12-15,2021,T4,12,décembre,2021-12,50,15,3,Hiver,1
2021-12-16,2021,T4,12,décembre,2021-12,50,16,4,Hiver,1
2021-12-17,2021,T4,12,décembre,2021-12,50,17,5,Hiver,1
2021-12-18,2021,T4,12,décembre,2021-12,50,18,6,Hiver,0
2021-12-19,2021,T4,12,décembre,2021-12,50,19,7,Hiver,0
2021-12-20,2021,T4,12,décembre,2021-12,51,20,1,Hiver,1
2021-12-21,2021,T4,12,décembre,2021-12,51,21,2,Hiver,1
2021-12-22,2021,T4,12,décembre,2021-12,51,22,3,Hiver,1
2021-12-23,2021,T4,12,décembre,2021-12,51,23,4,Hiver,1
2021-12-24,2021,T4,12,décembre,2021-12,51,24,5,Hiver,1
2021-12-25,2021,T4,12,décembre,2021-12,51,25,6,Hiver,0
2021-12-26,2021,T4,12,décembre,2021-12,51,26,7,Hiver,0
2021-12-27,2021,T4,12,décembre,2021-12,52,27,1,Hiver,1
2021-12-28,2021,T4,12,décembre,2021-12,52,28,2,Hiver,1
2021-12-29,2021,T4,12,décembre,2021-12,52,29,3,Hiver,1
2021-12-30,2021,T4,12,décembre,2021-12,52,30,4,Hiver,1
2021-12-31,2021,T4,12,décembre,2021-12,52,31,5,Hiver,1
2022-01-01,2022,T1,1,janvier,2022-01,52,1,6,Hiver,0
2022-01-02,2022,T1,1,janvier,2022-01,52,2,7,Hiver,0
2022-01-03,2022,T1,1,janvier,2022-01,1,3,1,Hiver,1
2022-01-04,2022,T1,1,janvier,2022-01,1,4,2,Hiver,1
2022-01-05,2022,T1,1,janvier,2022-01,1,5,3,Hiver,1
2022-01-06,2022,T1,1,janvier,2022-01,1,6,4,Hiver,1
2022-01-07,2022,T1,1,janvier,2022-01,1,7,5,Hiver,1
2022-01-08,2022,T1,1,janvier,2022-01,1,8,6,Hiver,0
2022-01-09,2022,T1,1,janvier,2022-01,1,9,7,Hiver,0
2022-01-10,2022,T1,1,janvier,2022-01,2,10,1,Hiver,1
2022-01-11,2022,T1,1,janvier,2022-01,2,11,2,Hiver,1
2022-01-12,2022,T1,1,janvier,2022-01,2,12,3,Hiver,1
2022-01-13,2022,T1,1,janvier,2022-01,2,13,4,Hiver,1
2022-01-14,2022,T1,1,janvier,2022-01,2,14,5,Hiver,1
2022-01-15,2022,T1,1,janvier,2022-01,2,15,6,Hiver,0
2022-01-16,2022,T1,1,janvier,2022-01,2,16,7,Hiver,0
2022-01-17,2022,T1,1,janvier,2022-01,3,17,1,Hiver,1
2022-01-18,2022,T1,1,janvier,2022-01,3,18,2,Hiver,1
2022-01-19,2022,T1,1,janvier,2022-01,3,19,3,Hiver,1
2022-01-20,2022,T1,1,janvier,2022-01,3,20,4,Hiver,1
2022-01-21,2022,T1,1,janvier,2022-01,3,21,5,Hiver,1
2022-01-22,2022,T1,1,janvier,2022-01,3,22,6,Hiver,0
2022-01-23,2022,T1,1,janvier,2022-01,3,23,7,Hiver,0
2022-01-24,2022,T1,1,janvier,2022-01,4,24,1,Hiver,1
2022-01-25,2022,T1,1,janvier,2022-01,4,25,2,Hiver,1
2022-01-26,2022,T1,1,janvier,2022-01,4,26,3,Hiver,1
2022-01-27,2022,T1,1,janvier,2022-01,4,27,4,Hiver,1
2022-01-28,2022,T1,1,janvier,2022-01,4,28,5,Hiver,1
2022-01-29,2022,T1,1,janvier,2022-01,4,29,6,Hiver,0
2022-01-30,2022,T1,1,janvier,2022-01,4,30,7,Hiver,0
2022-01-31,2022,T1,1,janvier,2022-01,5,31,1,Hiver,1
2022-02-01,2022,T1,2,février,2022-02,5,1,2,Hiver,1
2022-02-02,2022,T1,2,février,2022-02,5,2,3,Hiver,1
2022-02-03,2022,T1,2,février,2022-02,5,3,4,Hiver,1
2022-02-04,2022,T1,2,février,2022-02,5,4,5,Hiver,1
2022-02-05,2022,T1,2,février,2022-02,5,5,6,Hiver,0
2022-02-06,2022,T1,2,février,2022-02,5,6,7,Hiver,0
2022-02-07,2022,T1,2,février,2022-02,6,7,1,Hiver,1
2022-02-08,2022,T1,2,février,2022-02,6,8,2,Hiver,1
2022-02-09,2022,T1,2,février,2022-02,6,9,3,Hiver,1
2022-02-10,2022,T1,2,février,2022-02,6,10,4,Hiver,1
2022-02-11,2022,T1,2,février,2022-02,6,11,5,Hiver,1
2022-02-12,2022,T1,2,février,2022-02,6,12,6,Hiver,0
2022-02-13,2022,T1,2,février,2022-02,6,13,7,Hiver,0
2022-02-14,2022,T1,2,février,2022-02,7,14,1,Hiver,1
2022-02-15,2022,T1,2,février,2022-02,7,15,2,Hiver,1
2022-02-16,2022,T1,2,février,2022-02,7,16,3,Hiver,1
2022-02-17,2022,T1,2,février,2022-02,7,17,4,Hiver,1
2022-02-18,2022,T1,2,février,2022-02,7,18,5,Hiver,1
2022-02-19,2022,T1,2,février,2022-02,7,19,6,Hiver,0
2022-02-20,2022,T1,2,février,2022-02,7,20,7,Hiver,0
2022-02-21,2022,T1,2,février,2022-02,8,21,1,Hiver,1
2022-02-22,2022,T1,2,février,2022-02,8,22,2,Hiver,1
2022-02-23,2022,T1,2,février,2022-02,8,23,3,Hiver,1
2022-02-24,2022,T1,2,février,2022-02,8,24,4,Hiver,1
2022-02-25,2022,T1,2,février,2022-02,8,25,5,Hiver,1
2022-02-26,2022,T1,2,février,2022-02,8,26,6,Hiver,0
2022-02-27,2022,T1,2,février,2022-02,8,27,7,Hiver,0
2022-02-28,2022,T1,2,février,2022-02,9,28,1,Hiver,1
2022-03-01,2022,T1,3,mars,2022-03,9,1,2,Printemps,1
2022-03-02,2022,T1,3,mars,2022-03,9,2,3,Printemps,1
2022-03-03,2022,T1,3,mars,2022-03,9,3,4,Printemps,1
2022-03-04,2022,T1,3,mars,2022-03,9,4,5,Printemps,1
2022-03-05,2022,T1,3,mars,2022-03,9,5,6,Printemps,0
2022-03-06,2022,T1,3,mars,2022-03,9,6,7,Printemps,0
2022-03-07,2022,T1,3,mars,2022-03,10,7,1,Printemps,1
2022-03-08,2022,T1,3,mars,2022-03,10,8,2,Printemps,1
2022-03-09,2022,T1,3,mars,2022-03,10,9,3,Printemps,1
2022-03-10,2022,T1,3,mars,2022-03,10,10,4,Printemps,1
2022-03-11,2022,T1,3,mars,2022-03,10,11,5,Printemps,1
2022-03-12,2022,T1,3,mars,2022-03,10,12,6,Printemps,0
2022-03-13,2022,T1,3,mars,2022-03,10,13,7,Printemps,0
2022-03-14,2022,T1,3,mars,2022-03,11,14,1,Printemps,1
2022-03-15,2022,T1,3,mars,2022-03,11,15,2,Printemps,1
2022-03-16,2022,T1,3,mars,2022-03,11,16,3,Printemps,1
2022-03-17,2022,T1,3,mars,2022-03,11,17,4,Printemps,1
2022-03-18,2022,T1,3,mars,2022-03,11,18,5,Printemps,1
2022-03-19,2022,T1,3,mars,2022-03,11,19,6,Printemps,0
2022-03-20,2022,T1,3,mars,2022-03,11,20,7,Printemps,0
2022-03-21,2022,T1,3,mars,2022-03,12,21,1,Printemps,1
2022-03-22,2022,T1,3,mars,2022-03,12,22,2,Printemps,1
2022-03-23,2022,T1,3,mars,2022-03,12,23,3,Printemps,1
2022-03-24,2022,T1,3,mars,2022-03,12,24,4,Printemps,1
2022-03-25,2022,T1,3,mars,2022-03,12,25,5,Printemps,1
2022-03-26,2022,T1,3,mars,2022-03,12,26,6,Printemps,0
2022-03-27,2022,T1,3,mars,2022-03,12,27,7,Printemps,0
2022-03-28,2022,T1,3,mars,2022-03,13,28,1,Printemps,1
2022-03-29,2022,T1,3,mars,2022-03,13,29,2,Printemps,1
2022-03-30,2022,T1,3,mars,2022-03,13,30,3,Printemps,1
2022-03-31,2022,T1,3,mars,2022-03,13,31,4,Printemps,1
2022-04-01,2022,T2,4,avril,2022-04,13,1,5,Printemps,1
2022-04-02,2022,T2,4,avril,2022-04,13,2,6,Printemps,0
2022-04-03,2022,T2,4,avril,2022-04,13,3,7,Printemps,0
2022-04-04,2022,T2,4,avril,2022-04,14,4,1,Printemps,1
2022-04-05,2022,T2,4,avril,2022-04,14,5,2,Printemps,1
2022-04-06,2022,T2,4,avril,2022-04,14,6,3,Printemps,1
2022-04-07,2022,T2,4,avril,2022-04,14,7,4,Printemps,1
2022-04-08,2022,T2,4,avril,2022-04,14,8,5,Printemps,1
2022-04-09,2022,T2,4,avril,2022-04,14,9,6,Printemps,0
2022-04-10,2022,T2,4,avril,2022-04,14,10,7,Printemps,0
2022-04-11,2022,T2,4,avril,2022-04,15,11,1,Printemps,1
2022-04-12,2022,T2,4,avril,2022-04,15,12,2,Printemps,1
2022-04-13,2022,T2,4,avril,2022-04,15,13,3,Printemps,1
2022-04-14,2022,T2,4,avril,2022-04,15,14,4,Printemps,1
2022-04-15,2022,T2,4,avril,2022-04,15,15,5,Printemps,1
2022-04-16,2022,T2,4,avril,2022-04,15,16,6,Printemps,0
2022-04-17,2022,T2,4,avril,2022-04,15,17,7,Printemps,0
2022-04-18,2022,T2,4,avril,2022-04,16,18,1,Printemps,1
2022-04-19,2022,T2,4,avril,2022-04,16,19,2,Printemps,1
2022-04-20,2022,T2,4,avril,2022-04,16,20,3,Printemps,1
2022-04-21,2022,T2,4,avril,2022-04,16,21,4,Printemps,1
2022-04-22,2022,T2,4,avril,2022-04,16,22,5,Printemps,1
2022-04-23,2022,T2,4,avril,2022-04,16,23,6,Printemps,0
2022-04-24,2022,T2,4,avril,2022-04,16,24,7,Printemps,0
2022-04-25,2022,T2,4,avril,2022-04,17,25,1,Printemps,1
2022-04-26,2022,T2,4,avril,2022-04,17,26,2,Printemps,1
2022-04-27,2022,T2,4,avril,2022-04,17,27,3,Printemps,1
2022-04-28,2022,T2,4,avril,2022-04,17,28,4,Printemps,1
2022-04-29,2022,T2,4,avril,2022-04,17,29,5,Printemps,1
2022-04-30,2022,T2,4,avril,2022-04,17,30,6,Printemps,0
2022-05-01,2022,T2,5,mai,2022-05,17,1,7,Printemps,0
2022-05-02,2022,T2,5,mai,2022-05,18,2,1,Printemps,1
2022-05-03,2022,T2,5,mai,2022-05,18,3,2,Printemps,1
2022-05-04,2022,T2,5,mai,2022-05,18,4,3,Printemps,1
2022-05-05,2022,T2,5,mai,2022-05,18,5,4,Printemps,1
2022-05-06,2022,T2,5,mai,2022-05,18,6,5,Printemps,1
2022-05-07,2022,T2,5,mai,2022-05,18,7,6,Printemps,0
2022-05-08,2022,T2,5,mai,2022-05,18,8,7,Printemps,0
2022-05-09,2022,T2,5,mai,2022-05,19,9,1,Printemps,1
2022-05-10,2022,T2,5,mai,2022-05,19,10,2,Printemps,1
2022-05-11,2022,T2,5,mai,2022-05,19,11,3,Printemps,1
2022-05-12,2022,T2,5,mai,2022-05,19,12,4,Printemps,1
2022-05-13,2022,T2,5,mai,2022-05,19,13,5,Printemps,1
2022-05-14,2022,T2,5,mai,2022-05,19,14,6,Printemps,0
2022-05-15,2022,T2,5,mai,2022-05,19,15,7,Printemps,0
2022-05-16,2022,T2,5,mai,2022-05,20,16,1,Printemps,1
2022-05-17,2022,T2,5,mai,2022-05,20,17,2,Printemps,1
2022-05-18,2022,T2,5,mai,2022-05,20,18,3,Printemps,1
2022-05-19,2022,T2,5,mai,2022-05,20,19,4,Printemps,1
2022-05-20,2022,T2,5,mai,2022-05,20,20,5,Printemps,1
2022-05-21,2022,T2,5,mai,2022-05,20,21,6,Printemps,0
2022-05-22,2022,T2,5,mai,2022-05,20,22,7,Printemps,0
2022-05-23,2022,T2,5,mai,2022-05,21,23,1,Printemps,1
2022-05-24,2022,T2,5,mai,2022-05,21,24,2,Printemps,1
2022-05-25,2022,T2,5,mai,2022-05,21,25,3,Printemps,1
2022-05-26,2022,T2,5,mai,2022-05,21,26,4,Printemps,1
2022-05-27,2022,T2,5,mai,2022-05,21,27,5,Printemps,1
2022-05-28,2022,T2,5,mai,2022-05,21,28,6,Printemps,0
2022-05-29,2022,T2,5,mai,2022-05,21,29,7,Printemps,0
2022-05-30,2022,T2,5,mai,2022-05,22,30,1,Printemps,1
2022-05-31,2022,T2,5,mai,2022-05,22,31,2,Printemps,1
2022-06-01,2022,T2,6,juin,2022-06,22,1,3,Été,1
2022-06-02,2022,T2,6,juin,2022-06,22,2,4,Été,1
2022-06-03,2022,T2,6,juin,2022-06,22,3,5,Été,1
2022-06-04,2022,T2,6,juin,2022-06,22,4,6,Été,0
2022-06-05,2022,T2,6,juin,2022-06,22,5,7,Été,0
2022-06-06,2022,T2,6,juin,2022-06,23,6,1,Été,1
2022-06-07,2022,T2,6,juin,2022-06,23,7,2,Été,1
2022-06-08,2022,T2,6,juin,2022-06,23,8,3,Été,1
2022-06-09,2022,T2,6,juin,2022-06,23,9,4,Été,1
2022-06-10,2022,T2,6,juin,2022-06,23,10,5,Été,1
2022-06-11,2022,T2,6,juin,2022-06,23,11,6,Été,0
2022-06-12,2022,T2,6,juin,2022-06,23,12,7,Été,0
2022-06-13,2022,T2,6,juin,2022-06,24,13,1,Été,1
2022-06-14,2022,T2,6,juin,2022-06,24,14,2,Été,1
2022-06-15,2022,T2,6,juin,2022-06,24,15,3,Été,1
2022-06-16,2022,T2,6,juin,2022-06,24,16,4,Été,1
2022-06-17,2022,T2,6,juin,2022-06,24,17,5,Été,1
2022-06-18,2022,T2,6,juin,2022-06,24,18,6,Été,0
2022-06-19,2022,T2,6,juin,2022-06,24,19,7,Été,0
2022-06-20,2022,T2,6,juin,2022-06,25,20,1,Été,1
2022-06-21,2022,T2,6,juin,2022-06,25,21,2,Été,1
2022-06-22,2022,T2,6,juin,2022-06,25,22,3,Été,1
2022-06-23,2022,T2,6,juin,2022-06,25,23,4,Été,1
2022-06-24,2022,T2,6,juin,2022-06,25,24,5,Été,1
2022-06-25,2022,T2,6,juin,2022-06,25,25,6,Été,0
2022-06-26,2022,T2,6,juin,2022-06,25,26,7,Été,0
2022-06-27,2022,T2,6,juin,2022-06,26,27,1,Été,1
2022-06-28,2022,T2,6,juin,2022-06,26,28,2,Été,1
2022-06-29,2022,T2,6,juin,2022-06,26,29,3,Été,1
2022-06-30,2022,T2,6,juin,2022-06,26,30,4,Été,1
2022-07-01,2022,T3,7,juillet,2022-07,26,1,5,Été,1
2022-07-02,2022,T3,7,juillet,2022-07,26,2,6,Été,0
2022-07-03,2022,T3,7,juillet,2022-07,26,3,7,Été,0
2022-07-04,2022,T3,7,juillet,2022-07,27,4,1,Été,1
2022-07-05,2022,T3,7,juillet,2022-07,27,5,2,Été,1
2022-07-06,2022,T3,7,juillet,2022-07,27,6,3,Été,1
2022-07-07,2022,T3,7,juillet,2022-07,27,7,4,Été,1
2022-07-08,2022,T3,7,juillet,2022-07,27,8,5,Été,1
2022-07-09,2022,T3,7,juillet,2022-07,27,9,6,Été,0
2022-07-10,2022,T3,7,juillet,2022-07,27,10,7,Été,0
2022-07-11,2022,T3,7,juillet,2022-07,28,11,1,Été,1
2022-07-12,2022,T3,7,juillet,2022-07,28,12,2,Été,1
2022-07-13,2022,T3,7,juillet,2022-07,28,13,3,Été,1
2022-07-14,2022,T3,7,juillet,2022-07,28,14,4,Été,1
2022-07-15,2022,T3,7,juillet,2022-07,28,15,5,Été,1
2022-07-16,2022,T3,7,juillet,2022-07,28,16,6,Été,0
2022-07-17,2022,T3,7,juillet,2022-07,28,17,7,Été,0
2022-07-18,2022,T3,7,juillet,2022-07,29,18,1,Été,1
2022-07-19,2022,T3,7,juillet,2022-07,29,19,2,Été,1
2022-07-20,2022,T3,7,juillet,2022-07,29,20,3,Été,1
2022-07-21,2022,T3,7,juillet,2022-07,29,21,4,Été,1
2022-07-22,2022,T3,7,juillet,2022-07,29,22,5,Été,1
2022-07-23,2022,T3,7,juillet,2022-07,29,23,6,Été,0
2022-07-24,2022,T3,7,juillet,2022-07,29,24,7,Été,0
2022-07-25,2022,T3,7,juillet,2022-07,30,25,1,Été,1
2022-07-26,2022,T3,7,juillet,2022-07,30,26,2,Été,1
2022-07-27,2022,T3,7,juillet,2022-07,30,27,3,Été,1
2022-07-28,2022,T3,7,juillet,2022-07,30,28,4,Été,1
2022-07-29,2022,T3,7,juillet,2022-07,30,29,5,Été,1
2022-07-30,2022,T3,7,juillet,2022-07,30,30,6,Été,0
2022-07-31,2022,T3,7,juillet,2022-07,30,31,7,Été,0
2022-08-01,2022,T3,8,août,2022-08,31,1,1,Été,1
2022-08-02,2022,T3,8,août,2022-08,31,2,2,Été,1
2022-08-03,2022,T3,8,août,2022-08,31,3,3,Été,1
2022-08-04,2022,T3,8,août,2022-08,31,4,4,Été,1
2022-08-05,2022,T3,8,août,2022-08,31,5,5,Été,1
2022-08-06,2022,T3,8,août,2022-08,31,6,6,Été,0
2022-08-07,2022,T3,8,août,2022-08,31,7,7,Été,0
2022-08-08,2022,T3,8,août,2022-08,32,8,1,Été,1
2022-08-09,2022,T3,8,août,2022-08,32,9,2,Été,1
2022-08-10,2022,T3,8,août,2022-08,32,10,3,Été,1
2022-08-11,2022,T3,8,août,2022-08,32,11,4,Été,1
2022-08-12,2022,T3,8,août,2022-08,32,12,5,Été,1
2022-08-13,2022,T3,8,août,2022-08,32,13,6,Été,0
2022-08-14,2022,T3,8,août,2022-08,32,14,7,Été,0
2022-08-15,2022,T3,8,août,2022-08,33,15,1,Été,1
2022-08-16,2022,T3,8,août,2022-08,33,16,2,Été,1
2022-08-17,2022,T3,8,août,2022-08,33,17,3,Été,1
2022-08-18,2022,T3,8,août,2022-08,33,18,4,Été,1
2022-08-19,2022,T3,8,août,2022-08,33,19,5,Été,1
2022-08-20,2022,T3,8,août,2022-08,33,20,6,Été,0
2022-08-21,2022,T3,8,août,2022-08,33,21,7,Été,0
2022-08-22,2022,T3,8,août,2022-08,34,22,1,Été,1
2022-08-23,2022,T3,8,août,2022-08,34,23,2,Été,1
2022-08-24,2022,T3,8,août,2022-08,34,24,3,Été,1
2022-08-25,2022,T3,8,août,2022-08,34,25,4,Été,1
2022-08-26,2022,T3,8,août,2022-08,34,26,5,Été,1
2022-08-27,2022,T3,8,août,2022-08,34,27,6,Été,0
2022-08-28,2022,T3,8,août,2022-08,34,28,7,Été,0
2022-08-29,2022,T3,8,août,2022-08,35,29,1,Été,1
2022-08-30,2022,T3,8,août,2022-08,35,30,2,Été,1
2022-08-31,2022,T3,8,août,2022-08,35,31,3,Été,1
2022-09-01,2022,T3,9,septembre,2022-09,35,1,4,Automne,1
2022-09-02,2022,T3,9,septembre,2022-09,35,2,5,Automne,1
2022-09-03,2022,T3,9,septembre,2022-09,35,3,6,Automne,0
2022-09-04,2022,T3,9,septembre,2022-09,35,4,7,Automne,0
2022-09-05,2022,T3,9,septembre,2022-09,36,5,1,Automne,1
2022-09-06,2022,T3,9,septembre,2022-09,36,6,2,Automne,1
2022-09-07,2022,T3,9,septembre,2022-09,36,7,3,Automne,1
2022-09-08,2022,T3,9,septembre,2022-09,36,8,4,Automne,1
2022-09-09,2022,T3,9,septembre,2022-09,36,9,5,Automne,1
2022-09-10,2022,T3,9,septembre,2022-09,36,10,6,Automne,0
2022-09-11,2022,T3,9,septembre,2022-09,36,11,7,Automne,0
2022-09-12,2022,T3,9,septembre,2022-09,37,12,1,Automne,1
2022-09-13,2022,T3,9,septembre,2022-09,37,13,2,Automne,1
2022-09-14,2022,T3,9,septembre,2022-09,37,14,3,Automne,1
2022-09-15,2022,T3,9,septembre,2022-09,37,15,4,Automne,1
2022-09-16,2022,T3,9,septembre,2022-09,37,16,5,Automne,1
2022-09-17,2022,T3,9,septembre,2022-09,37,17,6,Automne,0
2022-09-18,2022,T3,9,septembre,2022-09,37,18,7,Automne,0
2022-09-19,2022,T3,9,septembre,2022-09,38,19,1,Automne,1
2022-09-20,2022,T3,9,septembre,2022-09,38,20,2,Automne,1
2022-09-21,2022,T3,9,septembre,2022-09,38,21,3,Automne,1
2022-09-22,2022,T3,9,septembre,2022-09,38,22,4,Automne,1
2022-09-23,2022,T3,9,septembre,2022-09,38,23,5,Automne,1
2022-09-24,2022,T3,9,septembre,2022-09,38,24,6,Automne,0
2022-09-25,2022,T3,9,septembre,2022-09,38,25,7,Automne,0
2022-09-26,2022,T3,9,septembre,2022-09,39,26,1,Automne,1
2022-09-27,2022,T3,9,septembre,2022-09,39,27,2,Automne,1
2022-09-28,2022,T3,9,septembre,2022-09,39,28,3,Automne,1
2022-09-29,2022,T3,9,septembre,2022-09,39,29,4,Automne,1
2022-09-30,2022,T3,9,septembre,2022-09,39,30,5,Automne,1
2022-10-01,2022,T4,10,octobre,2022-10,39,1,6,Automne,0
2022-10-02,2022,T4,10,octobre,2022-10,39,2,7,Automne,0
2022-10-03,2022,T4,10,octobre,2022-10,40,3,1,Automne,1
2022-10-04,2022,T4,10,octobre,2022-10,40,4,2,Automne,1
2022-10-05,2022,T4,10,octobre,2022-10,40,5,3,Automne,1
2022-10-06,2022,T4,10,octobre,2022-10,40,6,4,Automne,1
2022-10-07,2022,T4,10,octobre,2022-10,40,7,5,Automne,1
2022-10-08,2022,T4,10,octobre,2022-10,40,8,6,Automne,0
2022-10-09,2022,T4,10,octobre,2022-10,40,9,7,Automne,0
2022-10-10,2022,T4,10,octobre,2022-10,41,10,1,Automne,1
2022-10-11,2022,T4,10,octobre,2022-10,41,11,2,Automne,1
2022-10-12,2022,T4,10,octobre,2022-10,41,12,3,Automne,1
2022-10-13,2022,T4,10,octobre,2022-10,41,13,4,Automne,1
2022-10-14,2022,T4,10,octobre,2022-10,41,14,5,Automne,1
2022-10-15,2022,T4,10,octobre,2022-10,41,15,6,Automne,0
2022-10-16,2022,T4,10,octobre,2022-10,41,16,7,Automne,0
2022-10-17,2022,T4,10,octobre,2022-10,42,17,1,Automne,1
2022-10-18,2022,T4,10,octobre,2022-10,42,18,2,Automne,1
2022-10-19,2022,T4,10,octobre,2022-10,42,19,3,Automne,1
2022-10-20,2022,T4,10,octobre,2022-10,42,20,4,Automne,1
2022-10-21,2022,T4,10,octobre,2022-10,42,21,5,Automne,1
2022-10-22,2022,T4,10,octobre,2022-10,42,22,6,Automne,0
2022-10-23,2022,T4,10,octobre,2022-10,42,23,7,Automne,0
2022-10-24,2022,T4,10,octobre,2022-10,43,24,1,Automne,1
2022-10-25,2022,T4,10,octobre,2022-10,43,25,2,Automne,1
2022-10-26,2022,T4,10,octobre,2022-10,43,26,3,Automne,1
2022-10-27,2022,T4,10,octobre,2022-10,43,27,4,Automne,1
2022-10-28,2022,T4,10,octobre,2022-10,43,28,5,Automne,1
2022-10-29,2022,T4,10,octobre,2022-10,43,29,6,Automne,0
2022-10-30,2022,T4,10,octobre,2022-10,43,30,7,Automne,0
2022-10-31,2022,T4,10,octobre,2022-10,44,31,1,Automne,1
2022-11-01,2022,T4,11,novembre,2022-11,44,1,2,Automne,1
2022-11-02,2022,T4,11,novembre,2022-11,44,2,3,Automne,1
2022-11-03,2022,T4,11,novembre,2022-11,44,3,4,Automne,1
2022-11-04,2022,T4,11,novembre,2022-11,44,4,5,Automne,1
2022-11-05,2022,T4,11,novembre,2022-11,44,5,6,Automne,0
2022-11-06,2022,T4,11,novembre,2022-11,44,6,7,Automne,0
2022-11-07,2022,T4,11,novembre,2022-11,45,7,1,Automne,1
2022-11-08,2022,T4,11,novembre,2022-11,45,8,2,Automne,1
2022-11-09,2022,T4,11,novembre,2022-11,45,9,3,Automne,1
2022-11-10,2022,T4,11,novembre,2022-11,45,10,4,Automne,1
2022-11-11,2022,T4,11,novembre,2022-11,45,11,5,Automne,1
2022-11-12,2022,T4,11,novembre,2022-11,45,12,6,Automne,0
2022-11-13,2022,T4,11,novembre,2022-11,45,13,7,Automne,0
2022-11-14,2022,T4,11,novembre,2022-11,46,14,1,Automne,1
2022-11-15,2022,T4,11,novembre,2022-11,46,15,2,Automne,1
2022-11-16,2022,T4,11,novembre,2022-11,46,16,3,Automne,1
2022-11-17,2022,T4,11,novembre,2022-11,46,17,4,Automne,1
2022-11-18,2022,T4,11,novembre,2022-11,46,18,5,Automne,1
2022-11-19,2022,T4,11,novembre,2022-11,46,19,6,Automne,0
2022-11-20,2022,T4,11,novembre,2022-11,46,20,7,Automne,0
2022-11-21,2022,T4,11,novembre,2022-11,47,21,1,Automne,1
2022-11-22,2022,T4,11,novembre,2022-11,47,22,2,Automne,1
2022-11-23,2022,T4,11,novembre,2022-11,47,23,3,Automne,1
2022-11-24,2022,T4,11,novembre,2022-11,47,24,4,Automne,1
2022-11-25,2022,T4,11,novembre,2022-11,47,25,5,Automne,1
2022-11-26,2022,T4,11,novembre,2022-11,47,26,6,Automne,0
2022-11-27,2022,T4,11,novembre,2022-11,47,27,7,Automne,0
2022-11-28,2022,T4,11,novembre,2022-11,48,28,1,Automne,1
2022-11-29,2022,T4,11,novembre,2022-11,48,29,2,Automne,1
2022-11-30,2022,T4,11,novembre,2022-11,48,30,3,Automne,1
2022-12-01,2022,T4,12,décembre,2022-12,48,1,4,Hiver,1
2022-12-02,2022,T4,12,décembre,2022-12,48,2,5,Hiver,1
2022-12-03,2022,T4,12,décembre,2022-12,48,3,6,Hiver,0
2022-12-04,2022,T4,12,décembre,2022-12,48,4,7,Hiver,0
2022-12-05,2022,T4,12,décembre,2022-12,49,5,1,Hiver,1
2022-12-06,2022,T4,12,décembre,2022-12,49,6,2,Hiver,1
2022-12-07,2022,T4,12,décembre,2022-12,49,7,3,Hiver,1
2022-12-08,2022,T4,12,décembre,2022-12,49,8,4,Hiver,1
2022-12-09,2022,T4,12,décembre,2022-12,49,9,5,Hiver,1
2022-12-10,2022,T4,12,décembre,2022-12,49,10,6,Hiver,0
2022-12-11,2022,T4,12,décembre,2022-12,49,11,7,Hiver,0
2022-12-12,2022,T4,12,décembre,2022-12,50,12,1,Hiver,1
2022-12-13,2022,T4,12,décembre,2022-12,50,13,2,Hiver,1
2022-12-14,2022,T4,12,décembre,2022-12,50,14,3,Hiver,1
2022-12-15,2022,T4,12,décembre,2022-12,50,15,4,Hiver,1
2022-12-16,2022,T4,12,décembre,2022-12,50,16,5,Hiver,1
2022-12-17,2022,T4,12,décembre,2022-12,50,17,6,Hiver,0
2022-12-18,2022,T4,12,décembre,2022-12,50,18,7,Hiver,0
2022-12-19,2022,T4,12,décembre,2022-12,51,19,1,Hiver,1
2022-12-20,2022,T4,12,décembre,2022-12,51,20,2,Hiver,1
2022-12-21,2022,T4,12,décembre,2022-12,51,21,3,Hiver,1
2022-12-22,2022,T4,12,décembre,2022-12,51,22,4,Hiver,1
2022-12-23,2022,T4,12,décembre,2022-12,51,23,5,Hiver,1
2022-12-24,2022,T4,12,décembre,2022-12,51,24,6,Hiver,0
2022-12-25,2022,T4,12,décembre,2022-12,51,25,7,Hiver,0
2022-12-26,2022,T4,12,décembre,2022-12,52,26,1,Hiver,1
2022-12-27,2022,T4,12,décembre,2022-12,52,27,2,Hiver,1
2022-12-28,2022,T4,12,décembre,2022-12,52,28,3,Hiver,1
2022-12-29,2022,T4,12,décembre,2022-12,52,29,4,Hiver,1
2022-12-30,2022,T4,12,décembre,2022-12,52,30,5,Hiver,1
2022-12-31,2022,T4,12,décembre,2022-12,52,31,6,Hiver,0
2023-01-01,2023,T1,1,janvier,2023-01,52,1,7,Hiver,0
2023-01-02,2023,T1,1,janvier,2023-01,1,2,1,Hiver,1
2023-01-03,2023,T1,1,janvier,2023-01,1,3,2,Hiver,1
2023-01-04,2023,T1,1,janvier,2023-01,1,4,3,Hiver,1
2023-01-05,2023,T1,1,janvier,2023-01,1,5,4,Hiver,1
2023-01-06,2023,T1,1,janvier,2023-01,1,6,5,Hiver,1
2023-01-07,2023,T1,1,janvier,2023-01,1,7,6,Hiver,0
2023-01-08,2023,T1,1,janvier,2023-01,1,8,7,Hiver,0
2023-01-09,2023,T1,1,janvier,2023-01,2,9,1,Hiver,1
2023-01-10,2023,T1,1,janvier,2023-01,2,10,2,Hiver,1
2023-01-11,2023,T1,1,janvier,2023-01,2,11,3,Hiver,1
2023-01-12,2023,T1,1,janvier,2023-01,2,12,4,Hiver,1
2023-01-13,2023,T1,1,janvier,2023-01,2,13,5,Hiver,1
2023-01-14,2023,T1,1,janvier,2023-01,2,14,6,Hiver,0
2023-01-15,2023,T1,1,janvier,2023-01,2,15,7,Hiver,0
2023-01-16,2023,T1,1,janvier,2023-01,3,16,1,Hiver,1
2023-01-17,2023,T1,1,janvier,2023-01,3,17,2,Hiver,1
2023-01-18,2023,T1,1,janvier,2023-01,3,18,3,Hiver,1
2023-01-19,2023,T1,1,janvier,2023-01,3,19,4,Hiver,1
2023-01-20,2023,T1,1,janvier,2023-01,3,20,5,Hiver,1
2023-01-21,2023,T1,1,janvier,2023-01,3,21,6,Hiver,0
2023-01-22,2023,T1,1,janvier,2023-01,3,22,7,Hiver,0
2023-01-23,2023,T1,1,janvier,2023-01,4,23,1,Hiver,1
2023-01-24,2023,T1,1,janvier,2023-01,4,24,2,Hiver,1
2023-01-25,2023,T1,1,janvier,2023-01,4,25,3,Hiver,1
2023-01-26,2023,T1,1,janvier,2023-01,4,26,4,Hiver,1
2023-01-27,2023,T1,1,janvier,2023-01,4,27,5,Hiver,1
2023-01-28,2023,T1,1,janvier,2023-01,4,28,6,Hiver,0
2023-01-29,2023,T1,1,janvier,2023-01,4,29,7,Hiver,0
2023-01-30,2023,T1,1,janvier,2023-01,5,30,1,Hiver,1
2023-01-31,2023,T1,1,janvier,2023-01,5,31,2,Hiver,1
2023-02-01,2023,T1,2,février,2023-02,5,1,3,Hiver,1
2023-02-02,2023,T1,2,février,2023-02,5,2,4,Hiver,1
2023-02-03,2023,T1,2,février,2023-02,5,3,5,Hiver,1
2023-02-04,2023,T1,2,février,2023-02,5,4,6,Hiver,0
2023-02-05,2023,T1,2,février,2023-02,5,5,7,Hiver,0
2023-02-06,2023,T1,2,février,2023-02,6,6,1,Hiver,1
2023-02-07,2023,T1,2,février,2023-02,6,7,2,Hiver,1
2023-02-08,2023,T1,2,février,2023-02,6,8,3,Hiver,1
2023-02-09,2023,T1,2,février,2023-02,6,9,4,Hiver,1
2023-02-10,2023,T1,2,février,2023-02,6,10,5,Hiver,1
2023-02-11,2023,T1,2,février,2023-02,6,11,6,Hiver,0
2023-02-12,2023,T1,2,février,2023-02,6,12,7,Hiver,0
2023-02-13,2023,T1,2,février,2023-02,7,13,1,Hiver,1
2023-02-14,2023,T1,2,février,2023-02,7,14,2,Hiver,1
2023-02-15,2023,T1,2,février,2023-02,7,15,3,Hiver,1
2023-02-16,2023,T1,2,février,2023-02,7,16,4,Hiver,1
2023-02-17,2023,T1,2,février,2023-02,7,17,5,Hiver,1
2023-02-18,2023,T1,2,février,2023-02,7,18,6,Hiver,0
2023-02-19,2023,T1,2,février,2023-02,7,19,7,Hiver,0
2023-02-20,2023,T1,2,février,2023-02,8,20,1,Hiver,1
2023-02-21,2023,T1,2,février,2023-02,8,21,2,Hiver,1
2023-02-22,2023,T1,2,février,2023-02,8,22,3,Hiver,1
2023-02-23,2023,T1,2,février,2023-02,8,23,4,Hiver,1
2023-02-24,2023,T1,2,février,2023-02,8,24,5,Hiver,1
2023-02-25,2023,T1,2,février,2023-02,8,25,6,Hiver,0
2023-02-26,2023,T1,2,février,2023-02,8,26,7,Hiver,0
2023-02-27,2023,T1,2,février,2023-02,9,27,1,Hiver,1
2023-02-28,2023,T1,2,février,2023-02,9,28,2,Hiver,1
2023-03-01,2023,T1,3,mars,2023-03,9,1,3,Printemps,1
2023-03-02,2023,T1,3,mars,2023-03,9,2,4,Printemps,1
2023-03-03,2023,T1,3,mars,2023-03,9,3,5,Printemps,1
2023-03-04,2023,T1,3,mars,2023-03,9,4,6,Printemps,0
2023-03-05,2023,T1,3,mars,2023-03,9,5,7,Printemps,0
2023-03-06,2023,T1,3,mars,2023-03,10,6,1,Printemps,1
2023-03-07,2023,T1,3,mars,2023-03,10,7,2,Printemps,1
2023-03-08,2023,T1,3,mars,2023-03,10,8,3,Printemps,1
2023-03-09,2023,T1,3,mars,2023-03,10,9,4,Printemps,1
2023-03-10,2023,T1,3,mars,2023-03,10,10,5,Printemps,1
2023-03-11,2023,T1,3,mars,2023-03,10,11,6,Printemps,0
2023-03-12,2023,T1,3,mars,2023-03,10,12,7,Printemps,0
2023-03-13,2023,T1,3,mars,2023-03,11,13,1,Printemps,1
2023-03-14,2023,T1,3,mars,2023-03,11,14,2,Printemps,1
2023-03-15,2023,T1,3,mars,2023-03,11,15,3,Printemps,1
2023-03-16,2023,T1,3,mars,2023-03,11,16,4,Printemps,1
2023-03-17,2023,T1,3,mars,2023-03,11,17,5,Printemps,1
2023-03-18,2023,T1,3,mars,2023-03,11,18,6,Printemps,0
2023-03-19,2023,T1,3,mars,2023-03,11,19,7,Printemps,0
2023-03-20,2023,T1,3,mars,2023-03,12,20,1,Printemps,1
2023-03-21,2023,T1,3,mars,2023-03,12,21,2,Printemps,1
2023-03-22,2023,T1,3,mars,2023-03,12,22,3,Printemps,1
2023-03-23,2023,T1,3,mars,2023-03,12,23,4,Printemps,1
2023-03-24,2023,T1,3,mars,2023-03,12,24,5,Printemps,1
2023-03-25,2023,T1,3,mars,2023-03,12,25,6,Printemps,0
2023-03-26,2023,T1,3,mars,2023-03,12,26,7,Printemps,0
2023-03-27,2023,T1,3,mars,2023-03,13,27,1,Printemps,1
2023-03-28,2023,T1,3,mars,2023-03,13,28,2,Printemps,1
2023-03-29,2023,T1,3,mars,2023-03,13,29,3,Printemps,1
2023-03-30,2023,T1,3,mars,2023-03,13,30,4,Printemps,1
2023-03-31,2023,T1,3,mars,2023-03,13,31,5,Printemps,1
2023-04-01,2023,T2,4,avril,2023-04,13,1,6,Printemps,0
2023-04-02,2023,T2,4,avril,2023-04,13,2,7,Printemps,0
2023-04-03,2023,T2,4,avril,2023-04,14,3,1,Printemps,1
2023-04-04,2023,T2,4,avril,2023-04,14,4,2,Printemps,1
2023-04-05,2023,T2,4,avril,2023-04,14,5,3,Printemps,1
2023-04-06,2023,T2,4,avril,2023-04,14,6,4,Printemps,1
2023-04-07,2023,T2,4,avril,2023-04,14,7,5,Printemps,1
2023-04-08,2023,T2,4,avril,2023-04,14,8,6,Printemps,0
2023-04-09,2023,T2,4,avril,2023-04,14,9,7,Printemps,0
2023-04-10,2023,T2,4,avril,2023-04,15,10,1,Printemps,1
2023-04-11,2023,T2,4,avril,2023-04,15,11,2,Printemps,1
2023-04-12,2023,T2,4,avril,2023-04,15,12,3,Printemps,1
2023-04-13,2023,T2,4,avril,2023-04,15,13,4,Printemps,1
2023-04-14,2023,T2,4,avril,2023-04,15,14,5,Printemps,1
2023-04-15,2023,T2,4,avril,2023-04,15,15,6,Printemps,0
2023-04-16,2023,T2,4,avril,2023-04,15,16,7,Printemps,0
2023-04-17,2023,T2,4,avril,2023-04,16,17,1,Printemps,1
2023-04-18,2023,T2,4,avril,2023-04,16,18,2,Printemps,1
2023-04-19,2023,T2,4,avril,2023-04,16,19,3,Printemps,1
2023-04-20,2023,T2,4,avril,2023-04,16,20,4,Printemps,1
2023-04-21,2023,T2,4,avril,2023-04,16,21,5,Printemps,1
2023-04-22,2023,T2,4,avril,2023-04,16,22,6,Printemps,0
2023-04-23,2023,T2,4,avril,2023-04,16,23,7,Printemps,0
2023-04-24,2023,T2,4,avril,2023-04,17,24,1,Printemps,1
2023-04-25,2023,T2,4,avril,2023-04,17,25,2,Printemps,1
2023-04-26,2023,T2,4,avril,2023-04,17,26,3,Printemps,1
2023-04-27,2023,T2,4,avril,2023-04,17,27,4,Printemps,1
2023-04-28,2023,T2,4,avril,2023-04,17,28,5,Printemps,1
2023-04-29,2023,T2,4,avril,2023-04,17,29,6,Printemps,0
2023-04-30,2023,T2,4,avril,2023-04,17,30,7,Printemps,0
2023-05-01,2023,T2,5,mai,2023-05,18,1,1,Printemps,1
2023-05-02,2023,T2,5,mai,2023-05,18,2,2,Printemps,1
2023-05-03,2023,T2,5,mai,2023-05,18,3,3,Printemps,1
2023-05-04,2023,T2,5,mai,2023-05,18,4,4,Printemps,1
2023-05-05,2023,T2,5,mai,2023-05,18,5,5,Printemps,1
2023-05-06,2023,T2,5,mai,2023-05,18,6,6,Printemps,0
2023-05-07,2023,T2,5,mai,2023-05,18,7,7,Printemps,0
2023-05-08,2023,T2,5,mai,2023-05,19,8,1,Printemps,1
2023-05-09,2023,T2,5,mai,2023-05,19,9,2,Printemps,1
2023-05-10,2023,T2,5,mai,2023-05,19,10,3,Printemps,1
2023-05-11,2023,T2,5,mai,2023-05,19,11,4,Printemps,1
2023-05-12,2023,T2,5,mai,2023-05,19,12,5,Printemps,1
2023-05-13,2023,T2,5,mai,2023-05,19,13,6,Printemps,0
2023-05-14,2023,T2,5,mai,2023-05,19,14,7,Printemps,0
2023-05-15,2023,T2,5,mai,2023-05,20,15,1,Printemps,1
2023-05-16,2023,T2,5,mai,2023-05,20,16,2,Printemps,1
2023-05-17,2023,T2,5,mai,2023-05,20,17,3,Printemps,1
2023-05-18,2023,T2,5,mai,2023-05,20,18,4,Printemps,1
2023-05-19,2023,T2,5,mai,2023-05,20,19,5,Printemps,1
2023-05-20,2023,T2,5,mai,2023-05,20,20,6,Printemps,0
2023-05-21,2023,T2,5,mai,2023-05,20,21,7,Printemps,0
2023-05-22,2023,T2,5,mai,2023-05,21,22,1,Printemps,1
2023-05-23,2023,T2,5,mai,2023-05,21,23,2,Printemps,1
2023-05-24,2023,T2,5,mai,2023-05,21,24,3,Printemps,1
2023-05-25,2023,T2,5,mai,2023-05,21,25,4,Printemps,1
2023-05-26,2023,T2,5,mai,2023-05,21,26,5,Printemps,1
2023-05-27,2023,T2,5,mai,2023-05,21,27,6,Printemps,0
2023-05-28,2023,T2,5,mai,2023-05,21,28,7,Printemps,0
2023-05-29,2023,T2,5,mai,2023-05,22,29,1,Printemps,1
2023-05-30,2023,T2,5,mai,2023-05,22,30,2,Printemps,1
2023-05-31,2023,T2,5,mai,2023-05,22,31,3,Printemps,1
2023-06-01,2023,T2,6,juin,2023-06,22,1,4,Été,1
2023-06-02,2023,T2,6,juin,2023-06,22,2,5,Été,1
2023-06-03,2023,T2,6,juin,2023-06,22,3,6,Été,0
2023-06-04,2023,T2,6,juin,2023-06,22,4,7,Été,0
2023-06-05,2023,T2,6,juin,2023-06,23,5,1,Été,1
2023-06-06,2023,T2,6,juin,2023-06,23,6,2,Été,1
2023-06-07,2023,T2,6,juin,2023-06,23,7,3,Été,1
2023-06-08,2023,T2,6,juin,2023-06,23,8,4,Été,1
2023-06-09,2023,T2,6,juin,2023-06,23,9,5,Été,1
2023-06-10,2023,T2,6,juin,2023-06,23,10,6,Été,0
2023-06-11,2023,T2,6,juin,2023-06,23,11,7,Été,0
2023-06-12,2023,T2,6,juin,2023-06,24,12,1,Été,1
2023-06-13,2023,T2,6,juin,2023-06,24,13,2,Été,1
2023-06-14,2023,T2,6,juin,2023-06,24,14,3,Été,1
2023-06-15,2023,T2,6,juin,2023-06,24,15,4,Été,1
2023-06-16,2023,T2,6,juin,2023-06,24,16,5,Été,1
2023-06-17,2023,T2,6,juin,2023-06,24,17,6,Été,0
2023-06-18,2023,T2,6,juin,2023-06,24,18,7,Été,0
2023-06-19,2023,T2,6,juin,2023-06,25,19,1,Été,1
2023-06-20,2023,T2,6,juin,2023-06,25,20,2,Été,1
2023-06-21,2023,T2,6,juin,2023-06,25,21,3,Été,1
2023-06-22,2023,T2,6,juin,2023-06,25,22,4,Été,1
2023-06-23,2023,T2,6,juin,2023-06,25,23,5,Été,1
2023-06-24,2023,T2,6,juin,2023-06,25,24,6,Été,0
2023-06-25,2023,T2,6,juin,2023-06,25,25,7,Été,0
2023-06-26,2023,T2,6,juin,2023-06,26,26,1,Été,1
2023-06-27,2023,T2,6,juin,2023-06,26,27,2,Été,1
2023-06-28,2023,T2,6,juin,2023-06,26,28,3,Été,1
2023-06-29,2023,T2,6,juin,2023-06,26,29,4,Été,1
2023-06-30,2023,T2,6,juin,2023-06,26,30,5,Été,1
2023-07-01,2023,T3,7,juillet,2023-07,26,1,6,Été,0
2023-07-02,2023,T3,7,juillet,2023-07,26,2,7,Été,0
2023-07-03,2023,T3,7,juillet,2023-07,27,3,1,Été,1
2023-07-04,2023,T3,7,juillet,2023-07,27,4,2,Été,1
2023-07-05,2023,T3,7,juillet,2023-07,27,5,3,Été,1
2023-07-06,2023,T3,7,juillet,2023-07,27,6,4,Été,1
2023-07-07,2023,T3,7,juillet,2023-07,27,7,5,Été,1
2023-07-08,2023,T3,7,juillet,2023-07,27,8,6,Été,0
2023-07-09,2023,T3,7,juillet,2023-07,27,9,7,Été,0
2023-07-10,2023,T3,7,juillet,2023-07,28,10,1,Été,1
2023-07-11,2023,T3,7,juillet,2023-07,28,11,2,Été,1
2023-07-12,2023,T3,7,juillet,2023-07,28,12,3,Été,1
2023-07-13,2023,T3,7,juillet,2023-07,28,13,4,Été,1
2023-07-14,2023,T3,7,juillet,2023-07,28,14,5,Été,1
2023-07-15,2023,T3,7,juillet,2023-07,28,15,6,Été,0
2023-07-16,2023,T3,7,juillet,2023-07,28,16,7,Été,0
2023-07-17,2023,T3,7,juillet,2023-07,29,17,1,Été,1
2023-07-18,2023,T3,7,juillet,2023-07,29,18,2,Été,1
2023-07-19,2023,T3,7,juillet,2023-07,29,19,3,Été,1
2023-07-20,2023,T3,7,juillet,2023-07,29,20,4,Été,1
2023-07-21,2023,T3,7,juillet,2023-07,29,21,5,Été,1
2023-07-22,2023,T3,7,juillet,2023-07,29,22,6,Été,0
2023-07-23,2023,T3,7,juillet,2023-07,29,23,7,Été,0
2023-07-24,2023,T3,7,juillet,2023-07,30,24,1,Été,1
2023-07-25,2023,T3,7,juillet,2023-07,30,25,2,Été,1
2023-07-26,2023,T3,7,juillet,2023-07,30,26,3,Été,1
2023-07-27,2023,T3,7,juillet,2023-07,30,27,4,Été,1
2023-07-28,2023,T3,7,juillet,2023-07,30,28,5,Été,1
2023-07-29,2023,T3,7,juillet,2023-07,30,29,6,Été,0
2023-07-30,2023,T3,7,juillet,2023-07,30,30,7,Été,0
2023-07-31,2023,T3,7,juillet,2023-07,31,31,1,Été,1
2023-08-01,2023,T3,8,août,2023-08,31,1,2,Été,1
2023-08-02,2023,T3,8,août,2023-08,31,2,3,Été,1
2023-08-03,2023,T3,8,août,2023-08,31,3,4,Été,1
2023-08-04,2023,T3,8,août,2023-08,31,4,5,Été,1
2023-08-05,2023,T3,8,août,2023-08,31,5,6,Été,0
2023-08-06,2023,T3,8,août,2023-08,31,6,7,Été,0
2023-08-07,2023,T3,8,août,2023-08,32,7,1,Été,1
2023-08-08,2023,T3,8,août,2023-08,32,8,2,Été,1
2023-08-09,2023,T3,8,août,2023-08,32,9,3,Été,1
2023-08-10,2023,T3,8,août,2023-08,32,10,4,Été,1
2023-08-11,2023,T3,8,août,2023-08,32,11,5,Été,1
2023-08-12,2023,T3,8,août,2023-08,32,12,6,Été,0
2023-08-13,2023,T3,8,août,2023-08,32,13,7,Été,0
2023-08-14,2023,T3,8,août,2023-08,33,14,1,Été,1
2023-08-15,2023,T3,8,août,2023-08,33,15,2,Été,1
2023-08-16,2023,T3,8,août,2023-08,33,16,3,Été,1
2023-08-17,2023,T3,8,août,2023-08,33,17,4,Été,1
2023-08-18,2023,T3,8,août,2023-08,33,18,5,Été,1
2023-08-19,2023,T3,8,août,2023-08,33,19,6,Été,0
2023-08-20,2023,T3,8,août,2023-08,33,20,7,Été,0
2023-08-21,2023,T3,8,août,2023-08,34,21,1,Été,1
2023-08-22,2023,T3,8,août,2023-08,34,22,2,Été,1
2023-08-23,2023,T3,8,août,2023-08,34,23,3,Été,1
2023-08-24,2023,T3,8,août,2023-08,34,24,4,Été,1
2023-08-25,2023,T3,8,août,2023-08,34,25,5,Été,1
2023-08-26,2023,T3,8,août,2023-08,34,26,6,Été,0
2023-08-27,2023,T3,8,août,2023-08,34,27,7,Été,0
2023-08-28,2023,T3,8,août,2023-08,35,28,1,Été,1
2023-08-29,2023,T3,8,août,2023-08,35,29,2,Été,1
2023-08-30,2023,T3,8,août,2023-08,35,30,3,Été,1
2023-08-31,2023,T3,8,août,2023-08,35,31,4,Été,1
2023-09-01,2023,T3,9,septembre,2023-09,35,1,5,Automne,1
2023-09-02,2023,T3,9,septembre,2023-09,35,2,6,Automne,0
2023-09-03,2023,T3,9,septembre,2023-09,35,3,7,Automne,0
2023-09-04,2023,T3,9,septembre,2023-09,36,4,1,Automne,1
2023-09-05,2023,T3,9,septembre,2023-09,36,5,2,Automne,1
2023-09-06,2023,T3,9,septembre,2023-09,36,6,3,Automne,1
2023-09-07,2023,T3,9,septembre,2023-09,36,7,4,Automne,1
2023-09-08,2023,T3,9,septembre,2023-09,36,8,5,Automne,1
2023-09-09,2023,T3,9,septembre,2023-09,36,9,6,Automne,0
2023-09-10,2023,T3,9,septembre,2023-09,36,10,7,Automne,0
2023-09-11,2023,T3,9,septembre,2023-09,37,11,1,Automne,1
2023-09-12,2023,T3,9,septembre,2023-09,37,12,2,Automne,1
2023-09-13,2023,T3,9,septembre,2023-09,37,13,3,Automne,1
2023-09-14,2023,T3,9,septembre,2023-09,37,14,4,Automne,1
2023-09-15,2023,T3,9,septembre,2023-09,37,15,5,Automne,1
2023-09-16,2023,T3,9,septembre,2023-09,37,16,6,Automne,0
2023-09-17,2023,T3,9,septembre,2023-09,37,17,7,Automne,0
2023-09-18,2023,T3,9,septembre,2023-09,38,18,1,Automne,1
2023-09-19,2023,T3,9,septembre,2023-09,38,19,2,Automne,1
2023-09-20,2023,T3,9,septembre,2023-09,38,20,3,Automne,1
2023-09-21,2023,T3,9,septembre,2023-09,38,21,4,Automne,1
2023-09-22,2023,T3,9,septembre,2023-09,38,22,5,Automne,1
2023-09-23,2023,T3,9,septembre,2023-09,38,23,6,Automne,0
2023-09-24,2023,T3,9,septembre,2023-09,38,24,7,Automne,0
2023-09-25,2023,T3,9,septembre,2023-09,39,25,1,Automne,1
2023-09-26,2023,T3,9,septembre,2023-09,39,26,2,Automne,1
2023-09-27,2023,T3,9,septembre,2023-09,39,27,3,Automne,1
2023-09-28,2023,T3,9,septembre,2023-09,39,28,4,Automne,1
2023-09-29,2023,T3,9,septembre,2023-09,39,29,5,Automne,1
2023-09-30,2023,T3,9,septembre,2023-09,39,30,6,Automne,0
2023-10-01,2023,T4,10,octobre,2023-10,39,1,7,Automne,0
2023-10-02,2023,T4,10,octobre,2023-10,40,2,1,Automne,1
2023-10-03,2023,T4,10,octobre,2023-10,40,3,2,Automne,1
2023-10-04,2023,T4,10,octobre,2023-10,40,4,3,Automne,1
2023-10-05,2023,T4,10,octobre,2023-10,40,5,4,Automne,1
2023-10-06,2023,T4,10,octobre,2023-10,40,6,5,Automne,1
2023-10-07,2023,T4,10,octobre,2023-10,40,7,6,Automne,0
2023-10-08,2023,T4,10,octobre,2023-10,40,8,7,Automne,0
2023-10-09,2023,T4,10,octobre,2023-10,41,9,1,Automne,1
2023-10-10,2023,T4,10,octobre,2023-10,41,10,2,Automne,1
2023-10-11,2023,T4,10,octobre,2023-10,41,11,3,Automne,1
2023-10-12,2023,T4,10,octobre,2023-10,41,12,4,Automne,1
2023-10-13,2023,T4,10,octobre,2023-10,41,13,5,Automne,1
2023-10-14,2023,T4,10,octobre,2023-10,41,14,6,Automne,0
2023-10-15,2023,T4,10,octobre,2023-10,41,15,7,Automne,0
2023-10-16,2023,T4,10,octobre,2023-10,42,16,1,Automne,1
2023-10-17,2023,T4,10,octobre,2023-10,42,17,2,Automne,1
2023-10-18,2023,T4,10,octobre,2023-10,42,18,3,Automne,1
2023-10-19,2023,T4,10,octobre,2023-10,42,19,4,Automne,1
2023-10-20,2023,T4,10,octobre,2023-10,42,20,5,Automne,1
2023-10-21,2023,T4,10,octobre,2023-10,42,21,6,Automne,0
2023-10-22,2023,T4,10,octobre,2023-10,42,22,7,Automne,0
2023-10-23,2023,T4,10,octobre,2023-10,43,23,1,Automne,1
2023-10-24,2023,T4,10,octobre,2023-10,43,24,2,Automne,1
2023-10-25,2023,T4,10,octobre,2023-10,43,25,3,Automne,1
2023-10-26,2023,T4,10,octobre,2023-10,43,26,4,Automne,1
2023-10-27,2023,T4,10,octobre,2023-10,43,27,5,Automne,1
2023-10-28,2023,T4,10,octobre,2023-10,43,28,6,Automne,0
2023-10-29,2023,T4,10,octobre,2023-10,43,29,7,Automne,0
2023-10-30,2023,T4,10,octobre,2023-10,44,30,1,Automne,1
2023-10-31,2023,T4,10,octobre,2023-10,44,31,2,Automne,1
2023-11-01,2023,T4,11,novembre,2023-11,44,1,3,Automne,1
2023-11-02,2023,T4,11,novembre,2023-11,44,2,4,Automne,1
2023-11-03,2023,T4,11,novembre,2023-11,44,3,5,Automne,1
2023-11-04,2023,T4,11,novembre,2023-11,44,4,6,Automne,0
2023-11-05,2023,T4,11,novembre,2023-11,44,5,7,Automne,0
2023-11-06,2023,T4,11,novembre,2023-11,45,6,1,Automne,1
2023-11-07,2023,T4,11,novembre,2023-11,45,7,2,Automne,1
2023-11-08,2023,T4,11,novembre,2023-11,45,8,3,Automne,1
2023-11-09,2023,T4,11,novembre,2023-11,45,9,4,Automne,1
2023-11-10,2023,T4,11,novembre,2023-11,45,10,5,Automne,1
2023-11-11,2023,T4,11,novembre,2023-11,45,11,6,Automne,0
2023-11-12,2023,T4,11,novembre,2023-11,45,12,7,Automne,0
2023-11-13,2023,T4,11,novembre,2023-11,46,13,1,Automne,1
2023-11-14,2023,T4,11,novembre,2023-11,46,14,2,Automne,1
2023-11-15,2023,T4,11,novembre,2023-11,46,15,3,Automne,1
2023-11-16,2023,T4,11,novembre,2023-11,46,16,4,Automne,1
2023-11-17,2023,T4,11,novembre,2023-11,46,17,5,Automne,1
2023-11-18,2023,T4,11,novembre,2023-11,46,18,6,Automne,0
2023-11-19,2023,T4,11,novembre,2023-11,46,19,7,Automne,0
2023-11-20,2023,T4,11,novembre,2023-11,47,20,1,Automne,1
2023-11-21,2023,T4,11,novembre,2023-11,47,21,2,Automne,1
2023-11-22,2023,T4,11,novembre,2023-11,47,22,3,Automne,1
2023-11-23,2023,T4,11,novembre,2023-11,47,23,4,Automne,1
2023-11-24,2023,T4,11,novembre,2023-11,47,24,5,Automne,1
2023-11-25,2023,T4,11,novembre,2023-11,47,25,6,Automne,0
2023-11-26,2023,T4,11,novembre,2023-11,47,26,7,Automne,0
2023-11-27,2023,T4,11,novembre,2023-11,48,27,1,Automne,1
2023-11-28,2023,T4,11,novembre,2023-11,48,28,2,Automne,1
2023-11-29,2023,T4,11,novembre,2023-11,48,29,3,Automne,1
2023-11-30,2023,T4,11,novembre,2023-11,48,30,4,Automne,1
2023-12-01,2023,T4,12,décembre,2023-12,48,1,5,Hiver,1
2023-12-02,2023,T4,12,décembre,2023-12,48,2,6,Hiver,0
2023-12-03,2023,T4,12,décembre,2023-12,48,3,7,Hiver,0
2023-12-04,2023,T4,12,décembre,2023-12,49,4,1,Hiver,1
2023-12-05,2023,T4,12,décembre,2023-12,49,5,2,Hiver,1
2023-12-06,2023,T4,12,décembre,2023-12,49,6,3,Hiver,1
2023-12-07,2023,T4,12,décembre,2023-12,49,7,4,Hiver,1
2023-12-08,2023,T4,12,décembre,2023-12,49,8,5,Hiver,1
2023-12-09,2023,T4,12,décembre,2023-12,49,9,6,Hiver,0
2023-12-10,2023,T4,12,décembre,2023-12,49,10,7,Hiver,0
2023-12-11,2023,T4,12,décembre,2023-12,50,11,1,Hiver,1
2023-12-12,2023,T4,12,décembre,2023-12,50,12,2,Hiver,1
2023-12-13,2023,T4,12,décembre,2023-12,50,13,3,Hiver,1
2023-12-14,2023,T4,12,décembre,2023-12,50,14,4,Hiver,1
2023-12-15,2023,T4,12,décembre,2023-12,50,15,5,Hiver,1
2023-12-16,2023,T4,12,décembre,2023-12,50,16,6,Hiver,0
2023-12-17,2023,T4,12,décembre,2023-12,50,17,7,Hiver,0
2023-12-18,2023,T4,12,décembre,2023-12,51,18,1,Hiver,1
2023-12-19,2023,T4,12,décembre,2023-12,51,19,2,Hiver,1
2023-12-20,2023,T4,12,décembre,2023-12,51,20,3,Hiver,1
2023-12-21,2023,T4,12,décembre,2023-12,51,21,4,Hiver,1
2023-12-22,2023,T4,12,décembre,2023-12,51,22,5,Hiver,1
2023-12-23,2023,T4,12,décembre,2023-12,51,23,6,Hiver,0
2023-12-24,2023,T4,12,décembre,2023-12,51,24,7,Hiver,0
2023-12-25,2023,T4,12,décembre,2023-12,52,25,1,Hiver,1
2023-12-26,2023,T4,12,décembre,2023-12,52,26,2,Hiver,1
2023-12-27,2023,T4,12,décembre,2023-12,52,27,3,Hiver,1
2023-12-28,2023,T4,12,décembre,2023-12,52,28,4,Hiver,1
2023-12-29,2023,T4,12,décembre,2023-12,52,29,5,Hiver,1
2023-12-30,2023,T4,12,décembre,2023-12,52,30,6,Hiver,0
2023-12-31,2023,T4,12,décembre,2023-12,52,31,7,Hiver,0
2024-01-01,2024,T1,1,janvier,2024-01,1,1,1,Hiver,1
2024-01-02,2024,T1,1,janvier,2024-01,1,2,2,Hiver,1
2024-01-03,2024,T1,1,janvier,2024-01,1,3,3,Hiver,1
2024-01-04,2024,T1,1,janvier,2024-01,1,4,4,Hiver,1
2024-01-05,2024,T1,1,janvier,2024-01,1,5,5,Hiver,1
2024-01-06,2024,T1,1,janvier,2024-01,1,6,6,Hiver,0
2024-01-07,2024,T1,1,janvier,2024-01,1,7,7,Hiver,0
2024-01-08,2024,T1,1,janvier,2024-01,2,8,1,Hiver,1
2024-01-09,2024,T1,1,janvier,2024-01,2,9,2,Hiver,1
2024-01-10,2024,T1,1,janvier,2024-01,2,10,3,Hiver,1
2024-01-11,2024,T1,1,janvier,2024-01,2,11,4,Hiver,1
2024-01-12,2024,T1,1,janvier,2024-01,2,12,5,Hiver,1
2024-01-13,2024,T1,1,janvier,2024-01,2,13,6,Hiver,0
2024-01-14,2024,T1,1,janvier,2024-01,2,14,7,Hiver,0
2024-01-15,2024,T1,1,janvier,2024-01,3,15,1,Hiver,1
2024-01-16,2024,T1,1,janvier,2024-01,3,16,2,Hiver,1
2024-01-17,2024,T1,1,janvier,2024-01,3,17,3,Hiver,1
2024-01-18,2024,T1,1,janvier,2024-01,3,18,4,Hiver,1
2024-01-19,2024,T1,1,janvier,2024-01,3,19,5,Hiver,1
2024-01-20,2024,T1,1,janvier,2024-01,3,20,6,Hiver,0
2024-01-21,2024,T1,1,janvier,2024-01,3,21,7,Hiver,0
2024-01-22,2024,T1,1,janvier,2024-01,4,22,1,Hiver,1
2024-01-23,2024,T1,1,janvier,2024-01,4,23,2,Hiver,1
2024-01-24,2024,T1,1,janvier,2024-01,4,24,3,Hiver,1
2024-01-25,2024,T1,1,janvier,2024-01,4,25,4,Hiver,1
2024-01-26,2024,T1,1,janvier,2024-01,4,26,5,Hiver,1
2024-01-27,2024,T1,1,janvier,2024-01,4,27,6,Hiver,0
2024-01-28,2024,T1,1,janvier,2024-01,4,28,7,Hiver,0
2024-01-29,2024,T1,1,janvier,2024-01,5,29,1,Hiver,1
2024-01-30,2024,T1,1,janvier,2024-01,5,30,2,Hiver,1
2024-01-31,2024,T1,1,janvier,2024-01,5,31,3,Hiver,1
2024-02-01,2024,T1,2,février,2024-02,5,1,4,Hiver,1
2024-02-02,2024,T1,2,février,2024-02,5,2,5,Hiver,1
2024-02-03,2024,T1,2,février,2024-02,5,3,6,Hiver,0
2024-02-04,2024,T1,2,février,2024-02,5,4,7,Hiver,0
2024-02-05,2024,T1,2,février,2024-02,6,5,1,Hiver,1
2024-02-06,2024,T1,2,février,2024-02,6,6,2,Hiver,1
2024-02-07,2024,T1,2,février,2024-02,6,7,3,Hiver,1
2024-02-08,2024,T1,2,février,2024-02,6,8,4,Hiver,1
2024-02-09,2024,T1,2,février,2024-02,6,9,5,Hiver,1
2024-02-10,2024,T1,2,février,2024-02,6,10,6,Hiver,0
2024-02-11,2024,T1,2,février,2024-02,6,11,7,Hiver,0
2024-02-12,2024,T1,2,février,2024-02,7,12,1,Hiver,1
2024-02-13,2024,T1,2,février,2024-02,7,13,2,Hiver,1
2024-02-14,2024,T1,2,février,2024-02,7,14,3,Hiver,1
2024-02-15,2024,T1,2,février,2024-02,7,15,4,Hiver,1
2024-02-16,2024,T1,2,février,2024-02,7,16,5,Hiver,1
2024-02-17,2024,T1,2,février,2024-02,7,17,6,Hiver,0
2024-02-18,2024,T1,2,février,2024-02,7,18,7,Hiver,0
2024-02-19,2024,T1,2,février,2024-02,8,19,1,Hiver,1
2024-02-20,2024,T1,2,février,2024-02,8,20,2,Hiver,1
2024-02-21,2024,T1,2,février,2024-02,8,21,3,Hiver,1
2024-02-22,2024,T1,2,février,2024-02,8,22,4,Hiver,1
2024-02-23,2024,T1,2,février,2024-02,8,23,5,Hiver,1
2024-02-24,2024,T1,2,février,2024-02,8,24,6,Hiver,0
2024-02-25,2024,T1,2,février,2024-02,8,25,7,Hiver,0
2024-02-26,2024,T1,2,février,2024-02,9,26,1,Hiver,1
2024-02-27,2024,T1,2,février,2024-02,9,27,2,Hiver,1
2024-02-28,2024,T1,2,février,2024-02,9,28,3,Hiver,1
2024-02-29,2024,T1,2,février,2024-02,9,29,4,Hiver,1
2024-03-01,2024,T1,3,mars,2024-03,9,1,5,Printemps,1
2024-03-02,2024,T1,3,mars,2024-03,9,2,6,Printemps,0
2024-03-03,2024,T1,3,mars,2024-03,9,3,7,Printemps,0
2024-03-04,2024,T1,3,mars,2024-03,10,4,1,Printemps,1
2024-03-05,2024,T1,3,mars,2024-03,10,5,2,Printemps,1
2024-03-06,2024,T1,3,mars,2024-03,10,6,3,Printemps,1
2024-03-07,2024,T1,3,mars,2024-03,10,7,4,Printemps,1
2024-03-08,2024,T1,3,mars,2024-03,10,8,5,Printemps,1
2024-03-09,2024,T1,3,mars,2024-03,10,9,6,Printemps,0
2024-03-10,2024,T1,3,mars,2024-03,10,10,7,Printemps,0
2024-03-11,2024,T1,3,mars,2024-03,11,11,1,Printemps,1
2024-03-12,2024,T1,3,mars,2024-03,11,12,2,Printemps,1
2024-03-13,2024,T1,3,mars,2024-03,11,13,3,Printemps,1
2024-03-14,2024,T1,3,mars,2024-03,11,14,4,Printemps,1
2024-03-15,2024,T1,3,mars,2024-03,11,15,5,Printemps,1
2024-03-16,2024,T1,3,mars,2024-03,11,16,6,Printemps,0
2024-03-17,2024,T1,3,mars,2024-03,11,17,7,Printemps,0
2024-03-18,2024,T1,3,mars,2024-03,12,18,1,Printemps,1
2024-03-19,2024,T1,3,mars,2024-03,12,19,2,Printemps,1
2024-03-20,2024,T1,3,mars,2024-03,12,20,3,Printemps,1
2024-03-21,2024,T1,3,mars,2024-03,12,21,4,Printemps,1
2024-03-22,2024,T1,3,mars,2024-03,12,22,5,Printemps,1
2024-03-23,2024,T1,3,mars,2024-03,12,23,6,Printemps,0
2024-03-24,2024,T1,3,mars,2024-03,12,24,7,Printemps,0
2024-03-25,2024,T1,3,mars,2024-03,13,25,1,Printemps,1
2024-03-26,2024,T1,3,mars,2024-03,13,26,2,Printemps,1
2024-03-27,2024,T1,3,mars,2024-03,13,27,3,Printemps,1
2024-03-28,2024,T1,3,mars,2024-03,13,28,4,Printemps,1
2024-03-29,2024,T1,3,mars,2024-03,13,29,5,Printemps,1
2024-03-30,2024,T1,3,mars,2024-03,13,30,6,Printemps,0
2024-03-31,2024,T1,3,mars,2024-03,13,31,7,Printemps,0
2024-04-01,2024,T2,4,avril,2024-04,14,1,1,Printemps,1
2024-04-02,2024,T2,4,avril,2024-04,14,2,2,Printemps,1
2024-04-03,2024,T2,4,avril,2024-04,14,3,3,Printemps,1
2024-04-04,2024,T2,4,avril,2024-04,14,4,4,Printemps,1
2024-04-05,2024,T2,4,avril,2024-04,14,5,5,Printemps,1
2024-04-06,2024,T2,4,avril,2024-04,14,6,6,Printemps,0
2024-04-07,2024,T2,4,avril,2024-04,14,7,7,Printemps,0
2024-04-08,2024,T2,4,avril,2024-04,15,8,1,Printemps,1
2024-04-09,2024,T2,4,avril,2024-04,15,9,2,Printemps,1
2024-04-10,2024,T2,4,avril,2024-04,15,10,3,Printemps,1
2024-04-11,2024,T2,4,avril,2024-04,15,11,4,Printemps,1
2024-04-12,2024,T2,4,avril,2024-04,15,12,5,Printemps,1
2024-04-13,2024,T2,4,avril,2024-04,15,13,6,Printemps,0
2024-04-14,2024,T2,4,avril,2024-04,15,14,7,Printemps,0
2024-04-15,2024,T2,4,avril,2024-04,16,15,1,Printemps,1
2024-04-16,2024,T2,4,avril,2024-04,16,16,2,Printemps,1
2024-04-17,2024,T2,4,avril,2024-04,16,17,3,Printemps,1
2024-04-18,2024,T2,4,avril,2024-04,16,18,4,Printemps,1
2024-04-19,2024,T2,4,avril,2024-04,16,19,5,Printemps,1
2024-04-20,2024,T2,4,avril,2024-04,16,20,6,Printemps,0
2024-04-21,2024,T2,4,avril,2024-04,16,21,7,Printemps,0
2024-04-22,2024,T2,4,avril,2024-04,17,22,1,Printemps,1
2024-04-23,2024,T2,4,avril,2024-04,17,23,2,Printemps,1
2024-04-24,2024,T2,4,avril,2024-04,17,24,3,Printemps,1
2024-04-25,2024,T2,4,avril,2024-04,17,25,4,Printemps,1
2024-04-26,2024,T2,4,avril,2024-04,17,26,5,Printemps,1
2024-04-27,2024,T2,4,avril,2024-04,17,27,6,Printemps,0
2024-04-28,2024,T2,4,avril,2024-04,17,28,7,Printemps,0
2024-04-29,2024,T2,4,avril,2024-04,18,29,1,Printemps,1
2024-04-30,2024,T2,4,avril,2024-04,18,30,2,Printemps,1
2024-05-01,2024,T2,5,mai,2024-05,18,1,3,Printemps,1
2024-05-02,2024,T2,5,mai,2024-05,18,2,4,Printemps,1
2024-05-03,2024,T2,5,mai,2024-05,18,3,5,Printemps,1
2024-05-04,2024,T2,5,mai,2024-05,18,4,6,Printemps,0
2024-05-05,2024,T2,5,mai,2024-05,18,5,7,Printemps,0
2024-05-06,2024,T2,5,mai,2024-05,19,6,1,Printemps,1
2024-05-07,2024,T2,5,mai,2024-05,19,7,2,Printemps,1
2024-05-08,2024,T2,5,mai,2024-05,19,8,3,Printemps,1
2024-05-09,2024,T2,5,mai,2024-05,19,9,4,Printemps,1
2024-05-10,2024,T2,5,mai,2024-05,19,10,5,Printemps,1
2024-05-11,2024,T2,5,mai,2024-05,19,11,6,Printemps,0
2024-05-12,2024,T2,5,mai,2024-05,19,12,7,Printemps,0
2024-05-13,2024,T2,5,mai,2024-05,20,13,1,Printemps,1
2024-05-14,2024,T2,5,mai,2024-05,20,14,2,Printemps,1
2024-05-15,2024,T2,5,mai,2024-05,20,15,3,Printemps,1
2024-05-16,2024,T2,5,mai,2024-05,20,16,4,Printemps,1
2024-05-17,2024,T2,5,mai,2024-05,20,17,5,Printemps,1
2024-05-18,2024,T2,5,mai,2024-05,20,18,6,Printemps,0
2024-05-19,2024,T2,5,mai,2024-05,20,19,7,Printemps,0
2024-05-20,2024,T2,5,mai,2024-05,21,20,1,Printemps,1
2024-05-21,2024,T2,5,mai,2024-05,21,21,2,Printemps,1
2024-05-22,2024,T2,5,mai,2024-05,21,22,3,Printemps,1
2024-05-23,2024,T2,5,mai,2024-05,21,23,4,Printemps,1
2024-05-24,2024,T2,5,mai,2024-05,21,24,5,Printemps,1
2024-05-25,2024,T2,5,mai,2024-05,21,25,6,Printemps,0
2024-05-26,2024,T2,5,mai,2024-05,21,26,7,Printemps,0
2024-05-27,2024,T2,5,mai,2024-05,22,27,1,Printemps,1
2024-05-28,2024,T2,5,mai,2024-05,22,28,2,Printemps,1
2024-05-29,2024,T2,5,mai,2024-05,22,29,3,Printemps,1
2024-05-30,2024,T2,5,mai,2024-05,22,30,4,Printemps,1
2024-05-31,2024,T2,5,mai,2024-05,22,31,5,Printemps,1
2024-06-01,2024,T2,6,juin,2024-06,22,1,6,Été,0
2024-06-02,2024,T2,6,juin,2024-06,22,2,7,Été,0
2024-06-03,2024,T2,6,juin,2024-06,23,3,1,Été,1
2024-06-04,2024,T2,6,juin,2024-06,23,4,2,Été,1
2024-06-05,2024,T2,6,juin,2024-06,23,5,3,Été,1
2024-06-06,2024,T2,6,juin,2024-06,23,6,4,Été,1
2024-06-07,2024,T2,6,juin,2024-06,23,7,5,Été,1
2024-06-08,2024,T2,6,juin,2024-06,23,8,6,Été,0
2024-06-09,2024,T2,6,juin,2024-06,23,9,7,Été,0
2024-06-10,2024,T2,6,juin,2024-06,24,10,1,Été,1
2024-06-11,2024,T2,6,juin,2024-06,24,11,2,Été,1
2024-06-12,2024,T2,6,juin,2024-06,24,12,3,Été,1
2024-06-13,2024,T2,6,juin,2024-06,24,13,4,Été,1
2024-06-14,2024,T2,6,juin,2024-06,24,14,5,Été,1
2024-06-15,2024,T2,6,juin,2024-06,24,15,6,Été,0
2024-06-16,2024,T2,6,juin,2024-06,24,16,7,Été,0
2024-06-17,2024,T2,6,juin,2024-06,25,17,1,Été,1
2024-06-18,2024,T2,6,juin,2024-06,25,18,2,Été,1
2024-06-19,2024,T2,6,juin,2024-06,25,19,3,Été,1
2024-06-20,2024,T2,6,juin,2024-06,25,20,4,Été,1
2024-06-21,2024,T2,6,juin,2024-06,25,21,5,Été,1
2024-06-22,2024,T2,6,juin,2024-06,25,22,6,Été,0
2024-06-23,2024,T2,6,juin,2024-06,25,23,7,Été,0
2024-06-24,2024,T2,6,juin,2024-06,26,24,1,Été,1
2024-06-25,2024,T2,6,juin,2024-06,26,25,2,Été,1
2024-06-26,2024,T2,6,juin,2024-06,26,26,3,Été,1
2024-06-27,2024,T2,6,juin,2024-06,26,27,4,Été,1
2024-06-28,2024,T2,6,juin,2024-06,26,28,5,Été,1
2024-06-29,2024,T2,6,juin,2024-06,26,29,6,Été,0
2024-06-30,2024,T2,6,juin,2024-06,26,30,7,Été,0
2024-07-01,2024,T3,7,juillet,2024-07,27,1,1,Été,1
2024-07-02,2024,T3,7,juillet,2024-07,27,2,2,Été,1
2024-07-03,2024,T3,7,juillet,2024-07,27,3,3,Été,1
2024-07-04,2024,T3,7,juillet,2024-07,27,4,4,Été,1
2024-07-05,2024,T3,7,juillet,2024-07,27,5,5,Été,1
2024-07-06,2024,T3,7,juillet,2024-07,27,6,6,Été,0
2024-07-07,2024,T3,7,juillet,2024-07,27,7,7,Été,0
2024-07-08,2024,T3,7,juillet,2024-07,28,8,1,Été,1
2024-07-09,2024,T3,7,juillet,2024-07,28,9,2,Été,1
2024-07-10,2024,T3,7,juillet,2024-07,28,10,3,Été,1
2024-07-11,2024,T3,7,juillet,2024-07,28,11,4,Été,1
2024-07-12,2024,T3,7,juillet,2024-07,28,12,5,Été,1
2024-07-13,2024,T3,7,juillet,2024-07,28,13,6,Été,0
2024-07-14,2024,T3,7,juillet,2024-07,28,14,7,Été,0
2024-07-15,2024,T3,7,juillet,2024-07,29,15,1,Été,1
2024-07-16,2024,T3,7,juillet,2024-07,29,16,2,Été,1
2024-07-17,2024,T3,7,juillet,2024-07,29,17,3,Été,1
2024-07-18,2024,T3,7,juillet,2024-07,29,18,4,Été,1
2024-07-19,2024,T3,7,juillet,2024-07,29,19,5,Été,1
2024-07-20,2024,T3,7,juillet,2024-07,29,20,6,Été,0
2024-07-21,2024,T3,7,juillet,2024-07,29,21,7,Été,0
2024-07-22,2024,T3,7,juillet,2024-07,30,22,1,Été,1
2024-07-23,2024,T3,7,juillet,2024-07,30,23,2,Été,1
2024-07-24,2024,T3,7,juillet,2024-07,30,24,3,Été,1
2024-07-25,2024,T3,7,juillet,2024-07,30,25,4,Été,1
2024-07-26,2024,T3,7,juillet,2024-07,30,26,5,Été,1
2024-07-27,2024,T3,7,juillet,2024-07,30,27,6,Été,0
2024-07-28,2024,T3,7,juillet,2024-07,30,28,7,Été,0
2024-07-29,2024,T3,7,juillet,2024-07,31,29,1,Été,1
2024-07-30,2024,T3,7,juillet,2024-07,31,30,2,Été,1
2024-07-31,2024,T3,7,juillet,2024-07,31,31,3,Été,1
2024-08-01,2024,T3,8,août,2024-08,31,1,4,Été,1
2024-08-02,2024,T3,8,août,2024-08,31,2,5,Été,1
2024-08-03,2024,T3,8,août,2024-08,31,3,6,Été,0
2024-08-04,2024,T3,8,août,2024-08,31,4,7,Été,0
2024-08-05,2024,T3,8,août,2024-08,32,5,1,Été,1
2024-08-06,2024,T3,8,août,2024-08,32,6,2,Été,1
2024-08-07,2024,T3,8,août,2024-08,32,7,3,Été,1
2024-08-08,2024,T3,8,août,2024-08,32,8,4,Été,1
2024-08-09,2024,T3,8,août,2024-08,32,9,5,Été,1
2024-08-10,2024,T3,8,août,2024-08,32,10,6,Été,0
2024-08-11,2024,T3,8,août,2024-08,32,11,7,Été,0
2024-08-12,2024,T3,8,août,2024-08,33,12,1,Été,1
2024-08-13,2024,T3,8,août,2024-08,33,13,2,Été,1
2024-08-14,2024,T3,8,août,2024-08,33,14,3,Été,1
2024-08-15,2024,T3,8,août,2024-08,33,15,4,Été,1
2024-08-16,2024,T3,8,août,2024-08,33,16,5,Été,1
2024-08-17,2024,T3,8,août,2024-08,33,17,6,Été,0
2024-08-18,2024,T3,8,août,2024-08,33,18,7,Été,0
2024-08-19,2024,T3,8,août,2024-08,34,19,1,Été,1
2024-08-20,2024,T3,8,août,2024-08,34,20,2,Été,1
2024-08-21,2024,T3,8,août,2024-08,34,21,3,Été,1
2024-08-22,2024,T3,8,août,2024-08,34,22,4,Été,1
2024-08-23,2024,T3,8,août,2024-08,34,23,5,Été,1
2024-08-24,2024,T3,8,août,2024-08,34,24,6,Été,0
2024-08-25,2024,T3,8,août,2024-08,34,25,7,Été,0
2024-08-26,2024,T3,8,août,2024-08,35,26,1,Été,1
2024-08-27,2024,T3,8,août,2024-08,35,27,2,Été,1
2024-08-28,2024,T3,8,août,2024-08,35,28,3,Été,1
2024-08-29,2024,T3,8,août,2024-08,35,29,4,Été,1
2024-08-30,2024,T3,8,août,2024-08,35,30,5,Été,1
2024-08-31,2024,T3,8,août,2024-08,35,31,6,Été,0
2024-09-01,2024,T3,9,septembre,2024-09,35,1,7,Automne,0
2024-09-02,2024,T3,9,septembre,2024-09,36,2,1,Automne,1
2024-09-03,2024,T3,9,septembre,2024-09,36,3,2,Automne,1
2024-09-04,2024,T3,9,septembre,2024-09,36,4,3,Automne,1
2024-09-05,2024,T3,9,septembre,2024-09,36,5,4,Automne,1
2024-09-06,2024,T3,9,septembre,2024-09,36,6,5,Automne,1
2024-09-07,2024,T3,9,septembre,2024-09,36,7,6,Automne,0
2024-09-08,2024,T3,9,septembre,2024-09,36,8,7,Automne,0
2024-09-09,2024,T3,9,septembre,2024-09,37,9,1,Automne,1
2024-09-10,2024,T3,9,septembre,2024-09,37,10,2,Automne,1
2024-09-11,2024,T3,9,septembre,2024-09,37,11,3,Automne,1
2024-09-12,2024,T3,9,septembre,2024-09,37,12,4,Automne,1
2024-09-13,2024,T3,9,septembre,2024-09,37,13,5,Automne,1
2024-09-14,2024,T3,9,septembre,2024-09,37,14,6,Automne,0
2024-09-15,2024,T3,9,septembre,2024-09,37,15,7,Automne,0
2024-09-16,2024,T3,9,septembre,2024-09,38,16,1,Automne,1
2024-09-17,2024,T3,9,septembre,2024-09,38,17,2,Automne,1
2024-09-18,2024,T3,9,septembre,2024-09,38,18,3,Automne,1
2024-09-19,2024,T3,9,septembre,2024-09,38,19,4,Automne,1
2024-09-20,2024,T3,9,septembre,2024-09,38,20,5,Automne,1
2024-09-21,2024,T3,9,septembre,2024-09,38,21,6,Automne,0
2024-09-22,2024,T3,9,septembre,2024-09,38,22,7,Automne,0
2024-09-23,2024,T3,9,septembre,2024-09,39,23,1,Automne,1
2024-09-24,2024,T3,9,septembre,2024-09,39,24,2,Automne,1
2024-09-25,2024,T3,9,septembre,2024-09,39,25,3,Automne,1
2024-09-26,2024,T3,9,septembre,2024-09,39,26,4,Automne,1
2024-09-27,2024,T3,9,septembre,2024-09,39,27,5,Automne,1
2024-09-28,2024,T3,9,septembre,2024-09,39,28,6,Automne,0
2024-09-29,2024,T3,9,septembre,2024-09,39,29,7,Automne,0
2024-09-30,2024,T3,9,septembre,2024-09,40,30,1,Automne,1
2024-10-01,2024,T4,10,octobre,2024-10,40,1,2,Automne,1
2024-10-02,2024,T4,10,octobre,2024-10,40,2,3,Automne,1
2024-10-03,2024,T4,10,octobre,2024-10,40,3,4,Automne,1
2024-10-04,2024,T4,10,octobre,2024-10,40,4,5,Automne,1
2024-10-05,2024,T4,10,octobre,2024-10,40,5,6,Automne,0
2024-10-06,2024,T4,10,octobre,2024-10,40,6,7,Automne,0
2024-10-07,2024,T4,10,octobre,2024-10,41,7,1,Automne,1
2024-10-08,2024,T4,10,octobre,2024-10,41,8,2,Automne,1
2024-10-09,2024,T4,10,octobre,2024-10,41,9,3,Automne,1
2024-10-10,2024,T4,10,octobre,2024-10,41,10,4,Automne,1
2024-10-11,2024,T4,10,octobre,2024-10,41,11,5,Automne,1
2024-10-12,2024,T4,10,octobre,2024-10,41,12,6,Automne,0
2024-10-13,2024,T4,10,octobre,2024-10,41,13,7,Automne,0
2024-10-14,2024,T4,10,octobre,2024-10,42,14,1,Automne,1
2024-10-15,2024,T4,10,octobre,2024-10,42,15,2,Automne,1
2024-10-16,2024,T4,10,octobre,2024-10,42,16,3,Automne,1
2024-10-17,2024,T4,10,octobre,2024-10,42,17,4,Automne,1
2024-10-18,2024,T4,10,octobre,2024-10,42,18,5,Automne,1
2024-10-19,2024,T4,10,octobre,2024-10,42,19,6,Automne,0
2024-10-20,2024,T4,10,octobre,2024-10,42,20,7,Automne,0
2024-10-21,2024,T4,10,octobre,2024-10,43,21,1,Automne,1
2024-10-22,2024,T4,10,octobre,2024-10,43,22,2,Automne,1
2024-10-23,2024,T4,10,octobre,2024-10,43,23,3,Automne,1
2024-10-24,2024,T4,10,octobre,2024-10,43,24,4,Automne,1
2024-10-25,2024,T4,10,octobre,2024-10,43,25,5,Automne,1
2024-10-26,2024,T4,10,octobre,2024-10,43,26,6,Automne,0
2024-10-27,2024,T4,10,octobre,2024-10,43,27,7,Automne,0
2024-10-28,2024,T4,10,octobre,2024-10,44,28,1,Automne,1
2024-10-29,2024,T4,10,octobre,2024-10,44,29,2,Automne,1
2024-10-30,2024,T4,10,octobre,2024-10,44,30,3,Automne,1
2024-10-31,2024,T4,10,octobre,2024-10,44,31,4,Automne,1
2024-11-01,2024,T4,11,novembre,2024-11,44,1,5,Automne,1
2024-11-02,2024,T4,11,novembre,2024-11,44,2,6,Automne,0
2024-11-03,2024,T4,11,novembre,2024-11,44,3,7,Automne,0
2024-11-04,2024,T4,11,novembre,2024-11,45,4,1,Automne,1
2024-11-05,2024,T4,11,novembre,2024-11,45,5,2,Automne,1
2024-11-06,2024,T4,11,novembre,2024-11,45,6,3,Automne,1
2024-11-07,2024,T4,11,novembre,2024-11,45,7,4,Automne,1
2024-11-08,2024,T4,11,novembre,2024-11,45,8,5,Automne,1
2024-11-09,2024,T4,11,novembre,2024-11,45,9,6,Automne,0
2024-11-10,2024,T4,11,novembre,2024-11,45,10,7,Automne,0
2024-11-11,2024,T4,11,novembre,2024-11,46,11,1,Automne,1
2024-11-12,2024,T4,11,novembre,2024-11,46,12,2,Automne,1
2024-11-13,2024,T4,11,novembre,2024-11,46,13,3,Automne,1
2024-11-14,2024,T4,11,novembre,2024-11,46,14,4,Automne,1
2024-11-15,2024,T4,11,novembre,2024-11,46,15,5,Automne,1
2024-11-16,2024,T4,11,novembre,2024-11,46,16,6,Automne,0
2024-11-17,2024,T4,11,novembre,2024-11,46,17,7,Automne,0
2024-11-18,2024,T4,11,novembre,2024-11,47,18,1,Automne,1
2024-11-19,2024,T4,11,novembre,2024-11,47,19,2,Automne,1
2024-11-20,2024,T4,11,novembre,2024-11,47,20,3,Automne,1
2024-11-21,2024,T4,11,novembre,2024-11,47,21,4,Automne,1
2024-11-22,2024,T4,11,novembre,2024-11,47,22,5,Automne,1
2024-11-23,2024,T4,11,novembre,2024-11,47,23,6,Automne,0
2024-11-24,2024,T4,11,novembre,2024-11,47,24,7,Automne,0
2024-11-25,2024,T4,11,novembre,2024-11,48,25,1,Automne,1
2024-11-26,2024,T4,11,novembre,2024-11,48,26,2,Automne,1
2024-11-27,2024,T4,11,novembre,2024-11,48,27,3,Automne,1
2024-11-28,2024,T4,11,novembre,2024-11,48,28,4,Automne,1
2024-11-29,2024,T4,11,novembre,2024-11,48,29,5,Automne,1
2024-11-30,2024,T4,11,novembre,2024-11,48,30,6,Automne,0
2024-12-01,2024,T4,12,décembre,2024-12,48,1,7,Hiver,0
2024-12-02,2024,T4,12,décembre,2024-12,49,2,1,Hiver,1
2024-12-03,2024,T4,12,décembre,2024-12,49,3,2,Hiver,1
2024-12-04,2024,T4,12,décembre,2024-12,49,4,3,Hiver,1
2024-12-05,2024,T4,12,décembre,2024-12,49,5,4,Hiver,1
2024-12-06,2024,T4,12,décembre,2024-12,49,6,5,Hiver,1
2024-12-07,2024,T4,12,décembre,2024-12,49,7,6,Hiver,0
2024-12-08,2024,T4,12,décembre,2024-12,49,8,7,Hiver,0
2024-12-09,2024,T4,12,décembre,2024-12,50,9,1,Hiver,1
2024-12-10,2024,T4,12,décembre,2024-12,50,10,2,Hiver,1
2024-12-11,2024,T4,12,décembre,2024-12,50,11,3,Hiver,1
2024-12-12,2024,T4,12,décembre,2024-12,50,12,4,Hiver,1
2024-12-13,2024,T4,12,décembre,2024-12,50,13,5,Hiver,1
2024-12-14,2024,T4,12,décembre,2024-12,50,14,6,Hiver,0
2024-12-15,2024,T4,12,décembre,2024-12,50,15,7,Hiver,0
2024-12-16,2024,T4,12,décembre,2024-12,51,16,1,Hiver,1
2024-12-17,2024,T4,12,décembre,2024-12,51,17,2,Hiver,1
2024-12-18,2024,T4,12,décembre,2024-12,51,18,3,Hiver,1
2024-12-19,2024,T4,12,décembre,2024-12,51,19,4,Hiver,1
2024-12-20,2024,T4,12,décembre,2024-12,51,20,5,Hiver,1
2024-12-21,2024,T4,12,décembre,2024-12,51,21,6,Hiver,0
2024-12-22,2024,T4,12,décembre,2024-12,51,22,7,Hiver,0
2024-12-23,2024,T4,12,décembre,2024-12,52,23,1,Hiver,1
2024-12-24,2024,T4,12,décembre,2024-12,52,24,2,Hiver,1
2024-12-25,2024,T4,12,décembre,2024-12,52,25,3,Hiver,1
2024-12-26,2024,T4,12,décembre,2024-12,52,26,4,Hiver,1
2024-12-27,2024,T4,12,décembre,2024-12,52,27,5,Hiver,1
2024-12-28,2024,T4,12,décembre,2024-12,52,28,6,Hiver,0
2024-12-29,2024,T4,12,décembre,2024-12,52,29,7,Hiver,0
2024-12-30,2024,T4,12,décembre,2024-12,1,30,1,Hiver,1
2024-12-31,2024,T4,12,décembre,2024-12,1,31,2,Hiver,1
2025-01-01,2025,T1,1,janvier,2025-01,1,1,3,Hiver,1
2025-01-02,2025,T1,1,janvier,2025-01,1,2,4,Hiver,1
2025-01-03,2025,T1,1,janvier,2025-01,1,3,5,Hiver,1
2025-01-04,2025,T1,1,janvier,2025-01,1,4,6,Hiver,0
2025-01-05,2025,T1,1,janvier,2025-01,1,5,7,Hiver,0
2025-01-06,2025,T1,1,janvier,2025-01,2,6,1,Hiver,1
2025-01-07,2025,T1,1,janvier,2025-01,2,7,2,Hiver,1
2025-01-08,2025,T1,1,janvier,2025-01,2,8,3,Hiver,1
2025-01-09,2025,T1,1,janvier,2025-01,2,9,4,Hiver,1
2025-01-10,2025,T1,1,janvier,2025-01,2,10,5,Hiver,1
2025-01-11,2025,T1,1,janvier,2025-01,2,11,6,Hiver,0
2025-01-12,2025,T1,1,janvier,2025-01,2,12,7,Hiver,0
2025-01-13,2025,T1,1,janvier,2025-01,3,13,1,Hiver,1
2025-01-14,2025,T1,1,janvier,2025-01,3,14,2,Hiver,1
2025-01-15,2025,T1,1,janvier,2025-01,3,15,3,Hiver,1
2025-01-16,2025,T1,1,janvier,2025-01,3,16,4,Hiver,1
2025-01-17,2025,T1,1,janvier,2025-01,3,17,5,Hiver,1
2025-01-18,2025,T1,1,janvier,2025-01,3,18,6,Hiver,0
2025-01-19,2025,T1,1,janvier,2025-01,3,19,7,Hiver,0
2025-01-20,2025,T1,1,janvier,2025-01,4,20,1,Hiver,1
2025-01-21,2025,T1,1,janvier,2025-01,4,21,2,Hiver,1
2025-01-22,2025,T1,1,janvier,2025-01,4,22,3,Hiver,1
2025-01-23,2025,T1,1,janvier,2025-01,4,23,4,Hiver,1
2025-01-24,2025,T1,1,janvier,2025-01,4,24,5,Hiver,1
2025-01-25,2025,T1,1,janvier,2025-01,4,25,6,Hiver,0
2025-01-26,2025,T1,1,janvier,2025-01,4,26,7,Hiver,0
2025-01-27,2025,T1,1,janvier,2025-01,5,27,1,Hiver,1
2025-01-28,2025,T1,1,janvier,2025-01,5,28,2,Hiver,1
2025-01-29,2025,T1,1,janvier,2025-01,5,29,3,Hiver,1
2025-01-30,2025,T1,1,janvier,2025-01,5,30,4,Hiver,1
2025-01-31,2025,T1,1,janvier,2025-01,5,31,5,Hiver,1
2025-02-01,2025,T1,2,février,2025-02,5,1,6,Hiver,0
2025-02-02,2025,T1,2,février,2025-02,5,2,7,Hiver,0
2025-02-03,2025,T1,2,février,2025-02,6,3,1,Hiver,1
2025-02-04,2025,T1,2,février,2025-02,6,4,2,Hiver,1
2025-02-05,2025,T1,2,février,2025-02,6,5,3,Hiver,1
2025-02-06,2025,T1,2,février,2025-02,6,6,4,Hiver,1
2025-02-07,2025,T1,2,février,2025-02,6,7,5,Hiver,1
2025-02-08,2025,T1,2,février,2025-02,6,8,6,Hiver,0
2025-02-09,2025,T1,2,février,2025-02,6,9,7,Hiver,0
2025-02-10,2025,T1,2,février,2025-02,7,10,1,Hiver,1
2025-02-11,2025,T1,2,février,2025-02,7,11,2,Hiver,1
2025-02-12,2025,T1,2,février,2025-02,7,12,3,Hiver,1
2025-02-13,2025,T1,2,février,2025-02,7,13,4,Hiver,1
2025-02-14,2025,T1,2,février,2025-02,7,14,5,Hiver,1
2025-02-15,2025,T1,2,février,2025-02,7,15,6,Hiver,0
2025-02-16,2025,T1,2,février,2025-02,7,16,7,Hiver,0
2025-02-17,2025,T1,2,février,2025-02,8,17,1,Hiver,1
2025-02-18,2025,T1,2,février,2025-02,8,18,2,Hiver,1
2025-02-19,2025,T1,2,février,2025-02,8,19,3,Hiver,1
2025-02-20,2025,T1,2,février,2025-02,8,20,4,Hiver,1
2025-02-21,2025,T1,2,février,2025-02,8,21,5,Hiver,1
2025-02-22,2025,T1,2,février,2025-02,8,22,6,Hiver,0
2025-02-23,2025,T1,2,février,2025-02,8,23,7,Hiver,0
2025-02-24,2025,T1,2,février,2025-02,9,24,1,Hiver,1
2025-02-25,2025,T1,2,février,2025-02,9,25,2,Hiver,1
2025-02-26,2025,T1,2,février,2025-02,9,26,3,Hiver,1
2025-02-27,2025,T1,2,février,2025-02,9,27,4,Hiver,1
2025-02-28,2025,T1,2,février,2025-02,9,28,5,Hiver,1
2025-03-01,2025,T1,3,mars,2025-03,9,1,6,Printemps,0
2025-03-02,2025,T1,3,mars,2025-03,9,2,7,Printemps,0
2025-03-03,2025,T1,3,mars,2025-03,10,3,1,Printemps,1
2025-03-04,2025,T1,3,mars,2025-03,10,4,2,Printemps,1
2025-03-05,2025,T1,3,mars,2025-03,10,5,3,Printemps,1
2025-03-06,2025,T1,3,mars,2025-03,10,6,4,Printemps,1
2025-03-07,2025,T1,3,mars,2025-03,10,7,5,Printemps,1
2025-03-08,2025,T1,3,mars,2025-03,10,8,6,Printemps,0
2025-03-09,2025,T1,3,mars,2025-03,10,9,7,Printemps,0
2025-03-10,2025,T1,3,mars,2025-03,11,10,1,Printemps,1
2025-03-11,2025,T1,3,mars,2025-03,11,11,2,Printemps,1
2025-03-12,2025,T1,3,mars,2025-03,11,12,3,Printemps,1
2025-03-13,2025,T1,3,mars,2025-03,11,13,4,Printemps,1
2025-03-14,2025,T1,3,mars,2025-03,11,14,5,Printemps,1
2025-03-15,2025,T1,3,mars,2025-03,11,15,6,Printemps,0
2025-03-16,2025,T1,3,mars,2025-03,11,16,7,Printemps,0
2025-03-17,2025,T1,3,mars,2025-03,12,17,1,Printemps,1
2025-03-18,2025,T1,3,mars,2025-03,12,18,2,Printemps,1
2025-03-19,2025,T1,3,mars,2025-03,12,19,3,Printemps,1
2025-03-20,2025,T1,3,mars,2025-03,12,20,4,Printemps,1
2025-03-21,2025,T1,3,mars,2025-03,12,21,5,Printemps,1
2025-03-22,2025,T1,3,mars,2025-03,12,22,6,Printemps,0
2025-03-23,2025,T1,3,mars,2025-03,12,23,7,Printemps,0
2025-03-24,2025,T1,3,mars,2025-03,13,24,1,Printemps,1
2025-03-25,2025,T1,3,mars,2025-03,13,25,2,Printemps,1
2025-03-26,2025,T1,3,mars,2025-03,13,26,3,Printemps,1
2025-03-27,2025,T1,3,mars,2025-03,13,27,4,Printemps,1
2025-03-28,2025,T1,3,mars,2025-03,13,28,5,Printemps,1
2025-03-29,2025,T1,3,mars,2025-03,13,29,6,Printemps,0
2025-03-30,2025,T1,3,mars,2025-03,13,30,7,Printemps,0
2025-03-31,2025,T1,3,mars,2025-03,14,31,1,Printemps,1
2025-04-01,2025,T2,4,avril,2025-04,14,1,2,Printemps,1
2025-04-02,2025,T2,4,avril,2025-04,14,2,3,Printemps,1
2025-04-03,2025,T2,4,avril,2025-04,14,3,4,Printemps,1
2025-04-04,2025,T2,4,avril,2025-04,14,4,5,Printemps,1
2025-04-05,2025,T2,4,avril,2025-04,14,5,6,Printemps,0
2025-04-06,2025,T2,4,avril,2025-04,14,6,7,Printemps,0
2025-04-07,2025,T2,4,avril,2025-04,15,7,1,Printemps,1
2025-04-08,2025,T2,4,avril,2025-04,15,8,2,Printemps,1
2025-04-09,2025,T2,4,avril,2025-04,15,9,3,Printemps,1
2025-04-10,2025,T2,4,avril,2025-04,15,10,4,Printemps,1
2025-04-11,2025,T2,4,avril,2025-04,15,11,5,Printemps,1
2025-04-12,2025,T2,4,avril,2025-04,15,12,6,Printemps,0
2025-04-13,2025,T2,4,avril,2025-04,15,13,7,Printemps,0
2025-04-14,2025,T2,4,avril,2025-04,16,14,1,Printemps,1
2025-04-15,2025,T2,4,avril,2025-04,16,15,2,Printemps,1
2025-04-16,2025,T2,4,avril,2025-04,16,16,3,Printemps,1
2025-04-17,2025,T2,4,avril,2025-04,16,17,4,Printemps,1
2025-04-18,2025,T2,4,avril,2025-04,16,18,5,Printemps,1
2025-04-19,2025,T2,4,avril,2025-04,16,19,6,Printemps,0
2025-04-20,2025,T2,4,avril,2025-04,16,20,7,Printemps,0
2025-04-21,2025,T2,4,avril,2025-04,17,21,1,Printemps,1
2025-04-22,2025,T2,4,avril,2025-04,17,22,2,Printemps,1
2025-04-23,2025,T2,4,avril,2025-04,17,23,3,Printemps,1
2025-04-24,2025,T2,4,avril,2025-04,17,24,4,Printemps,1
2025-04-25,2025,T2,4,avril,2025-04,17,25,5,Printemps,1
2025-04-26,2025,T2,4,avril,2025-04,17,26,6,Printemps,0
2025-04-27,2025,T2,4,avril,2025-04,17,27,7,Printemps,0
2025-04-28,2025,T2,4,avril,2025-04,18,28,1,Printemps,1
2025-04-29,2025,T2,4,avril,2025-04,18,29,2,Printemps,1
2025-04-30,2025,T2,4,avril,2025-04,18,30,3,Printemps,1
2025-05-01,2025,T2,5,mai,2025-05,18,1,4,Printemps,1
2025-05-02,2025,T2,5,mai,2025-05,18,2,5,Printemps,1
2025-05-03,2025,T2,5,mai,2025-05,18,3,6,Printemps,0
2025-05-04,2025,T2,5,mai,2025-05,18,4,7,Printemps,0
2025-05-05,2025,T2,5,mai,2025-05,19,5,1,Printemps,1
2025-05-06,2025,T2,5,mai,2025-05,19,6,2,Printemps,1
2025-05-07,2025,T2,5,mai,2025-05,19,7,3,Printemps,1
2025-05-08,2025,T2,5,mai,2025-05,19,8,4,Printemps,1
2025-05-09,2025,T2,5,mai,2025-05,19,9,5,Printemps,1
2025-05-10,2025,T2,5,mai,2025-05,19,10,6,Printemps,0
2025-05-11,2025,T2,5,mai,2025-05,19,11,7,Printemps,0
2025-05-12,2025,T2,5,mai,2025-05,20,12,1,Printemps,1
2025-05-13,2025,T2,5,mai,2025-05,20,13,2,Printemps,1
2025-05-14,2025,T2,5,mai,2025-05,20,14,3,Printemps,1
2025-05-15,2025,T2,5,mai,2025-05,20,15,4,Printemps,1
2025-05-16,2025,T2,5,mai,2025-05,20,16,5,Printemps,1
2025-05-17,2025,T2,5,mai,2025-05,20,17,6,Printemps,0
2025-05-18,2025,T2,5,mai,2025-05,20,18,7,Printemps,0
2025-05-19,2025,T2,5,mai,2025-05,21,19,1,Printemps,1
2025-05-20,2025,T2,5,mai,2025-05,21,20,2,Printemps,1
2025-05-21,2025,T2,5,mai,2025-05,21,21,3,Printemps,1
2025-05-22,2025,T2,5,mai,2025-05,21,22,4,Printemps,1
2025-05-23,2025,T2,5,mai,2025-05,21,23,5,Printemps,1
2025-05-24,2025,T2,5,mai,2025-05,21,24,6,Printemps,0
2025-05-25,2025,T2,5,mai,2025-05,21,25,7,Printemps,0
2025-05-26,2025,T2,5,mai,2025-05,22,26,1,Printemps,1
2025-05-27,2025,T2,5,mai,2025-05,22,27,2,Printemps,1
2025-05-28,2025,T2,5,mai,2025-05,22,28,3,Printemps,1
2025-05-29,2025,T2,5,mai,2025-05,22,29,4,Printemps,1
2025-05-30,2025,T2,5,mai,2025-05,22,30,5,Printemps,1
2025-05-31,2025,T2,5,mai,2025-05,22,31,6,Printemps,0
2025-06-01,2025,T2,6,juin,2025-06,22,1,7,Été,0
2025-06-02,2025,T2,6,juin,2025-06,23,2,1,Été,1
2025-06-03,2025,T2,6,juin,2025-06,23,3,2,Été,1
2025-06-04,2025,T2,6,juin,2025-06,23,4,3,Été,1
2025-06-05,2025,T2,6,juin,2025-06,23,5,4,Été,1
2025-06-06,2025,T2,6,juin,2025-06,23,6,5,Été,1
2025-06-07,2025,T2,6,juin,2025-06,23,7,6,Été,0
2025-06-08,2025,T2,6,juin,2025-06,23,8,7,Été,0
2025-06-09,2025,T2,6,juin,2025-06,24,9,1,Été,1
2025-06-10,2025,T2,6,juin,2025-06,24,10,2,Été,1
2025-06-11,2025,T2,6,juin,2025-06,24,11,3,Été,1
2025-06-12,2025,T2,6,juin,2025-06,24,12,4,Été,1
2025-06-13,2025,T2,6,juin,2025-06,24,13,5,Été,1
2025-06-14,2025,T2,6,juin,2025-06,24,14,6,Été,0
2025-06-15,2025,T2,6,juin,2025-06,24,15,7,Été,0
2025-06-16,2025,T2,6,juin,2025-06,25,16,1,Été,1
2025-06-17,2025,T2,6,juin,2025-06,25,17,2,Été,1
2025-06-18,2025,T2,6,juin,2025-06,25,18,3,Été,1
2025-06-19,2025,T2,6,juin,2025-06,25,19,4,Été,1
2025-06-20,2025,T2,6,juin,2025-06,25,20,5,Été,1
2025-06-21,2025,T2,6,juin,2025-06,25,21,6,Été,0
2025-06-22,2025,T2,6,juin,2025-06,25,22,7,Été,0
2025-06-23,2025,T2,6,juin,2025-06,26,23,1,Été,1
2025-06-24,2025,T2,6,juin,2025-06,26,24,2,Été,1
2025-06-25,2025,T2,6,juin,2025-06,26,25,3,Été,1
2025-06-26,2025,T2,6,juin,2025-06,26,26,4,Été,1
2025-06-27,2025,T2,6,juin,2025-06,26,27,5,Été,1
2025-06-28,2025,T2,6,juin,2025-06,26,28,6,Été,0
2025-06-29,2025,T2,6,juin,2025-06,26,29,7,Été,0
2025-06-30,2025,T2,6,juin,2025-06,27,30,1,Été,1
2025-07-01,2025,T3,7,juillet,2025-07,27,1,2,Été,1
2025-07-02,2025,T3,7,juillet,2025-07,27,2,3,Été,1
2025-07-03,2025,T3,7,juillet,2025-07,27,3,4,Été,1
2025-07-04,2025,T3,7,juillet,2025-07,27,4,5,Été,1
2025-07-05,2025,T3,7,juillet,2025-07,27,5,6,Été,0
2025-07-06,2025,T3,7,juillet,2025-07,27,6,7,Été,0
2025-07-07,2025,T3,7,juillet,2025-07,28,7,1,Été,1
2025-07-08,2025,T3,7,juillet,2025-07,28,8,2,Été,1
2025-07-09,2025,T3,7,juillet,2025-07,28,9,3,Été,1
2025-07-10,2025,T3,7,juillet,2025-07,28,10,4,Été,1
2025-07-11,2025,T3,7,juillet,2025-07,28,11,5,Été,1
2025-07-12,2025,T3,7,juillet,2025-07,28,12,6,Été,0
2025-07-13,2025,T3,7,juillet,2025-07,28,13,7,Été,0
2025-07-14,2025,T3,7,juillet,2025-07,29,14,1,Été,1
2025-07-15,2025,T3,7,juillet,2025-07,29,15,2,Été,1
2025-07-16,2025,T3,7,juillet,2025-07,29,16,3,Été,1
2025-07-17,2025,T3,7,juillet,2025-07,29,17,4,Été,1
2025-07-18,2025,T3,7,juillet,2025-07,29,18,5,Été,1
2025-07-19,2025,T3,7,juillet,2025-07,29,19,6,Été,0
2025-07-20,2025,T3,7,juillet,2025-07,29,20,7,Été,0
2025-07-21,2025,T3,7,juillet,2025-07,30,21,1,Été,1
2025-07-22,2025,T3,7,juillet,2025-07,30,22,2,Été,1
2025-07-23,2025,T3,7,juillet,2025-07,30,23,3,Été,1
2025-07-24,2025,T3,7,juillet,2025-07,30,24,4,Été,1
2025-07-25,2025,T3,7,juillet,2025-07,30,25,5,Été,1
2025-07-26,2025,T3,7,juillet,2025-07,30,26,6,Été,0
2025-07-27,2025,T3,7,juillet,2025-07,30,27,7,Été,0
2025-07-28,2025,T3,7,juillet,2025-07,31,28,1,Été,1
2025-07-29,2025,T3,7,juillet,2025-07,31,29,2,Été,1
2025-07-30,2025,T3,7,juillet,2025-07,31,30,3,Été,1
2025-07-31,2025,T3,7,juillet,2025-07,31,31,4,Été,1
2025-08-01,2025,T3,8,août,2025-08,31,1,5,Été,1
2025-08-02,2025,T3,8,août,2025-08,31,2,6,Été,0
2025-08-03,2025,T3,8,août,2025-08,31,3,7,Été,0
2025-08-04,2025,T3,8,août,2025-08,32,4,1,Été,1
2025-08-05,2025,T3,8,août,2025-08,32,5,2,Été,1
2025-08-06,2025,T3,8,août,2025-08,32,6,3,Été,1
2025-08-07,2025,T3,8,août,2025-08,32,7,4,Été,1
2025-08-08,2025,T3,8,août,2025-08,32,8,5,Été,1
2025-08-09,2025,T3,8,août,2025-08,32,9,6,Été,0
2025-08-10,2025,T3,8,août,2025-08,32,10,7,Été,0
2025-08-11,2025,T3,8,août,2025-08,33,11,1,Été,1
2025-08-12,2025,T3,8,août,2025-08,33,12,2,Été,1
2025-08-13,2025,T3,8,août,2025-08,33,13,3,Été,1
2025-08-14,2025,T3,8,août,2025-08,33,14,4,Été,1
2025-08-15,2025,T3,8,août,2025-08,33,15,5,Été,1
2025-08-16,2025,T3,8,août,2025-08,33,16,6,Été,0
2025-08-17,2025,T3,8,août,2025-08,33,17,7,Été,0
2025-08-18,2025,T3,8,août,2025-08,34,18,1,Été,1
2025-08-19,2025,T3,8,août,2025-08,34,19,2,Été,1
2025-08-20,2025,T3,8,août,2025-08,34,20,3,Été,1
2025-08-21,2025,T3,8,août,2025-08,34,21,4,Été,1
2025-08-22,2025,T3,8,août,2025-08,34,22,5,Été,1
2025-08-23,2025,T3,8,août,2025-08,34,23,6,Été,0
2025-08-24,2025,T3,8,août,2025-08,34,24,7,Été,0
2025-08-25,2025,T3,8,août,2025-08,35,25,1,Été,1
2025-08-26,2025,T3,8,août,2025-08,35,26,2,Été,1
2025-08-27,2025,T3,8,août,2025-08,35,27,3,Été,1
2025-08-28,2025,T3,8,août,2025-08,35,28,4,Été,1
2025-08-29,2025,T3,8,août,2025-08,35,29,5,Été,1
2025-08-30,2025,T3,8,août,2025-08,35,30,6,Été,0
2025-08-31,2025,T3,8,août,2025-08,35,31,7,Été,0
2025-09-01,2025,T3,9,septembre,2025-09,36,1,1,Automne,1
2025-09-02,2025,T3,9,septembre,2025-09,36,2,2,Automne,1
2025-09-03,2025,T3,9,septembre,2025-09,36,3,3,Automne,1
2025-09-04,2025,T3,9,septembre,2025-09,36,4,4,Automne,1
2025-09-05,2025,T3,9,septembre,2025-09,36,5,5,Automne,1
2025-09-06,2025,T3,9,septembre,2025-09,36,6,6,Automne,0
2025-09-07,2025,T3,9,septembre,2025-09,36,7,7,Automne,0
2025-09-08,2025,T3,9,septembre,2025-09,37,8,1,Automne,1
2025-09-09,2025,T3,9,septembre,2025-09,37,9,2,Automne,1
2025-09-10,2025,T3,9,septembre,2025-09,37,10,3,Automne,1
2025-09-11,2025,T3,9,septembre,2025-09,37,11,4,Automne,1
2025-09-12,2025,T3,9,septembre,2025-09,37,12,5,Automne,1
2025-09-13,2025,T3,9,septembre,2025-09,37,13,6,Automne,0
2025-09-14,2025,T3,9,septembre,2025-09,37,14,7,Automne,0
2025-09-15,2025,T3,9,septembre,2025-09,38,15,1,Automne,1
2025-09-16,2025,T3,9,septembre,2025-09,38,16,2,Automne,1
2025-09-17,2025,T3,9,septembre,2025-09,38,17,3,Automne,1
2025-09-18,2025,T3,9,septembre,2025-09,38,18,4,Automne,1
2025-09-19,2025,T3,9,septembre,2025-09,38,19,5,Automne,1
2025-09-20,2025,T3,9,septembre,2025-09,38,20,6,Automne,0
2025-09-21,2025,T3,9,septembre,2025-09,38,21,7,Automne,0
2025-09-22,2025,T3,9,septembre,2025-09,39,22,1,Automne,1
2025-09-23,2025,T3,9,septembre,2025-09,39,23,2,Automne,1
2025-09-24,2025,T3,9,septembre,2025-09,39,24,3,Automne,1
2025-09-25,2025,T3,9,septembre,2025-09,39,25,4,Automne,1
2025-09-26,2025,T3,9,septembre,2025-09,39,26,5,Automne,1
2025-09-27,2025,T3,9,septembre,2025-09,39,27,6,Automne,0
2025-09-28,2025,T3,9,septembre,2025-09,39,28,7,Automne,0
2025-09-29,2025,T3,9,septembre,2025-09,40,29,1,Automne,1
2025-09-30,2025,T3,9,septembre,2025-09,40,30,2,Automne,1
2025-10-01,2025,T4,10,octobre,2025-10,40,1,3,Automne,1
2025-10-02,2025,T4,10,octobre,2025-10,40,2,4,Automne,1
2025-10-03,2025,T4,10,octobre,2025-10,40,3,5,Automne,1
2025-10-04,2025,T4,10,octobre,2025-10,40,4,6,Automne,0
2025-10-05,2025,T4,10,octobre,2025-10,40,5,7,Automne,0
2025-10-06,2025,T4,10,octobre,2025-10,41,6,1,Automne,1
2025-10-07,2025,T4,10,octobre,2025-10,41,7,2,Automne,1
2025-10-08,2025,T4,10,octobre,2025-10,41,8,3,Automne,1
2025-10-09,2025,T4,10,octobre,2025-10,41,9,4,Automne,1
2025-10-10,2025,T4,10,octobre,2025-10,41,10,5,Automne,1
2025-10-11,2025,T4,10,octobre,2025-10,41,11,6,Automne,0
2025-10-12,2025,T4,10,octobre,2025-10,41,12,7,Automne,0
2025-10-13,2025,T4,10,octobre,2025-10,42,13,1,Automne,1
2025-10-14,2025,T4,10,octobre,2025-10,42,14,2,Automne,1
2025-10-15,2025,T4,10,octobre,2025-10,42,15,3,Automne,1
2025-10-16,2025,T4,10,octobre,2025-10,42,16,4,Automne,1
2025-10-17,2025,T4,10,octobre,2025-10,42,17,5,Automne,1
2025-10-18,2025,T4,10,octobre,2025-10,42,18,6,Automne,0
2025-10-19,2025,T4,10,octobre,2025-10,42,19,7,Automne,0
2025-10-20,2025,T4,10,octobre,2025-10,43,20,1,Automne,1
2025-10-21,2025,T4,10,octobre,2025-10,43,21,2,Automne,1
2025-10-22,2025,T4,10,octobre,2025-10,43,22,3,Automne,1
2025-10-23,2025,T4,10,octobre,2025-10,43,23,4,Automne,1
2025-10-24,2025,T4,10,octobre,2025-10,43,24,5,Automne,1
2025-10-25,2025,T4,10,octobre,2025-10,43,25,6,Automne,0
2025-10-26,2025,T4,10,octobre,2025-10,43,26,7,Automne,0
2025-10-27,2025,T4,10,octobre,2025-10,44,27,1,Automne,1
2025-10-28,2025,T4,10,octobre,2025-10,44,28,2,Automne,1
2025-10-29,2025,T4,10,octobre,2025-10,44,29,3,Automne,1
2025-10-30,2025,T4,10,octobre,2025-10,44,30,4,Automne,1
2025-10-31,2025,T4,10,octobre,2025-10,44,31,5,Automne,1
2025-11-01,2025,T4,11,novembre,2025-11,44,1,6,Automne,0
2025-11-02,2025,T4,11,novembre,2025-11,44,2,7,Automne,0
2025-11-03,2025,T4,11,novembre,2025-11,45,3,1,Automne,1
2025-11-04,2025,T4,11,novembre,2025-11,45,4,2,Automne,1
2025-11-05,2025,T4,11,novembre,2025-11,45,5,3,Automne,1
2025-11-06,2025,T4,11,novembre,2025-11,45,6,4,Automne,1
2025-11-07,2025,T4,11,novembre,2025-11,45,7,5,Automne,1
2025-11-08,2025,T4,11,novembre,2025-11,45,8,6,Automne,0
2025-11-09,2025,T4,11,novembre,2025-11,45,9,7,Automne,0
2025-11-10,2025,T4,11,novembre,2025-11,46,10,1,Automne,1
2025-11-11,2025,T4,11,novembre,2025-11,46,11,2,Automne,1
2025-11-12,2025,T4,11,novembre,2025-11,46,12,3,Automne,1
2025-11-13,2025,T4,11,novembre,2025-11,46,13,4,Automne,1
2025-11-14,2025,T4,11,novembre,2025-11,46,14,5,Automne,1
2025-11-15,2025,T4,11,novembre,2025-11,46,15,6,Automne,0
2025-11-16,2025,T4,11,novembre,2025-11,46,16,7,Automne,0
2025-11-17,2025,T4,11,novembre,2025-11,47,17,1,Automne,1
2025-11-18,2025,T4,11,novembre,2025-11,47,18,2,Automne,1
2025-11-19,2025,T4,11,novembre,2025-11,47,19,3,Automne,1
2025-11-20,2025,T4,11,novembre,2025-11,47,20,4,Automne,1
2025-11-21,2025,T4,11,novembre,2025-11,47,21,5,Automne,1
2025-11-22,2025,T4,11,novembre,2025-11,47,22,6,Automne,0
2025-11-23,2025,T4,11,novembre,2025-11,47,23,7,Automne,0
2025-11-24,2025,T4,11,novembre,2025-11,48,24,1,Automne,1
2025-11-25,2025,T4,11,novembre,2025-11,48,25,2,Automne,1
2025-11-26,2025,T4,11,novembre,2025-11,48,26,3,Automne,1
2025-11-27,2025,T4,11,novembre,2025-11,48,27,4,Automne,1
2025-11-28,2025,T4,11,novembre,2025-11,48,28,5,Automne,1
2025-11-29,2025,T4,11,novembre,2025-11,48,29,6,Automne,0
2025-11-30,2025,T4,11,novembre,2025-11,48,30,7,Automne,0
2025-12-01,2025,T4,12,décembre,2025-12,49,1,1,Hiver,1
2025-12-02,2025,T4,12,décembre,2025-12,49,2,2,Hiver,1
2025-12-03,2025,T4,12,décembre,2025-12,49,3,3,Hiver,1
2025-12-04,2025,T4,12,décembre,2025-12,49,4,4,Hiver,1
2025-12-05,2025,T4,12,décembre,2025-12,49,5,5,Hiver,1
2025-12-06,2025,T4,12,décembre,2025-12,49,6,6,Hiver,0
2025-12-07,2025,T4,12,décembre,2025-12,49,7,7,Hiver,0
2025-12-08,2025,T4,12,décembre,2025-12,50,8,1,Hiver,1
2025-12-09,2025,T4,12,décembre,2025-12,50,9,2,Hiver,1
2025-12-10,2025,T4,12,décembre,2025-12,50,10,3,Hiver,1
2025-12-11,2025,T4,12,décembre,2025-12,50,11,4,Hiver,1
2025-12-12,2025,T4,12,décembre,2025-12,50,12,5,Hiver,1
2025-12-13,2025,T4,12,décembre,2025-12,50,13,6,Hiver,0
2025-12-14,2025,T4,12,décembre,2025-12,50,14,7,Hiver,0
2025-12-15,2025,T4,12,décembre,2025-12,51,15,1,Hiver,1
2025-12-16,2025,T4,12,décembre,2025-12,51,16,2,Hiver,1
2025-12-17,2025,T4,12,décembre,2025-12,51,17,3,Hiver,1
2025-12-18,2025,T4,12,décembre,2025-12,51,18,4,Hiver,1
2025-12-19,2025,T4,12,décembre,2025-12,51,19,5,Hiver,1
2025-12-20,2025,T4,12,décembre,2025-12,51,20,6,Hiver,0
2025-12-21,2025,T4,12,décembre,2025-12,51,21,7,Hiver,0
2025-12-22,2025,T4,12,décembre,2025-12,52,22,1,Hiver,1
2025-12-23,2025,T4,12,décembre,2025-12,52,23,2,Hiver,1
2025-12-24,2025,T4,12,décembre,2025-12,52,24,3,Hiver,1
2025-12-25,2025,T4,12,décembre,2025-12,52,25,4,Hiver,1
2025-12-26,2025,T4,12,décembre,2025-12,52,26,5,Hiver,1
2025-12-27,2025,T4,12,décembre,2025-12,52,27,6,Hiver,0
2025-12-28,2025,T4,12,décembre,2025-12,52,28,7,Hiver,0
2025-12-29,2025,T4,12,décembre,2025-12,1,29,1,Hiver,1
2025-12-30,2025,T4,12,décembre,2025-12,1,30,2,Hiver,1
2025-12-31,2025,T4,12,décembre,2025-12,1,31,3,Hiver,1
2026-01-01,2026,T1,1,janvier,2026-01,1,1,4,Hiver,1
2026-01-02,2026,T1,1,janvier,2026-01,1,2,5,Hiver,1
2026-01-03,2026,T1,1,janvier,2026-01,1,3,6,Hiver,0
2026-01-04,2026,T1,1,janvier,2026-01,1,4,7,Hiver,0
2026-01-05,2026,T1,1,janvier,2026-01,2,5,1,Hiver,1
2026-01-06,2026,T1,1,janvier,2026-01,2,6,2,Hiver,1
2026-01-07,2026,T1,1,janvier,2026-01,2,7,3,Hiver,1
2026-01-08,2026,T1,1,janvier,2026-01,2,8,4,Hiver,1
2026-01-09,2026,T1,1,janvier,2026-01,2,9,5,Hiver,1
2026-01-10,2026,T1,1,janvier,2026-01,2,10,6,Hiver,0
2026-01-11,2026,T1,1,janvier,2026-01,2,11,7,Hiver,0
2026-01-12,2026,T1,1,janvier,2026-01,3,12,1,Hiver,1
2026-01-13,2026,T1,1,janvier,2026-01,3,13,2,Hiver,1
2026-01-14,2026,T1,1,janvier,2026-01,3,14,3,Hiver,1
2026-01-15,2026,T1,1,janvier,2026-01,3,15,4,Hiver,1
2026-01-16,2026,T1,1,janvier,2026-01,3,16,5,Hiver,1
2026-01-17,2026,T1,1,janvier,2026-01,3,17,6,Hiver,0
2026-01-18,2026,T1,1,janvier,2026-01,3,18,7,Hiver,0
2026-01-19,2026,T1,1,janvier,2026-01,4,19,1,Hiver,1
2026-01-20,2026,T1,1,janvier,2026-01,4,20,2,Hiver,1
2026-01-21,2026,T1,1,janvier,2026-01,4,21,3,Hiver,1
2026-01-22,2026,T1,1,janvier,2026-01,4,22,4,Hiver,1
2026-01-23,2026,T1,1,janvier,2026-01,4,23,5,Hiver,1
2026-01-24,2026,T1,1,janvier,2026-01,4,24,6,Hiver,0
2026-01-25,2026,T1,1,janvier,2026-01,4,25,7,Hiver,0
2026-01-26,2026,T1,1,janvier,2026-01,5,26,1,Hiver,1
2026-01-27,2026,T1,1,janvier,2026-01,5,27,2,Hiver,1
2026-01-28,2026,T1,1,janvier,2026-01,5,28,3,Hiver,1
2026-01-29,2026,T1,1,janvier,2026-01,5,29,4,Hiver,1
2026-01-30,2026,T1,1,janvier,2026-01,5,30,5,Hiver,1
2026-01-31,2026,T1,1,janvier,2026-01,5,31,6,Hiver,0
2026-02-01,2026,T1,2,février,2026-02,5,1,7,Hiver,0
2026-02-02,2026,T1,2,février,2026-02,6,2,1,Hiver,1
2026-02-03,2026,T1,2,février,2026-02,6,3,2,Hiver,1
2026-02-04,2026,T1,2,février,2026-02,6,4,3,Hiver,1
2026-02-05,2026,T1,2,février,2026-02,6,5,4,Hiver,1
2026-02-06,2026,T1,2,février,2026-02,6,6,5,Hiver,1
2026-02-07,2026,T1,2,février,2026-02,6,7,6,Hiver,0
2026-02-08,2026,T1,2,février,2026-02,6,8,7,Hiver,0
2026-02-09,2026,T1,2,février,2026-02,7,9,1,Hiver,1
2026-02-10,2026,T1,2,février,2026-02,7,10,2,Hiver,1
2026-02-11,2026,T1,2,février,2026-02,7,11,3,Hiver,1
2026-02-12,2026,T1,2,février,2026-02,7,12,4,Hiver,1
2026-02-13,2026,T1,2,février,2026-02,7,13,5,Hiver,1
2026-02-14,2026,T1,2,février,2026-02,7,14,6,Hiver,0
2026-02-15,2026,T1,2,février,2026-02,7,15,7,Hiver,0
2026-02-16,2026,T1,2,février,2026-02,8,16,1,Hiver,1
2026-02-17,2026,T1,2,février,2026-02,8,17,2,Hiver,1
2026-02-18,2026,T1,2,février,2026-02,8,18,3,Hiver,1
2026-02-19,2026,T1,2,février,2026-02,8,19,4,Hiver,1
2026-02-20,2026,T1,2,février,2026-02,8,20,5,Hiver,1
2026-02-21,2026,T1,2,février,2026-02,8,21,6,Hiver,0
2026-02-22,2026,T1,2,février,2026-02,8,22,7,Hiver,0
2026-02-23,2026,T1,2,février,2026-02,9,23,1,Hiver,1
2026-02-24,2026,T1,2,février,2026-02,9,24,2,Hiver,1
2026-02-25,2026,T1,2,février,2026-02,9,25,3,Hiver,1
2026-02-26,2026,T1,2,février,2026-02,9,26,4,Hiver,1
2026-02-27,2026,T1,2,février,2026-02,9,27,5,Hiver,1
2026-02-28,2026,T1,2,février,2026-02,9,28,6,Hiver,0
2026-03-01,2026,T1,3,mars,2026-03,9,1,7,Printemps,0
2026-03-02,2026,T1,3,mars,2026-03,10,2,1,Printemps,1
2026-03-03,2026,T1,3,mars,2026-03,10,3,2,Printemps,1
2026-03-04,2026,T1,3,mars,2026-03,10,4,3,Printemps,1
2026-03-05,2026,T1,3,mars,2026-03,10,5,4,Printemps,1
2026-03-06,2026,T1,3,mars,2026-03,10,6,5,Printemps,1
2026-03-07,2026,T1,3,mars,2026-03,10,7,6,Printemps,0
2026-03-08,2026,T1,3,mars,2026-03,10,8,7,Printemps,0
2026-03-09,2026,T1,3,mars,2026-03,11,9,1,Printemps,1
2026-03-10,2026,T1,3,mars,2026-03,11,10,2,Printemps,1
2026-03-11,2026,T1,3,mars,2026-03,11,11,3,Printemps,1
2026-03-12,2026,T1,3,mars,2026-03,11,12,4,Printemps,1
2026-03-13,2026,T1,3,mars,2026-03,11,13,5,Printemps,1
2026-03-14,2026,T1,3,mars,2026-03,11,14,6,Printemps,0
2026-03-15,2026,T1,3,mars,2026-03,11,15,7,Printemps,0
2026-03-16,2026,T1,3,mars,2026-03,12,16,1,Printemps,1
2026-03-17,2026,T1,3,mars,2026-03,12,17,2,Printemps,1
2026-03-18,2026,T1,3,mars,2026-03,12,18,3,Printemps,1
2026-03-19,2026,T1,3,mars,2026-03,12,19,4,Printemps,1
2026-03-20,2026,T1,3,mars,2026-03,12,20,5,Printemps,1
2026-03-21,2026,T1,3,mars,2026-03,12,21,6,Printemps,0
2026-03-22,2026,T1,3,mars,2026-03,12,22,7,Printemps,0
2026-03-23,2026,T1,3,mars,2026-03,13,23,1,Printemps,1
2026-03-24,2026,T1,3,mars,2026-03,13,24,2,Printemps,1
2026-03-25,2026,T1,3,mars,2026-03,13,25,3,Printemps,1
2026-03-26,2026,T1,3,mars,2026-03,13,26,4,Printemps,1
2026-03-27,2026,T1,3,mars,2026-03,13,27,5,Printemps,1
2026-03-28,2026,T1,3,mars,2026-03,13,28,6,Printemps,0
2026-03-29,2026,T1,3,mars,2026-03,13,29,7,Printemps,0
2026-03-30,2026,T1,3,mars,2026-03,14,30,1,Printemps,1
2026-03-31,2026,T1,3,mars,2026-03,14,31,2,Printemps,1
2026-04-01,2026,T2,4,avril,2026-04,14,1,3,Printemps,1
2026-04-02,2026,T2,4,avril,2026-04,14,2,4,Printemps,1
2026-04-03,2026,T2,4,avril,2026-04,14,3,5,Printemps,1
2026-04-04,2026,T2,4,avril,2026-04,14,4,6,Printemps,0
2026-04-05,2026,T2,4,avril,2026-04,14,5,7,Printemps,0
2026-04-06,2026,T2,4,avril,2026-04,15,6,1,Printemps,1
2026-04-07,2026,T2,4,avril,2026-04,15,7,2,Printemps,1
2026-04-08,2026,T2,4,avril,2026-04,15,8,3,Printemps,1
2026-04-09,2026,T2,4,avril,2026-04,15,9,4,Printemps,1
2026-04-10,2026,T2,4,avril,2026-04,15,10,5,Printemps,1
2026-04-11,2026,T2,4,avril,2026-04,15,11,6,Printemps,0
2026-04-12,2026,T2,4,avril,2026-04,15,12,7,Printemps,0
2026-04-13,2026,T2,4,avril,2026-04,16,13,1,Printemps,1
2026-04-14,2026,T2,4,avril,2026-04,16,14,2,Printemps,1
2026-04-15,2026,T2,4,avril,2026-04,16,15,3,Printemps,1
2026-04-16,2026,T2,4,avril,2026-04,16,16,4,Printemps,1
2026-04-17,2026,T2,4,avril,2026-04,16,17,5,Printemps,1
2026-04-18,2026,T2,4,avril,2026-04,16,18,6,Printemps,0
2026-04-19,2026,T2,4,avril,2026-04,16,19,7,Printemps,0
2026-04-20,2026,T2,4,avril,2026-04,17,20,1,Printemps,1
2026-04-21,2026,T2,4,avril,2026-04,17,21,2,Printemps,1
2026-04-22,2026,T2,4,avril,2026-04,17,22,3,Printemps,1
2026-04-23,2026,T2,4,avril,2026-04,17,23,4,Printemps,1
2026-04-24,2026,T2,4,avril,2026-04,17,24,5,Printemps,1
2026-04-25,2026,T2,4,avril,2026-04,17,25,6,Printemps,0
2026-04-26,2026,T2,4,avril,2026-04,17,26,7,Printemps,0
2026-04-27,2026,T2,4,avril,2026-04,18,27,1,Printemps,1
2026-04-28,2026,T2,4,avril,2026-04,18,28,2,Printemps,1
2026-04-29,2026,T2,4,avril,2026-04,18,29,3,Printemps,1
2026-04-30,2026,T2,4,avril,2026-04,18,30,4,Printemps,1
2026-05-01,2026,T2,5,mai,2026-05,18,1,5,Printemps,1
2026-05-02,2026,T2,5,mai,2026-05,18,2,6,Printemps,0
2026-05-03,2026,T2,5,mai,2026-05,18,3,7,Printemps,0
2026-05-04,2026,T2,5,mai,2026-05,19,4,1,Printemps,1
2026-05-05,2026,T2,5,mai,2026-05,19,5,2,Printemps,1
2026-05-06,2026,T2,5,mai,2026-05,19,6,3,Printemps,1
2026-05-07,2026,T2,5,mai,2026-05,19,7,4,Printemps,1
2026-05-08,2026,T2,5,mai,2026-05,19,8,5,Printemps,1
2026-05-09,2026,T2,5,mai,2026-05,19,9,6,Printemps,0
2026-05-10,2026,T2,5,mai,2026-05,19,10,7,Printemps,0
2026-05-11,2026,T2,5,mai,2026-05,20,11,1,Printemps,1
2026-05-12,2026,T2,5,mai,2026-05,20,12,2,Printemps,1
2026-05-13,2026,T2,5,mai,2026-05,20,13,3,Printemps,1
2026-05-14,2026,T2,5,mai,2026-05,20,14,4,Printemps,1
2026-05-15,2026,T2,5,mai,2026-05,20,15,5,Printemps,1
2026-05-16,2026,T2,5,mai,2026-05,20,16,6,Printemps,0
2026-05-17,2026,T2,5,mai,2026-05,20,17,7,Printemps,0
2026-05-18,2026,T2,5,mai,2026-05,21,18,1,Printemps,1
2026-05-19,2026,T2,5,mai,2026-05,21,19,2,Printemps,1
2026-05-20,2026,T2,5,mai,2026-05,21,20,3,Printemps,1
2026-05-21,2026,T2,5,mai,2026-05,21,21,4,Printemps,1
2026-05-22,2026,T2,5,mai,2026-05,21,22,5,Printemps,1
2026-05-23,2026,T2,5,mai,2026-05,21,23,6,Printemps,0
2026-05-24,2026,T2,5,mai,2026-05,21,24,7,Printemps,0
2026-05-25,2026,T2,5,mai,2026-05,22,25,1,Printemps,1
2026-05-26,2026,T2,5,mai,2026-05,22,26,2,Printemps,1
2026-05-27,2026,T2,5,mai,2026-05,22,27,3,Printemps,1
2026-05-28,2026,T2,5,mai,2026-05,22,28,4,Printemps,1
2026-05-29,2026,T2,5,mai,2026-05,22,29,5,Printemps,1
2026-05-30,2026,T2,5,mai,2026-05,22,30,6,Printemps,0
2026-05-31,2026,T2,5,mai,2026-05,22,31,7,Printemps,0
2026-06-01,2026,T2,6,juin,2026-06,23,1,1,Été,1
2026-06-02,2026,T2,6,juin,2026-06,23,2,2,Été,1
2026-06-03,2026,T2,6,juin,2026-06,23,3,3,Été,1
2026-06-04,2026,T2,6,juin,2026-06,23,4,4,Été,1
2026-06-05,2026,T2,6,juin,2026-06,23,5,5,Été,1
2026-06-06,2026,T2,6,juin,2026-06,23,6,6,Été,0
2026-06-07,2026,T2,6,juin,2026-06,23,7,7,Été,0
2026-06-08,2026,T2,6,juin,2026-06,24,8,1,Été,1
2026-06-09,2026,T2,6,juin,2026-06,24,9,2,Été,1
2026-06-10,2026,T2,6,juin,2026-06,24,10,3,Été,1
2026-06-11,2026,T2,6,juin,2026-06,24,11,4,Été,1
2026-06-12,2026,T2,6,juin,2026-06,24,12,5,Été,1
2026-06-13,2026,T2,6,juin,2026-06,24,13,6,Été,0
2026-06-14,2026,T2,6,juin,2026-06,24,14,7,Été,0
2026-06-15,2026,T2,6,juin,2026-06,25,15,1,Été,1
2026-06-16,2026,T2,6,juin,2026-06,25,16,2,Été,1
2026-06-17,2026,T2,6,juin,2026-06,25,17,3,Été,1
2026-06-18,2026,T2,6,juin,2026-06,25,18,4,Été,1
2026-06-19,2026,T2,6,juin,2026-06,25,19,5,Été,1
2026-06-20,2026,T2,6,juin,2026-06,25,20,6,Été,0
2026-06-21,2026,T2,6,juin,2026-06,25,21,7,Été,0
2026-06-22,2026,T2,6,juin,2026-06,26,22,1,Été,1
2026-06-23,2026,T2,6,juin,2026-06,26,23,2,Été,1
2026-06-24,2026,T2,6,juin,2026-06,26,24,3,Été,1
2026-06-25,2026,T2,6,juin,2026-06,26,25,4,Été,1
2026-06-26,2026,T2,6,juin,2026-06,26,26,5,Été,1
2026-06-27,2026,T2,6,juin,2026-06,26,27,6,Été,0
2026-06-28,2026,T2,6,juin,2026-06,26,28,7,Été,0
2026-06-29,2026,T2,6,juin,2026-06,27,29,1,Été,1
2026-06-30,2026,T2,6,juin,2026-06,27,30,2,Été,1
2026-07-01,2026,T3,7,juillet,2026-07,27,1,3,Été,1
2026-07-02,2026,T3,7,juillet,2026-07,27,2,4,Été,1
2026-07-03,2026,T3,7,juillet,2026-07,27,3,5,Été,1
2026-07-04,2026,T3,7,juillet,2026-07,27,4,6,Été,0
2026-07-05,2026,T3,7,juillet,2026-07,27,5,7,Été,0
2026-07-06,2026,T3,7,juillet,2026-07,28,6,1,Été,1
2026-07-07,2026,T3,7,juillet,2026-07,28,7,2,Été,1
2026-07-08,2026,T3,7,juillet,2026-07,28,8,3,Été,1
2026-07-09,2026,T3,7,juillet,2026-07,28,9,4,Été,1
2026-07-10,2026,T3,7,juillet,2026-07,28,10,5,Été,1
2026-07-11,2026,T3,7,juillet,2026-07,28,11,6,Été,0
2026-07-12,2026,T3,7,juillet,2026-07,28,12,7,Été,0
2026-07-13,2026,T3,7,juillet,2026-07,29,13,1,Été,1
2026-07-14,2026,T3,7,juillet,2026-07,29,14,2,Été,1
2026-07-15,2026,T3,7,juillet,2026-07,29,15,3,Été,1
2026-07-16,2026,T3,7,juillet,2026-07,29,16,4,Été,1
2026-07-17,2026,T3,7,juillet,2026-07,29,17,5,Été,1
2026-07-18,2026,T3,7,juillet,2026-07,29,18,6,Été,0
2026-07-19,2026,T3,7,juillet,2026-07,29,19,7,Été,0
2026-07-20,2026,T3,7,juillet,2026-07,30,20,1,Été,1
2026-07-21,2026,T3,7,juillet,2026-07,30,21,2,Été,1
2026-07-22,2026,T3,7,juillet,2026-07,30,22,3,Été,1
2026-07-23,2026,T3,7,juillet,2026-07,30,23,4,Été,1
2026-07-24,2026,T3,7,juillet,2026-07,30,24,5,Été,1
2026-07-25,2026,T3,7,juillet,2026-07,30,25,6,Été,0
2026-07-26,2026,T3,7,juillet,2026-07,30,26,7,Été,0
2026-07-27,2026,T3,7,juillet,2026-07,31,27,1,Été,1
2026-07-28,2026,T3,7,juillet,2026-07,31,28,2,Été,1
2026-07-29,2026,T3,7,juillet,2026-07,31,29,3,Été,1
2026-07-30,2026,T3,7,juillet,2026-07,31,30,4,Été,1
2026-07-31,2026,T3,7,juillet,2026-07,31,31,5,Été,1
2026-08-01,2026,T3,8,août,2026-08,31,1,6,Été,0
2026-08-02,2026,T3,8,août,2026-08,31,2,7,Été,0
2026-08-03,2026,T3,8,août,2026-08,32,3,1,Été,1
2026-08-04,2026,T3,8,août,2026-08,32,4,2,Été,1
2026-08-05,2026,T3,8,août,2026-08,32,5,3,Été,1
2026-08-06,2026,T3,8,août,2026-08,32,6,4,Été,1
2026-08-07,2026,T3,8,août,2026-08,32,7,5,Été,1
2026-08-08,2026,T3,8,août,2026-08,32,8,6,Été,0
2026-08-09,2026,T3,8,août,2026-08,32,9,7,Été,0
2026-08-10,2026,T3,8,août,2026-08,33,10,1,Été,1
2026-08-11,2026,T3,8,août,2026-08,33,11,2,Été,1
2026-08-12,2026,T3,8,août,2026-08,33,12,3,Été,1
2026-08-13,2026,T3,8,août,2026-08,33,13,4,Été,1
2026-08-14,2026,T3,8,août,2026-08,33,14,5,Été,1
2026-08-15,2026,T3,8,août,2026-08,33,15,6,Été,0
2026-08-16,2026,T3,8,août,2026-08,33,16,7,Été,0
