date,temp_max,temp_min,humidity_avg,pressure_avg,wind_avg,cloud_cover,temp_range,rain_tomorrow
2020-01-01,4.9,-1.0,97.0,1026.6,12.2,99.0,5.9,1
2020-01-02,9.2,4.7,94.0,1021.7,16.9,94.0,4.499999999999999,1
2020-01-03,11.5,8.2,88.0,1019.5,24.4,94.0,3.3000000000000007,0
2020-01-04,8.6,2.6,87.0,1030.7,16.3,72.0,6.0,0
2020-01-05,8.9,2.9,92.0,1031.7,7.6,54.0,6.0,0
2020-01-06,8.1,-1.0,90.0,1023.1,15.7,46.0,9.1,0
2020-01-07,10.0,4.7,91.0,1023.6,18.0,93.0,5.3,0
2020-01-08,12.2,10.1,93.0,1021.7,16.6,99.0,2.0999999999999996,1
2020-01-09,12.8,10.3,90.0,1012.0,24.5,94.0,2.5,1
2020-01-10,10.0,2.9,86.0,1016.8,23.8,71.0,7.1,0
2020-01-11,8.0,1.5,83.0,1028.1,15.6,72.0,6.5,0
2020-01-12,9.9,2.6,86.0,1021.9,20.4,70.0,7.300000000000001,0
2020-01-13,9.7,6.9,90.0,1014.2,27.0,98.0,2.799999999999999,1
2020-01-14,11.0,9.6,69.0,1004.9,35.0,98.0,1.4000000000000004,1
2020-01-15,12.0,5.2,72.0,1009.5,29.2,58.0,6.8,0
2020-01-16,13.4,2.9,85.0,1017.9,21.2,37.0,10.5,1
2020-01-17,11.6,4.9,75.0,1013.8,23.8,59.0,6.699999999999999,0
2020-01-18,8.4,1.4,82.0,1023.2,17.1,42.0,7.0,0
2020-01-19,7.1,-0.5,84.0,1034.5,22.0,18.0,7.6,0
2020-01-20,6.3,0.0,87.0,1041.3,19.2,13.0,6.3,0
2020-01-21,5.0,-3.1,89.0,1036.9,11.2,0.0,8.1,0
2020-01-22,2.6,-3.4,92.0,1031.5,12.6,26.0,6.0,0
2020-01-23,4.8,-2.4,87.0,1025.4,13.0,13.0,7.199999999999999,0
2020-01-24,3.7,-3.5,92.0,1019.3,9.5,22.0,7.2,0
2020-01-25,3.7,-3.2,98.0,1016.4,10.2,74.0,6.9,1
2020-01-26,9.6,-1.2,94.0,1012.2,19.6,98.0,10.799999999999999,1
2020-01-27,9.0,7.5,89.0,1003.6,28.3,97.0,1.5,1
2020-01-28,7.5,4.5,79.0,997.8,37.0,67.0,3.0,0
2020-01-29,9.3,4.3,81.0,1008.7,25.3,72.0,5.000000000000001,1
2020-01-30,12.8,3.9,92.0,1007.4,25.1,99.0,8.9,0
2020-01-31,13.4,10.7,87.0,1008.8,21.9,99.0,2.700000000000001,1
2020-02-01,13.6,10.5,85.0,1006.0,25.0,91.0,3.0999999999999996,1
2020-02-02,15.5,10.6,89.0,1009.5,29.4,98.0,4.9,1
2020-02-03,13.5,8.3,85.0,1012.4,35.6,99.0,5.199999999999999,1
2020-02-04,8.4,5.2,75.0,1017.5,30.7,59.0,3.2,0
2020-02-05,9.1,2.0,78.0,1030.8,17.5,79.0,7.1,0
2020-02-06,9.6,-1.4,82.0,1027.3,10.6,26.0,11.0,0
2020-02-07,11.3,-0.1,78.0,1018.7,14.4,31.0,11.4,1
2020-02-08,10.8,7.3,86.0,1016.1,17.9,74.0,3.500000000000001,1
2020-02-09,13.3,7.1,83.0,1007.9,48.4,94.0,6.200000000000001,1
2020-02-10,13.3,7.4,73.0,1002.4,49.0,70.0,5.9,1
2020-02-11,7.9,4.6,73.0,1010.2,36.4,41.0,3.3000000000000007,0
2020-02-12,8.9,3.9,72.0,1015.7,29.2,59.0,5.0,1
2020-02-13,12.0,5.4,78.0,1002.8,42.0,78.0,6.6,0
2020-02-14,12.1,6.9,75.0,1016.3,21.6,83.0,5.199999999999999,1
2020-02-15,14.6,6.6,80.0,1014.9,31.3,82.0,8.0,1
2020-02-16,17.4,10.6,69.0,1005.3,51.2,97.0,6.799999999999999,1
2020-02-17,11.4,6.6,72.0,1012.9,30.8,55.0,4.800000000000001,0
2020-02-18,10.3,3.8,73.0,1021.7,27.0,51.0,6.500000000000001,1
2020-02-19,9.0,4.3,80.0,1019.6,29.9,80.0,4.7,1
2020-02-20,11.3,5.9,83.0,1015.3,34.3,84.0,5.4,0
2020-02-21,10.3,1.8,74.0,1024.9,19.8,39.0,8.5,0
2020-02-22,12.9,4.0,79.0,1023.3,25.0,65.0,8.9,1
2020-02-23,13.3,9.5,84.0,1020.7,35.0,100.0,3.8000000000000007,1
2020-02-24,12.9,10.6,83.0,1015.3,30.8,100.0,2.3000000000000007,1
2020-02-25,10.2,5.4,80.0,1002.4,28.5,81.0,4.799999999999999,1
2020-02-26,6.4,2.2,80.0,1002.2,31.5,62.0,4.2,1
2020-02-27,10.8,2.6,78.0,999.6,48.0,76.0,8.200000000000001,1
2020-02-28,10.0,0.2,84.0,1010.6,25.2,87.0,9.8,1
2020-02-29,11.4,6.6,76.0,993.4,46.6,81.0,4.800000000000001,1
2020-03-01,8.8,2.8,83.0,992.5,27.7,70.0,6.000000000000001,1
2020-03-02,8.7,4.2,85.0,987.7,26.2,83.0,4.499999999999999,1
2020-03-03,9.0,2.3,80.0,1000.9,17.1,51.0,6.7,1
2020-03-04,7.8,2.2,87.0,1006.9,20.2,89.0,5.6,1
2020-03-05,12.6,6.9,91.0,988.4,40.4,98.0,5.699999999999999,1
2020-03-06,9.2,3.5,77.0,998.1,36.1,71.0,5.699999999999999,0
2020-03-07,11.0,0.9,78.0,1015.0,16.3,55.0,10.1,1
2020-03-08,11.1,6.8,83.0,1010.8,34.7,75.0,4.3,1
2020-03-09,10.8,4.9,77.0,1012.2,26.2,53.0,5.9,1
2020-03-10,14.1,7.1,87.0,1009.8,32.4,100.0,7.0,0
2020-03-11,16.1,11.8,77.0,1012.5,30.5,69.0,4.300000000000001,1
2020-03-12,12.7,8.0,70.0,1011.8,28.3,69.0,4.699999999999999,0
2020-03-13,11.5,4.3,66.0,1017.3,21.0,42.0,7.2,1
2020-03-14,11.4,5.1,85.0,1015.3,18.5,88.0,6.300000000000001,0
2020-03-15,15.9,6.6,79.0,1009.7,23.7,68.0,9.3,1
2020-03-16,12.6,5.1,84.0,1014.9,12.0,90.0,7.5,0
2020-03-17,14.1,4.6,79.0,1025.7,9.7,78.0,9.5,0
2020-03-18,17.2,6.1,81.0,1023.8,9.4,54.0,11.1,0
2020-03-19,18.8,6.5,80.0,1018.8,12.3,48.0,12.3,1
2020-03-20,15.9,7.7,84.0,1017.3,20.3,60.0,8.2,0
2020-03-21,9.3,4.9,78.0,1016.4,24.5,84.0,4.4,0
2020-03-22,11.6,4.2,62.0,1016.7,24.8,75.0,7.3999999999999995,0
2020-03-23,11.1,1.0,49.0,1021.0,20.5,0.0,10.1,0
2020-03-24,12.0,-0.8,49.0,1021.8,16.0,0.0,12.8,0
2020-03-25,11.6,-0.6,51.0,1018.0,19.5,0.0,12.2,0
2020-03-26,10.4,0.7,47.0,1014.0,21.9,3.0,9.700000000000001,0
2020-03-27,13.4,0.6,63.0,1013.9,17.6,54.0,12.8,0
2020-03-28,15.7,1.9,71.0,1015.8,25.0,31.0,13.799999999999999,0
2020-03-29,9.0,4.3,54.0,1023.3,37.6,61.0,4.7,0
2020-03-30,8.7,-0.6,44.0,1024.6,28.9,15.0,9.299999999999999,0
2020-03-31,11.0,1.4,70.0,1022.0,21.6,27.0,9.6,0
2020-04-01,12.0,-0.9,60.0,1017.0,12.7,0.0,12.9,0
2020-04-02,9.7,-1.3,68.0,1012.7,14.0,43.0,11.0,0
2020-04-03,13.3,4.9,78.0,1013.8,14.2,53.0,8.4,0
2020-04-04,16.7,4.1,70.0,1016.6,14.3,39.0,12.6,0
2020-04-05,21.4,3.7,61.0,1012.7,16.9,0.0,17.7,1
2020-04-06,14.6,9.1,70.0,1015.7,19.0,62.0,5.5,0
2020-04-07,22.0,8.8,77.0,1022.7,13.6,84.0,13.2,0
2020-04-08,23.9,8.2,59.0,1019.1,11.6,77.0,15.7,0
2020-04-09,24.5,8.4,60.0,1018.4,15.5,15.0,16.1,0
2020-04-10,24.4,7.8,61.0,1018.2,15.4,23.0,16.599999999999998,0
2020-04-11,23.8,9.7,57.0,1017.2,11.5,12.0,14.100000000000001,0
2020-04-12,23.3,10.8,54.0,1011.5,13.4,17.0,12.5,0
2020-04-13,17.0,8.3,59.0,1012.1,31.1,7.0,8.7,0
2020-04-14,12.9,2.8,49.0,1020.7,21.9,0.0,10.100000000000001,0
2020-04-15,19.6,3.4,47.0,1016.4,17.1,0.0,16.200000000000003,0
2020-04-16,23.0,7.1,58.0,1011.5,12.4,41.0,15.9,1
2020-04-17,23.7,9.7,66.0,1009.5,13.8,75.0,14.0,1
2020-04-18,20.7,13.2,74.0,1010.8,14.1,72.0,7.5,0
2020-04-19,20.1,9.1,73.0,1011.2,22.6,66.0,11.000000000000002,0
2020-04-20,20.8,11.5,57.0,1006.5,22.2,58.0,9.3,0
2020-04-21,20.4,10.7,44.0,1006.1,18.8,74.0,9.7,0
2020-04-22,21.9,9.9,47.0,1009.8,15.3,19.0,11.999999999999998,0
2020-04-23,24.2,8.5,53.0,1012.9,11.2,0.0,15.7,0
2020-04-24,23.2,9.2,55.0,1010.1,12.3,34.0,14.0,0
2020-04-25,20.3,10.8,50.0,1008.2,14.7,51.0,9.5,0
2020-04-26,20.3,5.6,56.0,1007.1,10.1,14.0,14.700000000000001,1
2020-04-27,22.4,9.7,58.0,1003.7,10.6,74.0,12.7,1
2020-04-28,18.3,12.7,72.0,1000.9,27.9,75.0,5.600000000000001,1
2020-04-29,16.3,10.1,76.0,1002.9,31.8,71.0,6.200000000000001,1
2020-04-30,14.6,8.3,76.0,998.5,33.4,72.0,6.299999999999999,1
2020-05-01,15.7,9.2,77.0,1000.0,23.8,67.0,6.5,1
2020-05-02,16.0,6.6,65.0,1008.2,21.0,65.0,9.4,1
2020-05-03,17.7,7.6,78.0,1012.4,16.6,93.0,10.1,1
2020-05-04,18.3,10.3,80.0,1012.8,17.8,91.0,8.0,1
2020-05-05,14.5,10.7,75.0,1012.2,19.7,100.0,3.8000000000000007,0
2020-05-06,19.8,8.2,61.0,1017.5,12.0,37.0,11.600000000000001,0
2020-05-07,20.9,6.0,59.0,1018.2,10.5,63.0,14.899999999999999,0
2020-05-08,23.3,7.6,62.0,1012.6,10.7,86.0,15.700000000000001,1
2020-05-09,21.7,14.0,77.0,1006.9,11.0,92.0,7.699999999999999,1
2020-05-10,21.6,12.7,88.0,1000.8,24.0,97.0,8.900000000000002,1
2020-05-11,13.2,6.3,61.0,1005.2,37.4,92.0,6.8999999999999995,0
2020-05-12,14.2,4.5,50.0,1013.8,19.9,79.0,9.7,0
2020-05-13,15.9,5.3,54.0,1008.3,25.3,87.0,10.600000000000001,0
2020-05-14,15.3,6.0,49.0,1012.1,28.0,39.0,9.3,0
2020-05-15,16.9,5.6,51.0,1015.9,21.8,6.0,11.299999999999999,0
2020-05-16,18.6,5.2,56.0,1019.1,14.9,21.0,13.400000000000002,0
2020-05-17,19.6,5.7,61.0,1020.7,11.7,39.0,13.900000000000002,0
2020-05-18,22.1,8.2,63.0,1021.1,13.4,40.0,13.900000000000002,0
2020-05-19,24.9,7.6,60.0,1019.5,18.7,30.0,17.299999999999997,0
2020-05-20,27.0,11.6,63.0,1017.4,12.5,16.0,15.4,0
2020-05-21,28.3,15.0,57.0,1015.9,11.5,69.0,13.3,1
2020-05-22,24.7,16.3,67.0,1015.6,20.7,90.0,8.399999999999999,1
2020-05-23,18.8,12.5,62.0,1022.4,26.4,72.0,6.300000000000001,0
2020-05-24,19.0,8.7,63.0,1028.3,17.7,74.0,10.3,0
2020-05-25,22.7,9.9,63.0,1029.5,14.7,77.0,12.799999999999999,0
2020-05-26,24.8,10.5,55.0,1029.7,17.3,17.0,14.3,0
2020-05-27,25.8,12.9,49.0,1028.4,20.8,32.0,12.9,0
2020-05-28,24.4,12.1,49.0,1025.5,18.5,7.0,12.299999999999999,0
2020-05-29,24.4,12.8,36.0,1020.2,20.9,0.0,11.599999999999998,0
2020-05-30,24.8,10.4,43.0,1015.9,20.5,2.0,14.4,0
2020-05-31,24.0,12.8,42.0,1014.8,21.7,25.0,11.2,0
2020-06-01,26.3,12.6,47.0,1014.1,15.3,3.0,13.700000000000001,0
2020-06-02,29.0,12.6,51.0,1011.7,13.6,39.0,16.4,1
2020-06-03,24.7,16.2,54.0,1002.2,15.0,84.0,8.5,1
2020-06-04,17.9,12.3,76.0,996.8,26.3,93.0,5.599999999999998,1
2020-06-05,18.0,11.1,69.0,996.6,33.7,91.0,6.9,1
2020-06-06,17.7,11.3,58.0,999.6,25.2,65.0,6.399999999999999,1
2020-06-07,18.2,9.5,67.0,1005.0,14.2,63.0,8.7,1
2020-06-08,18.6,11.4,70.0,1010.9,20.6,62.0,7.200000000000001,0
2020-06-09,18.2,8.6,65.0,1014.5,18.7,53.0,9.6,0
2020-06-10,18.9,9.3,65.0,1012.0,15.9,75.0,9.599999999999998,1
2020-06-11,22.2,11.6,70.0,1004.6,17.5,87.0,10.6,1
2020-06-12,19.9,14.2,79.0,999.4,21.4,97.0,5.699999999999999,0
2020-06-13,22.4,11.6,68.0,1005.1,22.0,45.0,10.799999999999999,0
2020-06-14,21.4,12.5,70.0,1011.7,18.1,41.0,8.899999999999999,1
2020-06-15,21.9,13.3,71.0,1013.4,17.3,35.0,8.599999999999998,1
2020-06-16,22.6,13.4,73.0,1011.5,16.2,72.0,9.200000000000001,1
2020-06-17,20.4,13.1,72.0,1008.6,10.5,96.0,7.299999999999999,1
2020-06-18,19.9,12.7,76.0,1007.9,17.6,57.0,7.199999999999999,1
2020-06-19,20.8,12.2,74.0,1013.3,17.2,66.0,8.600000000000001,1
2020-06-20,22.3,14.3,72.0,1017.0,8.4,69.0,8.0,1
2020-06-21,22.0,14.3,72.0,1016.8,23.5,75.0,7.699999999999999,0
2020-06-22,23.0,10.4,67.0,1022.0,9.6,11.0,12.6,0
2020-06-23,28.7,12.0,55.0,1019.0,15.9,25.0,16.7,0
2020-06-24,32.1,16.2,47.0,1014.1,19.1,14.0,15.900000000000002,0
2020-06-25,33.1,18.8,43.0,1010.2,12.2,31.0,14.3,1
2020-06-26,31.7,20.9,57.0,1007.0,21.4,76.0,10.8,1
2020-06-27,22.7,17.2,74.0,1007.0,31.3,65.0,5.5,0
2020-06-28,22.2,15.7,58.0,1010.6,21.4,85.0,6.5,1
2020-06-29,20.8,14.2,59.0,1011.2,22.4,79.0,6.600000000000001,0
2020-06-30,22.8,15.5,63.0,1008.6,26.2,85.0,7.300000000000001,1
2020-07-01,23.6,17.2,77.0,1005.5,22.2,60.0,6.400000000000002,1
2020-07-02,20.8,15.1,71.0,1009.8,20.9,74.0,5.700000000000001,0
2020-07-03,21.7,11.8,63.0,1015.8,18.4,43.0,9.899999999999999,0
2020-07-04,23.7,14.4,67.0,1014.7,27.6,78.0,9.299999999999999,0
2020-07-05,23.9,17.0,73.0,1012.9,26.1,76.0,6.899999999999999,0
2020-07-06,21.0,11.8,58.0,1016.6,23.7,44.0,9.2,0
2020-07-07,23.2,9.1,61.0,1017.7,10.7,19.0,14.1,0
2020-07-08,25.9,12.5,63.0,1014.0,21.6,40.0,13.399999999999999,0
2020-07-09,30.2,14.6,62.0,1011.2,21.3,30.0,15.6,0
2020-07-10,22.2,16.3,61.0,1012.1,23.0,61.0,5.899999999999999,0
2020-07-11,23.6,10.5,52.0,1020.4,18.1,19.0,13.100000000000001,0
2020-07-12,25.0,11.4,50.0,1021.7,16.3,41.0,13.6,0
2020-07-13,26.6,13.4,44.0,1018.5,19.5,42.0,13.200000000000001,1
2020-07-14,22.6,14.0,62.0,1013.5,15.9,94.0,8.600000000000001,1
2020-07-15,21.5,15.6,66.0,1011.9,16.1,94.0,5.9,0
2020-07-16,20.8,15.9,69.0,1015.7,16.1,99.0,4.9,0
2020-07-17,25.3,16.1,62.0,1017.4,15.9,79.0,9.2,0
2020-07-18,27.6,15.4,61.0,1015.1,13.0,36.0,12.200000000000001,0
2020-07-19,29.2,13.6,55.0,1012.6,18.7,51.0,15.6,0
2020-07-20,25.8,14.8,57.0,1014.7,19.5,23.0,11.0,0
2020-07-21,25.4,12.9,45.0,1018.9,17.6,6.0,12.499999999999998,0
2020-07-22,25.2,13.0,44.0,1018.4,17.6,39.0,12.2,0
2020-07-23,27.2,13.5,44.0,1013.6,15.3,76.0,13.7,1
2020-07-24,24.3,16.4,56.0,1010.8,16.9,49.0,7.900000000000002,0
2020-07-25,26.7,16.0,64.0,1008.6,23.8,93.0,10.7,1
2020-07-26,24.9,16.9,62.0,1009.2,19.9,77.0,8.0,0
2020-07-27,30.6,15.2,49.0,1008.3,28.0,18.0,15.400000000000002,0
2020-07-28,23.7,17.3,57.0,1011.4,19.8,59.0,6.399999999999999,0
2020-07-29,25.7,11.6,56.0,1016.3,11.0,22.0,14.1,0
2020-07-30,31.3,13.3,46.0,1014.0,13.4,0.0,18.0,0
2020-07-31,38.2,19.3,37.0,1009.3,24.5,26.0,18.900000000000002,0
2020-08-01,27.3,19.3,60.0,1012.2,15.3,52.0,8.0,0
2020-08-02,24.4,16.5,53.0,1013.5,18.8,85.0,7.899999999999999,0
2020-08-03,22.9,14.6,57.0,1011.5,22.7,70.0,8.299999999999999,0
2020-08-04,25.4,11.8,57.0,1013.5,12.4,21.0,13.599999999999998,0
2020-08-05,30.0,13.3,39.0,1011.8,14.2,2.0,16.7,0
2020-08-06,33.4,14.9,39.0,1012.8,8.7,17.0,18.5,0
2020-08-07,35.6,18.8,38.0,1013.4,12.5,0.0,16.8,0
2020-08-08,36.2,19.7,40.0,1013.2,14.8,24.0,16.500000000000004,0
2020-08-09,37.6,22.8,38.0,1010.3,18.9,47.0,14.8,1
2020-08-10,32.2,23.3,48.0,1008.9,12.8,88.0,8.900000000000002,0
2020-08-11,34.5,21.4,48.0,1009.4,14.1,55.0,13.100000000000001,1
2020-08-12,35.2,21.9,51.0,1008.5,15.5,46.0,13.300000000000004,1
2020-08-13,28.8,20.4,73.0,1007.8,21.9,55.0,8.400000000000002,1
2020-08-14,25.0,19.1,79.0,1009.8,12.0,75.0,5.899999999999999,0
2020-08-15,26.4,17.8,75.0,1010.3,11.1,52.0,8.599999999999998,1
2020-08-16,25.4,17.9,76.0,1006.4,15.5,71.0,7.5,1
2020-08-17,23.1,16.2,75.0,1006.2,21.3,55.0,6.900000000000002,0
2020-08-18,25.3,14.9,67.0,1007.6,11.5,50.0,10.4,1
2020-08-19,24.9,17.4,78.0,1003.8,23.8,87.0,7.5,0
2020-08-20,31.3,19.0,67.0,1001.4,16.7,67.0,12.3,1
2020-08-21,27.4,20.7,58.0,1005.6,26.7,66.0,6.699999999999999,0
2020-08-22,24.5,16.6,61.0,1013.3,28.2,58.0,7.899999999999999,0
2020-08-23,21.8,14.8,64.0,1015.9,21.0,58.0,7.0,0
2020-08-24,22.4,12.9,67.0,1014.7,18.0,76.0,9.499999999999998,1
2020-08-25,27.6,15.6,64.0,1006.3,35.4,87.0,12.000000000000002,0
2020-08-26,23.6,16.2,58.0,1011.9,27.2,72.0,7.400000000000002,1
2020-08-27,25.2,12.9,68.0,1010.9,28.4,75.0,12.299999999999999,1
2020-08-28,21.3,13.7,78.0,1000.6,25.9,50.0,7.600000000000001,1
2020-08-29,18.1,12.1,80.0,1001.5,21.4,53.0,6.000000000000002,1
2020-08-30,18.9,11.9,83.0,1008.1,24.1,68.0,6.999999999999998,0
2020-08-31,19.4,12.1,69.0,1015.9,14.3,60.0,7.299999999999999,0
2020-09-01,20.0,10.4,70.0,1014.7,11.5,45.0,9.6,0
2020-09-02,20.6,8.6,65.0,1015.4,8.4,47.0,12.000000000000002,0
2020-09-03,25.8,14.9,53.0,1016.5,16.8,77.0,10.9,0
2020-09-04,27.1,16.4,65.0,1017.6,14.6,34.0,10.700000000000003,0
2020-09-05,20.3,14.2,67.0,1017.1,17.4,60.0,6.100000000000001,0
2020-09-06,18.1,11.8,69.0,1017.5,13.6,59.0,6.300000000000001,0
2020-09-07,22.1,8.9,67.0,1020.6,10.4,44.0,13.200000000000001,0
2020-09-08,24.4,12.7,71.0,1022.5,13.1,65.0,11.7,0
2020-09-09,26.8,15.1,71.0,1019.5,16.3,41.0,11.700000000000001,0
2020-09-10,25.0,17.3,73.0,1016.7,11.7,50.0,7.699999999999999,0
2020-09-11,25.7,16.6,60.0,1012.8,13.5,41.0,9.099999999999998,0
2020-09-12,22.5,12.1,68.0,1016.8,11.3,6.0,10.4,0
2020-09-13,27.4,11.8,61.0,1020.7,8.6,20.0,15.599999999999998,0
2020-09-14,33.0,13.0,50.0,1017.0,11.0,0.0,20.0,0
2020-09-15,33.6,16.7,45.0,1014.1,10.9,30.0,16.900000000000002,0
2020-09-16,30.6,17.0,61.0,1015.2,19.7,38.0,13.600000000000001,0
2020-09-17,25.5,16.6,51.0,1018.2,19.5,11.0,8.899999999999999,0
2020-09-18,28.1,14.3,51.0,1013.3,20.7,30.0,13.8,0
2020-09-19,28.0,21.5,54.0,1008.8,16.1,84.0,6.5,0
2020-09-20,27.8,16.2,68.0,1010.1,15.7,33.0,11.600000000000001,0
2020-09-21,26.3,12.5,47.0,1011.0,10.4,3.0,13.8,0
2020-09-22,25.5,9.9,57.0,1007.4,13.6,1.0,15.6,1
2020-09-23,22.7,15.2,77.0,1002.0,22.6,65.0,7.5,1
2020-09-24,17.1,10.5,80.0,999.0,26.9,71.0,6.600000000000001,1
2020-09-25,13.3,9.6,67.0,997.7,34.1,61.0,3.700000000000001,0
2020-09-26,14.2,9.4,61.0,1004.2,29.5,55.0,4.799999999999999,1
2020-09-27,13.9,10.2,87.0,1001.6,34.8,100.0,3.700000000000001,1
2020-09-28,15.9,12.3,83.0,1007.8,20.2,90.0,3.5999999999999996,1
2020-09-29,17.9,12.9,88.0,1013.3,13.7,98.0,4.999999999999998,0
2020-09-30,18.7,12.7,83.0,1009.3,18.1,81.0,6.0,1
2020-10-01,16.0,10.9,79.0,997.8,24.2,95.0,5.1,1
2020-10-02,14.1,11.3,88.0,983.6,26.1,100.0,2.799999999999999,1
2020-10-03,14.5,9.0,85.0,983.9,16.6,76.0,5.5,1
2020-10-04,14.2,8.4,79.0,988.0,31.1,70.0,5.799999999999999,1
2020-10-05,14.0,10.6,85.0,996.2,28.8,100.0,3.4000000000000004,1
2020-10-06,15.3,11.7,77.0,1001.0,31.4,78.0,3.6000000000000014,1
2020-10-07,16.7,11.7,74.0,1011.2,24.9,80.0,5.0,0
2020-10-08,18.9,13.9,78.0,1014.5,30.3,96.0,4.999999999999998,1
2020-10-09,16.8,11.4,81.0,1015.7,19.9,84.0,5.4,0
2020-10-10,13.9,8.1,71.0,1019.8,17.7,57.0,5.800000000000001,1
2020-10-11,13.9,8.1,81.0,1019.3,17.4,36.0,5.800000000000001,0
2020-10-12,13.8,5.5,79.0,1018.1,11.5,61.0,8.3,1
2020-10-13,12.5,7.4,84.0,1006.1,18.9,91.0,5.1,1
2020-10-14,13.5,5.7,83.0,1010.3,21.8,82.0,7.8,0
2020-10-15,12.2,7.2,75.0,1015.0,22.3,83.0,4.999999999999999,0
2020-10-16,12.9,6.2,78.0,1017.5,15.4,64.0,6.7,0
2020-10-17,12.9,7.8,78.0,1016.8,10.0,87.0,5.1000000000000005,0
2020-10-18,13.1,6.6,82.0,1019.6,7.9,74.0,6.5,0
2020-10-19,14.2,4.0,78.0,1015.2,19.1,76.0,10.2,1
2020-10-20,15.5,8.8,83.0,1004.4,23.2,100.0,6.699999999999999,1
2020-10-21,20.6,13.1,75.0,999.1,39.6,72.0,7.500000000000002,1
2020-10-22,19.0,13.0,87.0,1007.5,20.0,69.0,6.0,1
2020-10-23,18.1,12.3,85.0,1008.0,16.4,70.0,5.800000000000001,0
2020-10-24,16.6,11.3,84.0,1008.7,32.9,77.0,5.300000000000001,1
2020-10-25,14.7,10.9,82.0,999.3,30.1,94.0,3.799999999999999,0
2020-10-26,12.8,7.0,81.0,999.9,26.7,40.0,5.800000000000001,1
2020-10-27,13.8,7.4,90.0,1001.9,31.1,73.0,6.4,1
2020-10-28,14.2,9.6,83.0,1005.8,29.6,74.0,4.6,1
2020-10-29,14.0,10.3,84.0,1014.5,23.0,99.0,3.6999999999999993,0
2020-10-30,16.5,11.6,82.0,1019.0,22.1,75.0,4.9,1
2020-10-31,17.6,9.1,85.0,1015.2,23.8,57.0,8.500000000000002,1
2020-11-01,18.7,13.0,87.0,1009.6,32.1,99.0,5.699999999999999,1
2020-11-02,19.0,10.6,80.0,1009.4,32.9,78.0,8.4,0
2020-11-03,11.9,6.0,76.0,1020.2,21.3,47.0,5.9,0
2020-11-04,11.0,2.0,84.0,1027.6,12.8,6.0,9.0,0
2020-11-05,11.5,2.8,82.0,1032.2,19.2,1.0,8.7,0
2020-11-06,12.0,3.2,85.0,1024.2,18.0,12.0,8.8,0
2020-11-07,16.5,6.2,88.0,1016.5,12.4,66.0,10.3,0
2020-11-08,17.7,10.4,86.0,1015.6,15.1,69.0,7.299999999999999,0
2020-11-09,17.1,8.5,93.0,1016.9,9.4,71.0,8.600000000000001,1
2020-11-10,14.5,8.7,95.0,1020.8,10.2,73.0,5.800000000000001,0
2020-11-11,12.8,8.1,93.0,1019.1,16.6,86.0,4.700000000000001,1
2020-11-12,13.9,7.5,80.0,1014.7,20.1,54.0,6.4,1
2020-11-13,15.3,7.6,87.0,1013.0,19.9,81.0,7.700000000000001,1
2020-11-14,16.4,10.5,82.0,1011.3,21.8,74.0,5.899999999999999,1
2020-11-15,15.6,10.7,77.0,1003.2,37.4,81.0,4.9,0
2020-11-16,12.3,10.6,72.0,1013.4,30.9,90.0,1.700000000000001,0
2020-11-17,13.7,8.7,82.0,1022.2,15.8,91.0,5.0,0
2020-11-18,16.0,6.5,83.0,1018.7,18.6,31.0,9.5,1
2020-11-19,14.7,7.2,80.0,1023.0,29.5,47.0,7.499999999999999,0
2020-11-20,9.0,2.4,85.0,1031.7,10.6,74.0,6.6,0
2020-11-21,10.3,3.8,80.0,1029.0,13.0,70.0,6.500000000000001,0
2020-11-22,10.5,3.8,85.0,1025.0,9.3,91.0,6.7,0
2020-11-23,12.2,6.5,91.0,1024.4,7.6,84.0,5.699999999999999,0
2020-11-24,9.2,3.2,90.0,1018.4,12.2,81.0,5.999999999999999,0
2020-11-25,11.7,4.4,86.0,1012.2,12.6,65.0,7.299999999999999,0
2020-11-26,10.7,1.5,93.0,1015.5,10.7,9.0,9.2,0
2020-11-27,10.6,2.8,96.0,1013.2,10.8,67.0,7.8,0
2020-11-28,10.8,1.8,91.0,1012.3,10.5,18.0,9.0,0
2020-11-29,4.6,0.4,90.0,1018.8,13.0,43.0,4.199999999999999,0
2020-11-30,6.9,-2.9,89.0,1022.8,16.5,68.0,9.8,1
2020-12-01,8.9,5.0,83.0,1016.7,26.0,53.0,3.9000000000000004,1
2020-12-02,8.5,5.8,85.0,1013.8,18.5,91.0,2.7,1
2020-12-03,7.7,5.7,93.0,995.0,28.2,100.0,2.0,1
2020-12-04,8.2,2.3,80.0,979.1,35.5,62.0,5.8999999999999995,1
2020-12-05,6.2,1.3,88.0,988.7,25.2,68.0,4.9,1
2020-12-06,5.8,2.0,89.0,994.4,17.9,80.0,3.8,0
2020-12-07,5.1,-0.2,95.0,995.0,11.5,94.0,5.3,0
2020-12-08,4.6,-1.3,92.0,998.2,13.2,48.0,5.8999999999999995,0
2020-12-09,4.6,-1.8,94.0,1005.7,11.9,65.0,6.3999999999999995,0
2020-12-10,6.2,1.8,87.0,999.3,16.7,94.0,4.4,1
2020-12-11,11.1,5.6,92.0,988.1,26.8,95.0,5.5,1
2020-12-12,10.4,5.4,92.0,994.8,21.3,68.0,5.0,1
2020-12-13,8.2,2.5,91.0,1005.7,22.7,85.0,5.699999999999999,1
2020-12-14,11.4,8.6,91.0,1002.4,23.4,86.0,2.8000000000000007,1
2020-12-15,11.9,6.5,92.0,1005.7,17.0,63.0,5.4,0
2020-12-16,9.8,6.2,93.0,1009.0,19.0,90.0,3.6000000000000005,1
2020-12-17,11.0,7.1,90.0,1015.0,21.5,63.0,3.9000000000000004,0
2020-12-18,10.3,5.8,93.0,1015.7,17.9,49.0,4.500000000000001,1
2020-12-19,11.1,6.5,91.0,1009.1,23.3,87.0,4.6,0
2020-12-20,10.9,6.7,89.0,1014.1,22.2,62.0,4.2,1
2020-12-21,13.6,6.6,92.0,1012.1,26.7,100.0,7.0,1
2020-12-22,14.7,13.0,90.0,1012.0,27.2,99.0,1.6999999999999993,1
2020-12-23,13.6,8.9,86.0,1007.7,26.2,76.0,4.699999999999999,1
2020-12-24,9.4,2.5,85.0,1009.8,30.3,83.0,6.9,1
2020-12-25,5.7,1.1,89.0,1022.6,22.1,45.0,4.6,0
2020-12-26,5.0,-0.7,87.0,1021.7,25.9,82.0,5.7,1
2020-12-27,8.1,4.6,86.0,987.1,45.2,94.0,3.5,1
2020-12-28,6.3,1.8,91.0,971.5,27.2,82.0,4.5,1
2020-12-29,5.3,1.7,92.0,985.0,20.1,87.0,3.5999999999999996,1
2020-12-30,6.4,0.7,90.0,999.1,16.3,70.0,5.7,1
2020-12-31,6.0,-0.9,90.0,998.9,21.7,74.0,6.9,0
2021-01-01,3.6,-2.3,90.0,1006.1,8.7,54.0,5.9,0
2021-01-02,3.4,-2.7,94.0,1010.3,8.4,75.0,6.1,0
2021-01-03,3.5,0.3,93.0,1009.8,10.0,91.0,3.2,0
2021-01-04,2.8,1.3,90.0,1009.4,16.5,99.0,1.4999999999999998,0
2021-01-05,3.1,1.1,90.0,1010.4,14.1,97.0,2.0,1
2021-01-06,3.8,1.2,92.0,1012.0,12.4,98.0,2.5999999999999996,1
2021-01-07,3.7,-0.7,95.0,1012.9,9.8,89.0,4.4,0
2021-01-08,3.4,-1.6,91.0,1014.0,8.1,52.0,5.0,0
2021-01-09,3.4,-2.5,88.0,1018.7,16.8,50.0,5.9,0
2021-01-10,3.2,-2.7,92.0,1021.3,10.8,53.0,5.9,0
2021-01-11,5.1,-2.7,92.0,1019.6,19.2,90.0,7.8,1
2021-01-12,9.1,4.3,89.0,1012.3,28.1,100.0,4.8,1
2021-01-13,9.8,4.7,94.0,1016.4,25.6,99.0,5.1000000000000005,1
2021-01-14,10.1,7.2,90.0,1012.4,28.0,98.0,2.8999999999999995,1
2021-01-15,5.7,0.4,77.0,1021.4,27.2,86.0,5.3,1
2021-01-16,5.1,-1.2,81.0,1021.6,20.6,99.0,6.3,1
2021-01-17,6.8,1.8,90.0,1018.7,19.9,59.0,5.0,0
2021-01-18,7.6,0.2,85.0,1022.5,17.7,69.0,7.3999999999999995,1
2021-01-19,7.4,4.7,84.0,1011.8,27.7,95.0,2.7,0
2021-01-20,12.3,5.6,62.0,996.6,34.6,94.0,6.700000000000001,1
2021-01-21,11.4,5.7,80.0,988.5,42.0,82.0,5.7,1
2021-01-22,9.5,2.7,88.0,990.5,35.0,94.0,6.8,1
2021-01-23,5.7,0.6,93.0,991.7,22.5,68.0,5.1000000000000005,1
2021-01-24,3.1,-2.0,89.0,996.2,24.0,60.0,5.1,1
2021-01-25,5.0,-0.4,83.0,1002.6,26.0,60.0,5.4,1
2021-01-26,4.4,-1.0,78.0,1016.7,16.6,75.0,5.4,1
2021-01-27,8.3,2.3,89.0,1011.1,17.9,100.0,6.000000000000001,1
2021-01-28,14.1,7.9,89.0,1004.4,30.6,95.0,6.199999999999999,1
2021-01-29,11.7,8.1,80.0,1000.0,34.7,74.0,3.5999999999999996,1
2021-01-30,12.7,6.0,88.0,993.8,22.5,94.0,6.699999999999999,1
2021-01-31,10.3,7.3,94.0,991.6,9.0,99.0,3.000000000000001,1
2021-02-01,10.0,5.7,88.0,990.6,18.2,95.0,4.3,1
2021-02-02,14.2,5.0,86.0,997.9,24.3,78.0,9.2,1
2021-02-03,12.8,7.2,82.0,996.5,35.0,71.0,5.6000000000000005,1
2021-02-04,11.4,4.6,90.0,1007.4,13.4,74.0,6.800000000000001,0
2021-02-05,11.2,5.7,91.0,1006.8,12.0,97.0,5.499999999999999,1
2021-02-06,8.8,6.1,94.0,1000.4,15.0,98.0,2.700000000000001,1
2021-02-07,6.9,0.3,87.0,993.7,18.2,99.0,6.6000000000000005,0
2021-02-08,0.6,-1.5,74.0,994.5,12.0,95.0,2.1,0
2021-02-09,-0.6,-3.9,72.0,999.0,21.3,96.0,3.3,1
2021-02-10,-0.9,-5.5,60.0,1004.9,22.3,54.0,4.6,0
2021-02-11,0.9,-6.0,61.0,1020.5,23.5,52.0,6.9,0
2021-02-12,1.4,-4.2,50.0,1021.5,22.7,82.0,5.6,0
2021-02-13,0.4,-5.7,43.0,1027.6,22.0,56.0,6.1000000000000005,0
2021-02-14,3.4,-5.5,49.0,1027.9,19.0,61.0,8.9,1
2021-02-15,7.9,1.0,80.0,1021.7,20.9,98.0,6.9,1
2021-02-16,12.3,3.9,83.0,1014.0,21.5,76.0,8.4,0
2021-02-17,12.2,6.6,85.0,1014.2,28.3,61.0,5.6,1
2021-02-18,11.4,5.6,81.0,1006.5,24.5,89.0,5.800000000000001,0
2021-02-19,14.0,3.8,87.0,1010.7,20.2,72.0,10.2,0
2021-02-20,17.6,7.8,70.0,1006.4,23.4,76.0,9.8,0
2021-02-21,17.1,6.3,68.0,1007.1,17.4,79.0,10.8,0
2021-02-22,16.4,6.5,69.0,1012.8,17.4,79.0,9.899999999999999,0
2021-02-23,17.4,9.9,78.0,1024.4,28.5,38.0,7.499999999999998,0
2021-02-24,18.7,9.0,79.0,1025.0,16.6,10.0,9.7,0
2021-02-25,16.8,7.7,79.0,1023.0,14.2,80.0,9.100000000000001,1
2021-02-26,11.5,5.0,79.0,1030.3,18.4,61.0,6.5,0
2021-02-27,10.3,1.4,77.0,1033.8,20.0,1.0,8.9,0
2021-02-28,11.1,1.8,76.0,1029.0,20.1,0.0,9.299999999999999,0
2021-03-01,13.2,0.1,77.0,1024.9,12.4,0.0,13.1,0
2021-03-02,16.6,0.9,81.0,1023.9,10.4,10.0,15.700000000000001,1
2021-03-03,17.3,5.4,77.0,1023.9,10.1,36.0,11.9,1
2021-03-04,11.9,6.1,87.0,1018.4,15.9,52.0,5.800000000000001,0
2021-03-05,6.0,3.5,66.0,1022.3,20.5,90.0,2.5,0
2021-03-06,8.6,-0.7,56.0,1025.4,19.5,15.0,9.299999999999999,0
2021-03-07,8.9,-3.9,66.0,1020.4,11.6,0.0,12.8,0
2021-03-08,7.2,-2.2,70.0,1018.5,13.6,25.0,9.4,0
2021-03-09,10.9,-1.0,73.0,1016.9,14.2,47.0,11.9,1
2021-03-10,9.5,0.7,76.0,1013.5,26.3,84.0,8.8,1
2021-03-11,13.9,6.8,77.0,1002.6,36.3,76.0,7.1000000000000005,1
2021-03-12,11.7,4.6,75.0,1007.5,31.0,57.0,7.1,1
2021-03-13,10.4,4.7,76.0,1000.3,39.0,82.0,5.7,1
2021-03-14,10.8,3.3,75.0,1011.2,27.4,80.0,7.500000000000001,1
2021-03-15,11.0,5.7,80.0,1015.3,24.9,77.0,5.3,1
2021-03-16,9.9,2.6,92.0,1022.3,22.1,79.0,7.300000000000001,1
2021-03-17,9.7,5.4,79.0,1024.4,29.0,92.0,4.299999999999999,1
2021-03-18,7.7,2.5,86.0,1022.2,16.9,98.0,5.2,1
2021-03-19,8.5,3.0,70.0,1018.3,31.4,60.0,5.5,0
2021-03-20,8.2,0.1,77.0,1024.9,16.9,36.0,8.1,0
2021-03-21,11.3,1.4,78.0,1022.1,21.1,80.0,9.9,0
2021-03-22,8.5,1.3,72.0,1022.7,13.5,80.0,7.2,0
2021-03-23,12.7,1.4,75.0,1022.2,8.1,44.0,11.299999999999999,0
2021-03-24,16.9,0.6,73.0,1018.9,14.3,44.0,16.299999999999997,1
2021-03-25,13.3,3.8,79.0,1017.8,12.4,80.0,9.5,1
2021-03-26,14.4,4.2,72.0,1013.7,28.5,60.0,10.2,0
2021-03-27,11.9,3.7,72.0,1020.9,26.8,38.0,8.2,0
2021-03-28,15.7,3.9,68.0,1025.0,19.3,59.0,11.799999999999999,0
2021-03-29,20.6,3.9,65.0,1025.9,13.2,69.0,16.700000000000003,0
2021-03-30,22.7,5.8,69.0,1024.1,12.5,8.0,16.9,0
2021-03-31,23.8,5.8,68.0,1017.8,11.8,1.0,18.0,0
2021-04-01,23.7,7.5,67.0,1015.5,16.6,14.0,16.2,0
2021-04-02,12.5,5.5,66.0,1019.4,23.5,3.0,7.0,0
2021-04-03,10.7,4.0,64.0,1022.7,24.5,51.0,6.699999999999999,0
2021-04-04,12.1,1.4,72.0,1020.8,15.5,5.0,10.7,1
2021-04-05,9.6,0.5,77.0,1013.3,22.2,65.0,9.1,1
2021-04-06,6.8,-2.5,60.0,1015.5,24.0,32.0,9.3,0
2021-04-07,8.9,-2.5,61.0,1019.5,22.1,38.0,11.4,0
2021-04-08,11.9,1.6,67.0,1019.7,9.1,75.0,10.3,1
2021-04-09,15.9,2.4,67.0,1010.7,17.1,95.0,13.5,1
2021-04-10,14.2,7.4,88.0,1006.3,23.8,94.0,6.799999999999999,1
2021-04-11,8.2,3.2,77.0,1010.4,23.1,86.0,4.999999999999999,0
2021-04-12,10.5,-0.7,71.0,1024.3,18.6,32.0,11.2,0
2021-04-13,10.8,-0.3,66.0,1027.9,14.3,22.0,11.100000000000001,0
2021-04-14,11.2,-0.9,58.0,1026.1,17.0,30.0,12.1,0
2021-04-15,10.5,1.0,63.0,1024.9,19.6,24.0,9.5,0
2021-04-16,10.3,0.5,63.0,1023.0,20.9,62.0,9.8,0
2021-04-17,13.4,4.0,61.0,1020.9,19.1,65.0,9.4,0
2021-04-18,13.7,1.0,69.0,1019.1,13.5,62.0,12.7,0
2021-04-19,16.1,1.9,70.0,1016.5,10.4,37.0,14.200000000000001,0
2021-04-20,17.1,6.4,67.0,1012.6,10.2,49.0,10.700000000000001,0
2021-04-21,17.7,3.4,70.0,1012.6,17.0,22.0,14.299999999999999,0
2021-04-22,16.2,5.3,60.0,1018.3,18.9,16.0,10.899999999999999,0
2021-04-23,18.1,4.2,52.0,1021.4,18.5,0.0,13.900000000000002,0
2021-04-24,19.1,4.8,50.0,1018.8,18.9,37.0,14.3,0
2021-04-25,16.4,6.3,49.0,1017.8,27.0,31.0,10.099999999999998,0
2021-04-26,18.0,4.9,47.0,1011.7,22.7,46.0,13.1,0
2021-04-27,18.6,3.7,44.0,1004.1,14.8,20.0,14.900000000000002,1
2021-04-28,19.3,6.1,56.0,999.1,19.2,44.0,13.200000000000001,0
2021-04-29,13.7,6.2,65.0,1004.3,16.6,55.0,7.499999999999999,0
2021-04-30,13.7,5.5,58.0,1009.2,13.5,88.0,8.2,1
2021-05-01,10.7,6.8,71.0,1010.4,11.0,90.0,3.8999999999999995,1
2021-05-02,13.4,3.4,74.0,1016.0,12.6,34.0,10.0,0
2021-05-03,16.6,3.0,61.0,1015.5,25.2,64.0,13.600000000000001,1
2021-05-04,14.6,8.7,64.0,1003.3,33.4,82.0,5.9,1
2021-05-05,13.3,5.8,60.0,1007.1,26.5,59.0,7.500000000000001,1
2021-05-06,10.9,6.5,77.0,1004.0,17.1,97.0,4.4,0
2021-05-07,15.0,3.7,63.0,1012.1,12.2,52.0,11.3,1
2021-05-08,21.1,7.7,64.0,1008.2,27.7,88.0,13.400000000000002,0
2021-05-09,26.5,13.4,63.0,997.7,30.3,78.0,13.1,1
2021-05-10,18.3,11.3,70.0,1000.7,25.2,69.0,7.0,0
2021-05-11,15.7,7.6,72.0,1005.5,19.5,81.0,8.1,1
2021-05-12,15.2,7.4,74.0,1007.3,16.6,54.0,7.799999999999999,1
2021-05-13,15.4,8.5,75.0,1003.3,21.3,68.0,6.9,1
2021-05-14,14.0,7.1,82.0,1004.4,22.9,59.0,6.9,1
2021-05-15,15.8,8.8,79.0,1001.3,25.1,84.0,7.0,1
2021-05-16,17.1,9.1,78.0,999.2,23.7,66.0,8.000000000000002,1
2021-05-17,15.4,9.7,78.0,1004.0,27.0,63.0,5.700000000000001,1
2021-05-18,15.8,8.8,73.0,1011.7,18.8,46.0,7.0,1
2021-05-19,14.2,8.6,76.0,1015.0,26.6,58.0,5.6,0
2021-05-20,17.2,5.6,68.0,1015.9,27.9,81.0,11.6,0
2021-05-21,16.5,11.1,59.0,1004.4,32.9,64.0,5.4,1
2021-05-22,16.3,9.4,64.0,1004.1,35.0,43.0,6.9,0
2021-05-23,16.5,7.7,65.0,1010.1,25.5,49.0,8.8,1
2021-05-24,16.0,9.9,66.0,1004.8,30.9,77.0,6.1,1
2021-05-25,15.2,7.6,69.0,1013.7,29.2,74.0,7.6,1
2021-05-26,15.0,10.0,78.0,1012.0,28.5,85.0,5.0,0
2021-05-27,18.4,5.4,72.0,1016.3,8.7,33.0,12.999999999999998,0
2021-05-28,20.5,9.2,71.0,1017.7,15.4,49.0,11.3,0
2021-05-29,21.7,9.3,65.0,1019.1,18.9,69.0,12.399999999999999,0
2021-05-30,22.1,10.8,58.0,1019.4,16.5,25.0,11.3,0
2021-05-31,23.3,10.4,56.0,1015.0,19.4,0.0,12.9,0
2021-06-01,26.6,10.1,58.0,1009.0,14.2,5.0,16.5,1
2021-06-02,26.2,13.6,74.0,1008.4,21.7,56.0,12.6,1
2021-06-03,25.9,16.5,79.0,1014.8,9.2,78.0,9.399999999999999,1
2021-06-04,20.7,14.7,88.0,1016.3,17.1,95.0,6.0,0
2021-06-05,19.7,13.7,74.0,1020.0,18.6,95.0,6.0,0
2021-06-06,21.9,11.0,67.0,1020.5,14.1,56.0,10.899999999999999,0
2021-06-07,22.4,13.2,68.0,1019.2,12.9,59.0,9.2,0
2021-06-08,24.3,11.8,67.0,1019.0,10.6,50.0,12.5,0
2021-06-09,26.2,12.8,65.0,1018.2,11.8,60.0,13.399999999999999,0
2021-06-10,25.7,15.2,62.0,1017.6,14.7,30.0,10.5,0
2021-06-11,25.1,13.9,70.0,1017.0,14.7,25.0,11.200000000000001,0
2021-06-12,22.9,14.5,75.0,1019.2,17.9,62.0,8.399999999999999,0
2021-06-13,25.7,13.9,56.0,1021.5,15.0,5.0,11.799999999999999,0
2021-06-14,29.7,12.9,55.0,1016.4,15.8,0.0,16.799999999999997,0
2021-06-15,29.5,15.4,61.0,1014.7,15.1,57.0,14.1,0
2021-06-16,32.1,17.2,59.0,1008.5,14.4,25.0,14.900000000000002,1
2021-06-17,28.6,20.5,68.0,1006.1,20.8,89.0,8.100000000000001,1
2021-06-18,26.1,19.2,76.0,1007.4,30.6,43.0,6.900000000000002,1
2021-06-19,24.3,16.3,83.0,1008.8,10.7,93.0,8.0,1
2021-06-20,23.5,15.3,75.0,1004.1,18.2,71.0,8.2,1
2021-06-21,23.5,16.8,74.0,1003.3,14.0,65.0,6.699999999999999,1
2021-06-22,19.9,13.8,88.0,1008.7,21.3,86.0,6.099999999999998,0
2021-06-23,16.9,12.6,79.0,1016.1,19.1,93.0,4.299999999999999,0
2021-06-24,19.5,12.1,69.0,1017.4,15.9,56.0,7.4,1
2021-06-25,21.7,9.3,81.0,1015.6,12.3,58.0,12.399999999999999,1
2021-06-26,20.8,14.9,85.0,1012.9,13.9,96.0,5.9,1
2021-06-27,21.6,16.4,81.0,1009.2,12.2,96.0,5.200000000000003,1
2021-06-28,21.9,15.7,82.0,1009.5,12.0,70.0,6.199999999999999,1
2021-06-29,18.6,12.0,86.0,1009.5,10.1,80.0,6.600000000000001,1
2021-06-30,18.0,13.7,84.0,1011.7,16.6,99.0,4.300000000000001,0
2021-07-01,21.1,12.1,78.0,1014.3,11.2,76.0,9.000000000000002,1
2021-07-02,24.6,12.4,78.0,1013.0,9.3,53.0,12.200000000000001,1
2021-07-03,23.4,16.7,73.0,1010.1,13.4,82.0,6.699999999999999,1
2021-07-04,21.6,15.2,86.0,1007.1,18.8,85.0,6.400000000000002,1
2021-07-05,21.4,14.9,80.0,1004.3,17.8,92.0,6.499999999999998,1
2021-07-06,20.9,15.7,67.0,1003.3,35.0,67.0,5.199999999999999,1
2021-07-07,20.9,14.2,70.0,1010.7,15.8,67.0,6.699999999999999,0
2021-07-08,20.7,13.0,75.0,1016.8,14.2,64.0,7.699999999999999,0
2021-07-09,21.0,14.4,75.0,1018.5,7.4,67.0,6.6,1
2021-07-10,19.3,14.9,82.0,1012.8,11.4,89.0,4.4,0
2021-07-11,22.4,12.6,77.0,1011.9,8.9,65.0,9.799999999999999,1
2021-07-12,22.2,14.7,85.0,1005.5,16.6,82.0,7.5,1
2021-07-13,18.6,15.4,91.0,1007.5,16.3,96.0,3.200000000000001,1
2021-07-14,19.9,15.1,83.0,1011.6,27.7,100.0,4.799999999999999,0
2021-07-15,23.1,16.7,71.0,1014.4,26.3,80.0,6.400000000000002,0
2021-07-16,19.5,15.3,76.0,1019.1,17.6,85.0,4.199999999999999,0
2021-07-17,23.3,13.7,76.0,1021.1,17.2,69.0,9.600000000000001,0
2021-07-18,27.7,15.7,72.0,1018.7,22.2,0.0,12.0,0
2021-07-19,28.3,16.3,69.0,1016.2,16.6,23.0,12.0,0
2021-07-20,27.2,16.0,71.0,1015.5,13.2,4.0,11.2,0
2021-07-21,27.6,15.0,68.0,1017.4,12.0,10.0,12.600000000000001,0
2021-07-22,27.7,16.1,62.0,1016.9,14.8,18.0,11.599999999999998,0
2021-07-23,29.0,16.1,63.0,1009.9,20.9,60.0,12.899999999999999,0
2021-07-24,25.2,17.9,63.0,1004.3,17.7,59.0,7.300000000000001,1
2021-07-25,21.8,16.9,82.0,1003.3,23.2,79.0,4.900000000000002,1
2021-07-26,22.3,15.0,83.0,1007.6,14.8,69.0,7.300000000000001,1
2021-07-27,19.5,17.0,84.0,1008.3,21.4,92.0,2.5,0
2021-07-28,22.4,15.5,66.0,1008.7,25.2,52.0,6.899999999999999,0
2021-07-29,21.6,14.3,62.0,1010.1,17.1,55.0,7.300000000000001,0
2021-07-30,22.8,14.8,64.0,1006.2,29.3,50.0,8.0,1
2021-07-31,21.9,13.6,67.0,1007.7,18.5,49.0,8.299999999999999,1
2021-08-01,22.5,13.4,71.0,1008.4,16.8,42.0,9.1,1
2021-08-02,22.0,13.7,78.0,1010.8,15.9,61.0,8.3,1
2021-08-03,18.8,14.0,79.0,1009.7,16.7,89.0,4.800000000000001,1
2021-08-04,19.4,11.7,78.0,1008.8,6.9,75.0,7.699999999999999,1
2021-08-05,22.7,14.0,77.0,1004.9,23.9,80.0,8.7,1
2021-08-06,21.6,15.6,71.0,1001.2,28.2,67.0,6.000000000000002,1
2021-08-07,22.0,13.2,71.0,999.8,31.7,53.0,8.8,0
2021-08-08,21.3,12.9,65.0,1007.5,26.6,57.0,8.4,1
2021-08-09,21.9,13.8,70.0,1012.5,22.4,66.0,8.099999999999998,1
2021-08-10,23.8,15.7,76.0,1013.5,15.5,69.0,8.100000000000001,0
2021-08-11,24.8,13.8,72.0,1015.4,8.6,66.0,11.0,0
2021-08-12,29.0,13.6,72.0,1014.8,10.9,69.0,15.4,0
2021-08-13,27.0,15.9,67.0,1018.5,13.1,29.0,11.1,0
2021-08-14,28.3,14.3,61.0,1017.1,8.1,2.0,14.0,0
2021-08-15,30.1,16.3,63.0,1011.1,24.2,44.0,13.8,1
2021-08-16,20.7,15.7,67.0,1013.1,26.3,89.0,5.0,0
2021-08-17,19.0,12.5,71.0,1017.4,21.2,90.0,6.5,1
2021-08-18,20.7,15.8,75.0,1015.3,16.6,93.0,4.899999999999999,0
2021-08-19,20.4,14.5,75.0,1012.9,13.1,82.0,5.899999999999999,0
2021-08-20,23.0,14.0,70.0,1013.3,7.1,80.0,9.0,1
2021-08-21,26.2,14.4,70.0,1012.3,18.4,62.0,11.799999999999999,1
2021-08-22,21.1,15.4,71.0,1015.7,22.9,50.0,5.700000000000001,0
2021-08-23,21.3,14.9,77.0,1019.5,20.3,58.0,6.4,0
2021-08-24,23.4,14.3,65.0,1019.9,24.5,36.0,9.099999999999998,0
2021-08-25,24.0,12.7,59.0,1017.0,19.6,17.0,11.3,0
2021-08-26,20.6,12.4,73.0,1014.6,19.7,69.0,8.200000000000001,0
2021-08-27,21.0,12.8,66.0,1015.6,17.7,52.0,8.2,0
2021-08-28,20.5,11.0,73.0,1017.6,18.3,43.0,9.5,0
2021-08-29,19.2,12.4,74.0,1017.6,17.3,44.0,6.799999999999999,0
2021-08-30,21.7,13.9,74.0,1016.7,22.1,81.0,7.799999999999999,0
2021-08-31,22.3,14.7,69.0,1020.1,20.9,64.0,7.600000000000001,0
2021-09-01,22.4,14.2,71.0,1022.1,22.3,34.0,8.2,0
2021-09-02,24.8,11.7,66.0,1019.0,19.3,0.0,13.100000000000001,0
2021-09-03,27.1,12.2,68.0,1013.9,11.7,16.0,14.900000000000002,1
2021-09-04,25.9,17.2,76.0,1011.5,8.5,42.0,8.7,1
2021-09-05,27.6,17.7,80.0,1014.2,14.7,47.0,9.900000000000002,0
2021-09-06,28.3,14.8,64.0,1018.0,11.2,38.0,13.5,0
2021-09-07,29.3,14.6,57.0,1016.1,19.9,25.0,14.700000000000001,0
2021-09-08,30.1,17.0,57.0,1008.6,17.3,65.0,13.100000000000001,1
2021-09-09,26.4,18.0,74.0,1006.9,17.9,80.0,8.399999999999999,1
2021-09-10,22.3,17.2,85.0,1009.6,12.6,81.0,5.100000000000001,0
2021-09-11,21.6,14.0,72.0,1014.9,18.8,48.0,7.600000000000001,0
2021-09-12,21.6,13.9,68.0,1014.9,8.3,66.0,7.700000000000001,0
2021-09-13,25.8,11.7,74.0,1011.7,13.1,61.0,14.100000000000001,1
2021-09-14,24.7,17.5,84.0,1007.7,12.3,98.0,7.199999999999999,1
2021-09-15,21.5,15.7,90.0,1008.1,18.4,82.0,5.800000000000001,0
2021-09-16,21.2,12.6,77.0,1013.9,10.1,58.0,8.6,0
2021-09-17,22.2,11.5,74.0,1012.1,10.3,27.0,10.7,0
2021-09-18,23.0,12.1,75.0,1009.8,10.3,50.0,10.9,1
2021-09-19,22.1,13.5,79.0,1009.1,20.8,96.0,8.600000000000001,1
2021-09-20,19.6,14.4,89.0,1015.4,13.6,87.0,5.200000000000001,0
2021-09-21,17.4,10.0,74.0,1023.8,15.8,44.0,7.399999999999999,0
2021-09-22,19.9,8.1,74.0,1023.6,9.8,53.0,11.799999999999999,0
2021-09-23,21.4,8.2,78.0,1018.1,11.3,19.0,13.2,0
2021-09-24,21.3,11.6,82.0,1014.9,7.9,58.0,9.700000000000001,0
2021-09-25,23.9,9.5,82.0,1010.9,12.7,55.0,14.399999999999999,1
2021-09-26,20.9,14.6,89.0,1010.8,19.1,74.0,6.299999999999999,1
2021-09-27,19.2,11.0,83.0,1012.5,23.8,66.0,8.2,0
2021-09-28,18.9,8.6,73.0,1017.3,14.8,74.0,10.299999999999999,1
2021-09-29,15.3,10.0,72.0,1017.4,25.5,47.0,5.300000000000001,0
2021-09-30,17.0,5.8,70.0,1022.6,15.3,47.0,11.2,1
2021-10-01,17.3,9.4,74.0,1013.4,23.3,79.0,7.9,1
2021-10-02,17.7,11.4,87.0,1003.5,37.3,97.0,6.299999999999999,1
2021-10-03,18.0,12.0,81.0,997.3,36.7,94.0,6.0,0
2021-10-04,17.6,8.1,73.0,1010.6,21.7,28.0,9.500000000000002,1
2021-10-05,15.9,11.6,81.0,1004.6,34.5,49.0,4.300000000000001,0
2021-10-06,16.9,10.3,71.0,1016.2,31.1,23.0,6.599999999999998,0
2021-10-07,17.0,8.0,84.0,1023.1,10.3,61.0,9.0,0
2021-10-08,18.3,7.1,82.0,1023.8,16.4,3.0,11.200000000000001,0
2021-10-09,17.9,7.6,82.0,1022.0,14.3,0.0,10.299999999999999,0
2021-10-10,17.1,4.9,81.0,1022.9,12.6,34.0,12.200000000000001,0
2021-10-11,15.9,10.0,77.0,1024.4,16.7,78.0,5.9,0
2021-10-12,15.5,5.3,82.0,1021.1,19.6,63.0,10.2,0
2021-10-13,14.5,4.7,78.0,1022.9,10.7,68.0,9.8,0
2021-10-14,15.6,4.2,78.0,1022.5,8.4,0.0,11.399999999999999,0
2021-10-15,16.7,5.1,84.0,1016.1,10.5,81.0,11.6,0
2021-10-16,16.3,5.6,83.0,1017.1,10.2,13.0,10.700000000000001,0
2021-10-17,15.4,3.7,78.0,1015.9,13.4,79.0,11.7,1
2021-10-18,18.7,4.6,87.0,1016.8,18.8,85.0,14.1,1
2021-10-19,22.3,14.6,75.0,1015.1,18.2,55.0,7.700000000000001,1
2021-10-20,19.6,15.8,75.0,1004.5,40.2,95.0,3.8000000000000007,1
2021-10-21,14.5,4.7,79.0,1004.5,52.4,48.0,9.8,0
2021-10-22,13.4,2.9,83.0,1018.4,20.7,42.0,10.5,0
2021-10-23,14.3,6.1,79.0,1022.7,9.4,65.0,8.200000000000001,0
2021-10-24,13.8,2.5,83.0,1018.5,12.1,12.0,11.3,1
2021-10-25,15.4,7.6,83.0,1015.4,16.3,73.0,7.800000000000001,0
2021-10-26,15.2,6.6,88.0,1018.9,15.3,68.0,8.6,0
2021-10-27,16.0,7.9,87.0,1019.8,10.9,69.0,8.1,0
2021-10-28,17.6,6.5,81.0,1011.2,19.2,3.0,11.100000000000001,1
2021-10-29,15.6,10.4,81.0,1002.2,28.4,69.0,5.199999999999999,1
2021-10-30,16.0,11.1,91.0,997.6,20.9,100.0,4.9,1
2021-10-31,17.1,9.5,89.0,998.0,28.6,80.0,7.600000000000001,1
2021-11-01,14.0,7.4,82.0,997.3,26.2,39.0,6.6,1
2021-11-02,12.1,6.9,84.0,996.5,17.9,88.0,5.199999999999999,1
2021-11-03,11.9,4.7,87.0,997.0,15.0,70.0,7.2,1
2021-11-04,10.3,4.1,87.0,1006.4,21.7,83.0,6.200000000000001,1
2021-11-05,11.3,4.2,83.0,1020.5,15.1,60.0,7.1000000000000005,0
2021-11-06,11.1,0.1,86.0,1026.2,11.6,59.0,11.0,0
2021-11-07,13.2,6.5,81.0,1019.1,18.5,100.0,6.699999999999999,0
2021-11-08,11.7,3.0,84.0,1020.1,9.3,85.0,8.7,0
2021-11-09,9.4,1.8,89.0,1021.9,9.4,68.0,7.6000000000000005,0
2021-11-10,7.8,2.6,92.0,1020.9,8.6,87.0,5.199999999999999,0
2021-11-11,8.7,1.7,94.0,1020.7,9.5,71.0,6.999999999999999,0
2021-11-12,11.3,1.4,88.0,1014.9,17.6,81.0,9.9,1
2021-11-13,13.1,9.7,88.0,1011.6,17.9,89.0,3.4000000000000004,0
2021-11-14,12.2,9.3,89.0,1015.8,17.0,87.0,2.8999999999999986,0
2021-11-15,9.0,4.3,89.0,1020.1,15.9,59.0,4.7,0
2021-11-16,8.1,6.2,86.0,1019.4,10.4,96.0,1.8999999999999995,0
2021-11-17,12.8,4.8,92.0,1020.0,13.3,83.0,8.0,0
2021-11-18,10.6,1.5,96.0,1027.1,9.7,95.0,9.1,0
2021-11-19,10.7,3.4,91.0,1028.2,9.2,97.0,7.299999999999999,0
2021-11-20,10.3,6.9,92.0,1021.6,9.0,100.0,3.4000000000000004,1
2021-11-21,9.1,4.8,91.0,1011.5,16.3,87.0,4.3,0
2021-11-22,8.2,2.6,83.0,1018.4,28.5,32.0,5.6,0
2021-11-23,8.0,0.5,78.0,1024.4,19.1,0.0,7.5,0
2021-11-24,6.2,2.1,92.0,1017.5,13.0,80.0,4.1,0
2021-11-25,6.5,-0.2,91.0,1009.4,11.5,99.0,6.7,1
2021-11-26,6.5,1.6,90.0,998.0,30.2,95.0,4.9,1
2021-11-27,4.7,1.0,88.0,986.2,23.3,77.0,3.7,1
2021-11-28,5.8,1.5,82.0,997.4,29.0,90.0,4.3,0
2021-11-29,5.6,-1.4,87.0,1009.0,15.9,16.0,7.0,1
2021-11-30,8.7,0.8,85.0,1013.4,28.5,94.0,7.8999999999999995,1
2021-12-01,10.4,5.1,85.0,999.3,30.4,60.0,5.300000000000001,1
2021-12-02,5.6,0.5,82.0,1004.4,25.2,33.0,5.1,1
2021-12-03,7.6,-0.3,90.0,1007.3,29.3,95.0,7.8999999999999995,1
2021-12-04,12.1,3.6,85.0,996.4,32.8,84.0,8.5,1
2021-12-05,6.1,2.3,90.0,1000.1,20.0,77.0,3.8,1
2021-12-06,7.3,1.0,90.0,1008.4,27.2,78.0,6.3,1
2021-12-07,8.7,2.5,89.0,1002.5,30.0,74.0,6.199999999999999,1
2021-12-08,7.5,1.9,84.0,994.5,23.7,31.0,5.6,1
2021-12-09,7.1,1.3,87.0,1001.8,23.0,75.0,5.8,1
2021-12-10,7.8,4.3,81.0,993.6,31.1,63.0,3.5,0
2021-12-11,7.7,1.6,86.0,1013.6,17.6,60.0,6.1,1
2021-12-12,10.6,6.0,93.0,1020.9,15.3,99.0,4.6,0
2021-12-13,8.9,6.4,96.0,1023.0,14.3,97.0,2.5,0
2021-12-14,7.3,2.4,95.0,1025.5,9.7,100.0,4.9,0
2021-12-15,9.2,4.9,93.0,1028.7,6.6,91.0,4.299999999999999,0
2021-12-16,11.0,4.8,91.0,1032.7,11.5,77.0,6.2,0
2021-12-17,9.8,4.0,91.0,1032.9,20.1,27.0,5.800000000000001,0
2021-12-18,8.9,2.1,92.0,1031.7,13.8,19.0,6.800000000000001,0
2021-12-19,6.1,2.4,95.0,1028.2,15.8,93.0,3.6999999999999997,0
2021-12-20,5.9,4.2,84.0,1022.6,17.9,98.0,1.7000000000000002,0
2021-12-21,4.0,-3.4,88.0,1020.0,10.0,15.0,7.4,0
2021-12-22,0.3,-4.2,91.0,1018.1,15.5,59.0,4.5,0
2021-12-23,7.8,-2.4,88.0,1009.8,13.1,80.0,10.2,1
2021-12-24,9.3,1.3,97.0,1003.7,12.7,99.0,8.0,1
2021-12-25,10.0,5.4,97.0,999.9,10.2,100.0,4.6,1
2021-12-26,10.2,6.3,96.0,999.3,13.2,84.0,3.8999999999999995,1
2021-12-27,12.4,6.0,92.0,994.1,25.3,88.0,6.4,1
2021-12-28,12.3,8.9,79.0,994.4,32.7,89.0,3.4000000000000004,1
2021-12-29,15.1,9.3,88.0,1005.7,24.5,100.0,5.799999999999999,0
2021-12-30,14.7,10.5,89.0,1015.7,23.0,79.0,4.199999999999999,0
2021-12-31,14.5,8.1,91.0,1018.3,14.1,41.0,6.4,0
2022-01-01,13.1,6.8,91.0,1019.9,15.8,88.0,6.3,1
2022-01-02,13.9,8.6,79.0,1014.3,27.1,90.0,5.300000000000001,1
2022-01-03,12.1,10.0,86.0,1011.2,30.3,100.0,2.0999999999999996,1
2022-01-04,11.2,4.7,89.0,997.3,27.7,100.0,6.499999999999999,0
2022-01-05,6.2,0.9,79.0,1009.0,21.9,22.0,5.3,0
2022-01-06,6.1,-2.1,83.0,1016.8,17.0,54.0,8.2,1
2022-01-07,7.7,3.2,82.0,1011.5,31.2,80.0,4.5,1
2022-01-08,9.0,1.7,90.0,1005.0,34.6,86.0,7.3,1
2022-01-09,6.2,1.5,85.0,1000.9,41.9,72.0,4.7,0
2022-01-10,4.1,1.0,95.0,1015.0,11.5,96.0,3.0999999999999996,0
2022-01-11,3.1,-3.1,92.0,1028.0,9.7,32.0,6.2,0
2022-01-12,3.2,-2.8,92.0,1034.9,10.2,89.0,6.0,0
2022-01-13,5.1,-0.9,94.0,1036.7,10.9,69.0,6.0,0
2022-01-14,6.6,-2.3,90.0,1031.8,10.0,0.0,8.899999999999999,0
2022-01-15,3.3,-2.2,95.0,1023.8,11.5,71.0,5.5,0
2022-01-16,4.4,-0.6,92.0,1025.2,16.3,96.0,5.0,0
2022-01-17,7.6,0.3,93.0,1032.5,12.2,77.0,7.3,0
2022-01-18,9.1,-0.7,91.0,1032.4,22.0,63.0,9.799999999999999,1
2022-01-19,6.9,-0.2,92.0,1024.5,16.1,90.0,7.1000000000000005,0
2022-01-20,6.3,0.7,88.0,1027.8,17.1,48.0,5.6,0
2022-01-21,5.3,0.4,88.0,1033.2,13.4,70.0,4.8999999999999995,0
2022-01-22,6.2,0.2,85.0,1033.1,7.9,99.0,6.0,0
2022-01-23,5.1,3.2,84.0,1030.9,12.0,99.0,1.8999999999999995,0
2022-01-24,6.9,-2.3,90.0,1027.9,11.4,2.0,9.2,0
2022-01-25,2.3,-2.7,96.0,1029.3,10.1,87.0,5.0,0
2022-01-26,3.4,0.0,95.0,1030.8,11.6,100.0,3.4,0
2022-01-27,7.0,0.9,88.0,1027.9,16.1,97.0,6.1,0
2022-01-28,8.0,1.3,91.0,1032.0,12.3,94.0,6.7,0
2022-01-29,10.0,5.7,89.0,1028.9,26.1,100.0,4.3,0
2022-01-30,9.5,5.4,82.0,1027.3,16.1,80.0,4.1,1
2022-01-31,8.2,3.0,68.0,1018.9,34.9,71.0,5.199999999999999,1
2022-02-01,9.7,0.4,85.0,1020.9,23.4,89.0,9.299999999999999,0
2022-02-02,11.2,7.4,85.0,1020.6,21.2,100.0,3.799999999999999,0
2022-02-03,8.5,4.1,86.0,1015.6,16.4,97.0,4.4,1
2022-02-04,10.6,3.1,85.0,1012.3,26.2,71.0,7.5,0
2022-02-05,9.7,1.9,78.0,1020.5,19.4,47.0,7.799999999999999,1
2022-02-06,10.6,5.7,82.0,1012.4,38.3,100.0,4.8999999999999995,0
2022-02-07,9.8,2.1,74.0,1022.1,26.4,37.0,7.700000000000001,0
2022-02-08,11.8,4.9,82.0,1028.0,18.7,91.0,6.9,0
2022-02-09,11.3,1.7,89.0,1023.2,7.0,67.0,9.600000000000001,1
2022-02-10,9.0,3.9,87.0,1019.6,18.5,97.0,5.1,0
2022-02-11,7.9,-0.2,84.0,1027.6,13.2,36.0,8.1,0
2022-02-12,8.0,-2.6,80.0,1023.5,15.3,53.0,10.6,0
2022-02-13,12.6,-0.6,75.0,1008.5,30.2,84.0,13.2,1
2022-02-14,11.9,5.6,78.0,999.8,33.4,83.0,6.300000000000001,1
2022-02-15,10.6,3.3,85.0,1009.9,26.8,51.0,7.3,1
2022-02-16,14.5,8.7,87.0,1003.1,33.1,100.0,5.800000000000001,1
2022-02-17,13.4,9.5,68.0,1009.4,34.9,74.0,3.9000000000000004,1
2022-02-18,12.5,6.3,76.0,1004.8,37.6,91.0,6.2,0
2022-02-19,9.9,2.1,67.0,1013.8,32.9,45.0,7.800000000000001,0
2022-02-20,12.9,7.6,77.0,1011.5,40.7,92.0,5.300000000000001,1
2022-02-21,10.7,5.4,70.0,1009.4,47.0,57.0,5.299999999999999,0
2022-02-22,11.9,4.1,81.0,1019.5,29.5,71.0,7.800000000000001,0
2022-02-23,11.6,2.0,84.0,1021.3,17.1,70.0,9.6,1
2022-02-24,11.7,4.0,77.0,1013.0,34.2,69.0,7.699999999999999,1
2022-02-25,9.4,1.5,71.0,1023.1,25.0,7.0,7.9,0
2022-02-26,9.4,-2.7,76.0,1027.7,18.9,7.0,12.100000000000001,0
2022-02-27,9.9,-1.4,65.0,1022.5,17.9,1.0,11.3,0
2022-02-28,11.0,-2.9,71.0,1023.8,11.5,17.0,13.9,0
2022-03-01,9.7,0.6,75.0,1022.2,11.0,100.0,9.1,0
2022-03-02,10.4,3.1,74.0,1016.8,9.4,100.0,7.300000000000001,0
2022-03-03,12.3,3.0,88.0,1012.4,11.4,89.0,9.3,1
2022-03-04,11.7,4.6,91.0,1013.9,14.3,93.0,7.1,0
2022-03-05,11.6,4.1,81.0,1015.3,10.1,67.0,7.5,0
2022-03-06,8.2,-0.1,70.0,1018.3,22.2,33.0,8.299999999999999,0
2022-03-07,6.4,-1.6,63.0,1017.8,21.6,22.0,8.0,0
2022-03-08,12.5,-1.5,66.0,1013.2,15.7,0.0,14.0,0
2022-03-09,14.8,1.8,76.0,1016.0,18.8,28.0,13.0,0
2022-03-10,16.3,3.7,72.0,1015.1,17.0,54.0,12.600000000000001,1
2022-03-11,13.4,6.7,79.0,1006.6,24.5,81.0,6.7,1
2022-03-12,10.6,6.1,86.0,1009.9,22.6,89.0,4.5,1
2022-03-13,10.4,7.1,81.0,1007.1,24.5,100.0,3.3000000000000007,0
2022-03-14,14.1,4.0,79.0,1020.2,16.4,67.0,10.1,1
2022-03-15,12.8,7.3,88.0,1018.5,11.5,100.0,5.500000000000001,1
2022-03-16,17.5,6.7,88.0,1015.3,16.3,72.0,10.8,0
2022-03-17,11.7,5.8,75.0,1025.8,20.7,98.0,5.8999999999999995,0
2022-03-18,15.2,2.6,64.0,1033.6,25.5,0.0,12.6,0
2022-03-19,15.7,6.0,55.0,1029.0,22.8,0.0,9.7,0
2022-03-20,12.4,0.6,59.0,1022.6,14.7,11.0,11.8,0
2022-03-21,16.8,4.2,77.0,1023.8,12.0,28.0,12.600000000000001,0
2022-03-22,17.4,4.8,66.0,1024.7,19.8,1.0,12.599999999999998,0
2022-03-23,17.3,1.8,64.0,1025.3,12.3,0.0,15.5,0
2022-03-24,18.9,2.9,63.0,1023.8,11.9,0.0,15.999999999999998,0
2022-03-25,18.4,4.2,56.0,1023.5,16.3,0.0,14.2,0
2022-03-26,18.3,4.4,57.0,1023.6,20.1,0.0,13.9,0
2022-03-27,19.8,5.4,63.0,1023.4,12.8,0.0,14.4,0
2022-03-28,20.2,4.0,69.0,1017.8,11.5,68.0,16.2,1
2022-03-29,18.0,9.4,73.0,1006.0,12.2,100.0,8.6,1
2022-03-30,13.9,6.3,86.0,998.6,14.3,79.0,7.6000000000000005,1
2022-03-31,8.1,2.6,76.0,997.6,24.7,85.0,5.5,1
2022-04-01,3.5,1.4,69.0,1003.6,29.5,87.0,2.1,0
2022-04-02,7.2,-0.2,57.0,1013.4,30.2,46.0,7.4,0
2022-04-03,7.9,-0.6,59.0,1019.4,20.4,57.0,8.5,0
2022-04-04,9.4,-1.1,71.0,1015.4,22.2,73.0,10.5,1
2022-04-05,13.6,7.0,84.0,1008.9,20.2,85.0,6.6,1
2022-04-06,12.6,7.3,75.0,1003.1,29.0,93.0,5.3,1
2022-04-07,14.1,8.6,74.0,993.6,38.5,94.0,5.5,1
2022-04-08,8.4,2.1,85.0,995.9,24.9,97.0,6.300000000000001,1
2022-04-09,10.1,2.6,78.0,1011.1,16.8,62.0,7.5,0
2022-04-10,13.5,-0.6,71.0,1016.2,15.0,57.0,14.1,0
2022-04-11,17.9,3.7,64.0,1007.3,18.1,89.0,14.2,0
2022-04-12,20.5,9.3,69.0,1004.3,20.6,93.0,11.2,1
2022-04-13,16.0,10.6,87.0,1012.6,6.5,100.0,5.4,0
2022-04-14,19.9,7.8,79.0,1017.9,12.7,71.0,12.099999999999998,0
2022-04-15,19.7,6.7,74.0,1021.4,11.7,63.0,13.0,0
2022-04-16,18.0,7.6,72.0,1023.2,17.7,24.0,10.4,0
2022-04-17,19.7,5.1,58.0,1019.0,12.3,40.0,14.6,0
2022-04-18,18.5,6.0,58.0,1012.9,17.7,88.0,12.5,0
2022-04-19,16.9,7.3,69.0,1010.5,16.1,97.0,9.599999999999998,0
2022-04-20,19.0,6.1,63.0,1007.7,18.1,86.0,12.9,0
2022-04-21,19.2,5.4,56.0,1004.3,21.8,64.0,13.799999999999999,0
2022-04-22,18.7,9.2,59.0,998.5,20.1,40.0,9.5,1
2022-04-23,19.0,9.0,70.0,993.5,22.3,88.0,10.0,0
2022-04-24,18.2,8.1,68.0,998.0,13.0,66.0,10.1,0
2022-04-25,16.1,8.2,64.0,1007.0,17.9,30.0,7.900000000000002,0
2022-04-26,15.5,5.3,71.0,1014.0,14.5,43.0,10.2,0
2022-04-27,18.2,5.1,64.0,1018.4,19.7,27.0,13.1,0
2022-04-28,20.8,7.4,61.0,1021.4,18.4,39.0,13.4,1
2022-04-29,18.2,9.8,64.0,1022.6,18.1,69.0,8.399999999999999,0
2022-04-30,16.3,6.3,64.0,1022.2,19.1,59.0,10.0,0
2022-05-01,16.3,5.3,61.0,1018.9,14.0,99.0,11.0,0
2022-05-02,17.6,7.6,61.0,1014.4,14.8,98.0,10.000000000000002,0
2022-05-03,18.9,8.8,57.0,1013.8,18.1,46.0,10.099999999999998,0
2022-05-04,17.6,9.5,66.0,1015.3,14.0,85.0,8.100000000000001,0
2022-05-05,18.5,8.9,71.0,1018.7,17.2,61.0,9.6,0
2022-05-06,21.5,8.5,68.0,1021.6,12.3,50.0,13.0,1
2022-05-07,19.9,10.0,69.0,1020.2,14.6,64.0,9.899999999999999,0
2022-05-08,21.0,10.1,69.0,1020.6,14.3,12.0,10.9,0
2022-05-09,24.5,8.8,64.0,1019.8,9.0,39.0,15.7,0
2022-05-10,26.2,13.2,58.0,1014.4,23.5,85.0,13.0,0
2022-05-11,25.2,10.5,66.0,1009.7,29.3,26.0,14.7,0
2022-05-12,19.9,11.8,63.0,1015.6,14.3,81.0,8.099999999999998,0
2022-05-13,20.3,8.5,62.0,1018.5,12.1,29.0,11.8,0
2022-05-14,22.4,8.1,62.0,1017.4,10.5,61.0,14.299999999999999,0
2022-05-15,28.6,12.7,52.0,1010.6,19.1,78.0,15.900000000000002,0
2022-05-16,24.5,16.0,66.0,1012.6,20.3,65.0,8.5,1
2022-05-17,28.5,16.1,57.0,1014.6,16.3,55.0,12.399999999999999,1
2022-05-18,27.6,15.8,66.0,1015.4,14.4,72.0,11.8,0
2022-05-19,24.0,18.1,68.0,1014.1,16.6,89.0,5.899999999999999,1
2022-05-20,22.0,13.0,81.0,1015.3,27.2,76.0,9.0,0
2022-05-21,23.1,11.1,70.0,1018.2,16.2,61.0,12.000000000000002,0
2022-05-22,23.4,11.2,68.0,1009.8,16.9,90.0,12.2,1
2022-05-23,19.0,14.1,82.0,998.9,20.7,92.0,4.9,1
2022-05-24,17.0,9.7,74.0,1004.9,20.0,57.0,7.300000000000001,0
2022-05-25,19.4,8.8,68.0,1013.7,22.2,49.0,10.599999999999998,0
2022-05-26,19.7,12.6,70.0,1020.4,16.9,98.0,7.1,1
2022-05-27,20.3,11.3,71.0,1021.0,17.3,58.0,9.0,0
2022-05-28,19.1,8.0,67.0,1018.2,19.3,34.0,11.100000000000001,0
2022-05-29,14.9,6.8,60.0,1012.7,16.3,48.0,8.100000000000001,0
2022-05-30,17.6,6.8,63.0,1009.0,10.8,53.0,10.8,0
2022-05-31,20.0,10.0,57.0,1009.1,17.5,32.0,10.0,0
2022-06-01,20.5,7.4,62.0,1012.4,18.1,44.0,13.1,0
2022-06-02,23.4,9.2,55.0,1013.7,17.5,61.0,14.2,1
2022-06-03,25.1,12.5,71.0,1010.5,10.4,78.0,12.600000000000001,1
2022-06-04,26.6,14.7,78.0,1011.1,17.9,59.0,11.900000000000002,1
2022-06-05,22.8,15.5,79.0,1010.9,24.6,70.0,7.300000000000001,0
2022-06-06,20.2,12.0,71.0,1013.2,18.6,54.0,8.2,1
2022-06-07,21.7,13.2,72.0,1010.6,21.4,73.0,8.5,1
2022-06-08,20.6,14.4,75.0,1005.7,22.1,69.0,6.200000000000001,0
2022-06-09,19.7,11.7,68.0,1013.7,20.5,72.0,8.0,0
2022-06-10,22.1,12.8,72.0,1018.0,16.1,45.0,9.3,0
2022-06-11,24.6,14.4,72.0,1018.9,15.2,44.0,10.200000000000001,0
2022-06-12,22.3,13.2,65.0,1019.9,16.4,32.0,9.100000000000001,0
2022-06-13,22.0,10.1,65.0,1019.8,11.7,14.0,11.9,0
2022-06-14,24.8,11.0,61.0,1016.1,12.3,38.0,13.8,0
2022-06-15,29.1,13.4,57.0,1012.5,13.5,21.0,15.700000000000001,0
2022-06-16,28.8,14.7,54.0,1016.6,10.4,39.0,14.100000000000001,0
2022-06-17,32.1,15.3,53.0,1017.9,9.2,46.0,16.8,0
2022-06-18,36.0,18.5,50.0,1010.9,15.3,9.0,17.5,1
2022-06-19,24.9,15.9,68.0,1005.2,28.8,63.0,8.999999999999998,1
2022-06-20,20.9,14.4,77.0,1010.0,17.8,81.0,6.499999999999998,1
2022-06-21,24.2,13.9,71.0,1008.1,15.3,60.0,10.299999999999999,0
2022-06-22,22.9,15.3,74.0,1006.3,18.9,93.0,7.599999999999998,1
2022-06-23,26.2,17.5,73.0,1005.9,15.8,72.0,8.7,1
2022-06-24,23.0,16.9,72.0,1004.2,25.5,78.0,6.100000000000001,1
2022-06-25,18.2,14.8,82.0,1007.1,17.4,95.0,3.3999999999999986,0
2022-06-26,21.1,12.3,75.0,1010.6,14.9,87.0,8.8,1
2022-06-27,21.7,13.1,70.0,1013.5,16.7,70.0,8.6,0
2022-06-28,24.8,11.3,67.0,1015.2,10.1,26.0,13.5,0
2022-06-29,24.8,11.4,65.0,1010.1,17.7,59.0,13.4,1
2022-06-30,18.2,13.0,80.0,1009.9,9.1,80.0,5.199999999999999,1
2022-07-01,20.5,10.8,70.0,1015.2,15.4,42.0,9.7,0
2022-07-02,24.8,9.9,64.0,1016.3,9.7,9.0,14.9,0
2022-07-03,23.0,12.0,65.0,1016.3,18.8,16.0,11.0,0
2022-07-04,24.6,10.8,65.0,1017.4,15.5,7.0,13.8,0
2022-07-05,24.7,10.8,64.0,1019.5,21.0,8.0,13.899999999999999,0
2022-07-06,26.1,11.4,62.0,1022.3,21.9,47.0,14.700000000000001,0
2022-07-07,22.7,14.2,68.0,1022.6,19.5,53.0,8.5,0
2022-07-08,25.8,10.6,59.0,1027.1,13.5,0.0,15.200000000000001,0
2022-07-09,28.7,14.3,59.0,1023.7,25.9,44.0,14.399999999999999,0
2022-07-10,26.5,13.6,57.0,1021.7,22.1,14.0,12.9,0
2022-07-11,28.7,15.2,55.0,1018.5,14.4,19.0,13.5,0
2022-07-12,31.3,16.1,53.0,1018.8,10.5,89.0,15.2,0
2022-07-13,34.6,18.6,40.0,1016.9,22.5,71.0,16.0,0
2022-07-14,30.4,18.5,50.0,1015.4,21.2,34.0,11.899999999999999,0
2022-07-15,26.1,15.0,45.0,1018.3,15.0,1.0,11.100000000000001,0
2022-07-16,28.2,14.2,46.0,1019.1,15.8,10.0,14.0,0
2022-07-17,30.9,16.1,41.0,1020.3,13.6,50.0,14.799999999999997,0
2022-07-18,36.7,16.7,36.0,1016.3,10.9,16.0,20.000000000000004,0
2022-07-19,39.1,20.9,35.0,1009.7,26.4,5.0,18.200000000000003,1
2022-07-20,26.2,17.9,76.0,1013.7,18.4,80.0,8.3,0
2022-07-21,25.6,16.8,74.0,1016.7,9.9,51.0,8.8,1
2022-07-22,24.2,16.8,81.0,1014.3,12.8,71.0,7.399999999999999,1
2022-07-23,25.1,17.4,77.0,1015.2,13.3,76.0,7.700000000000003,0
2022-07-24,30.5,16.2,64.0,1013.2,12.3,33.0,14.3,0
2022-07-25,26.4,18.2,60.0,1009.2,23.0,56.0,8.2,0
2022-07-26,22.4,15.2,65.0,1014.4,14.5,48.0,7.199999999999999,0
2022-07-27,24.2,13.2,57.0,1014.3,15.9,52.0,11.0,0
2022-07-28,26.4,13.7,47.0,1011.3,13.6,85.0,12.7,0
2022-07-29,28.0,14.9,47.0,1012.8,11.6,37.0,13.1,0
2022-07-30,30.0,16.9,52.0,1014.9,19.5,63.0,13.100000000000001,0
2022-07-31,28.0,16.0,66.0,1015.2,19.8,22.0,12.0,0
2022-08-01,26.2,17.7,68.0,1014.8,11.7,64.0,8.5,0
2022-08-02,29.5,15.8,59.0,1014.1,11.5,57.0,13.7,0
2022-08-03,33.8,18.0,54.0,1010.4,9.3,14.0,15.799999999999997,1
2022-08-04,28.0,19.2,64.0,1010.0,17.2,78.0,8.8,1
2022-08-05,25.4,15.9,65.0,1014.8,23.0,47.0,9.499999999999998,0
2022-08-06,24.0,12.6,44.0,1021.6,20.9,0.0,11.4,0
2022-08-07,26.3,13.7,45.0,1019.4,20.0,10.0,12.600000000000001,0
2022-08-08,28.4,14.3,46.0,1019.2,20.3,0.0,14.099999999999998,0
2022-08-09,30.4,16.0,47.0,1019.8,18.8,0.0,14.399999999999999,0
2022-08-10,32.3,17.9,39.0,1017.3,19.4,2.0,14.399999999999999,0
2022-08-11,31.9,17.7,34.0,1014.3,20.5,0.0,14.2,0
2022-08-12,32.9,16.8,36.0,1011.2,17.5,0.0,16.099999999999998,0
2022-08-13,32.1,17.0,34.0,1008.7,15.7,7.0,15.100000000000001,1
2022-08-14,26.8,18.0,56.0,1003.1,14.1,96.0,8.8,1
2022-08-15,25.3,17.2,73.0,1001.5,11.8,69.0,8.100000000000001,1
2022-08-16,25.7,17.3,77.0,1004.2,12.0,95.0,8.399999999999999,1
2022-08-17,24.7,16.7,77.0,1006.0,12.2,75.0,8.0,1
2022-08-18,25.1,16.1,74.0,1009.7,14.7,51.0,9.0,1
2022-08-19,23.8,16.0,79.0,1012.7,17.1,70.0,7.800000000000001,0
2022-08-20,23.7,13.1,71.0,1015.3,12.6,44.0,10.6,0
2022-08-21,26.6,13.5,66.0,1012.5,14.9,70.0,13.100000000000001,0
2022-08-22,25.2,15.4,66.0,1010.7,11.2,75.0,9.799999999999999,0
2022-08-23,28.2,17.1,68.0,1011.7,8.4,61.0,11.099999999999998,0
2022-08-24,31.3,17.1,61.0,1012.1,9.8,25.0,14.2,0
2022-08-25,30.8,17.8,57.0,1010.6,22.2,77.0,13.0,0
2022-08-26,25.9,18.1,66.0,1013.4,17.9,59.0,7.799999999999997,0
2022-08-27,25.3,14.8,59.0,1012.8,15.8,34.0,10.5,0
2022-08-28,25.5,14.7,60.0,1013.4,17.8,51.0,10.8,0
2022-08-29,28.3,16.3,48.0,1013.6,19.5,34.0,12.0,0
2022-08-30,26.3,17.6,54.0,1014.1,18.5,62.0,8.7,0
2022-08-31,27.0,15.2,55.0,1014.3,14.5,37.0,11.8,0
2022-09-01,28.0,15.9,59.0,1011.6,13.2,62.0,12.1,1
2022-09-02,22.9,17.1,71.0,1007.8,15.0,85.0,5.799999999999997,1
2022-09-03,23.7,15.3,78.0,1006.8,18.3,48.0,8.399999999999999,0
2022-09-04,28.4,14.4,57.0,1011.9,13.5,61.0,13.999999999999998,0
2022-09-05,27.3,16.7,56.0,1012.4,13.5,53.0,10.600000000000001,1
2022-09-06,27.5,14.7,73.0,1010.5,20.8,42.0,12.8,1
2022-09-07,23.3,15.4,85.0,1008.8,20.0,74.0,7.9,1
2022-09-08,22.8,14.5,78.0,1005.3,27.7,54.0,8.3,1
2022-09-09,20.6,14.5,76.0,1006.8,28.9,70.0,6.100000000000001,1
2022-09-10,20.3,14.0,81.0,1012.0,22.4,69.0,6.300000000000001,0
2022-09-11,22.1,11.2,81.0,1014.7,9.2,55.0,10.900000000000002,0
2022-09-12,26.6,12.1,73.0,1009.0,11.8,29.0,14.500000000000002,1
2022-09-13,24.9,17.4,72.0,1004.0,20.5,100.0,7.5,1
2022-09-14,24.0,18.5,83.0,1000.9,20.2,88.0,5.5,1
2022-09-15,22.2,15.5,74.0,1006.3,19.5,67.0,6.699999999999999,1
2022-09-16,18.1,11.2,66.0,1011.3,18.7,69.0,6.900000000000002,0
2022-09-17,16.3,7.8,64.0,1016.8,19.9,15.0,8.5,0
2022-09-18,19.2,6.6,67.0,1017.0,22.2,25.0,12.6,0
2022-09-19,18.2,7.8,67.0,1018.8,16.6,29.0,10.399999999999999,0
2022-09-20,17.2,5.9,71.0,1020.8,9.7,46.0,11.299999999999999,0
2022-09-21,18.8,7.5,72.0,1020.9,12.8,18.0,11.3,0
2022-09-22,19.9,6.7,67.0,1017.2,9.7,44.0,13.2,0
2022-09-23,19.9,9.1,67.0,1012.3,8.7,100.0,10.799999999999999,1
2022-09-24,18.1,11.1,83.0,1009.1,9.4,99.0,7.000000000000002,0
2022-09-25,18.1,10.4,74.0,1011.8,16.3,63.0,7.700000000000001,1
2022-09-26,15.1,10.1,76.0,1003.1,27.0,98.0,5.0,1
2022-09-27,13.0,9.8,82.0,999.6,25.0,74.0,3.1999999999999993,1
2022-09-28,14.7,8.4,80.0,996.4,16.4,92.0,6.299999999999999,1
2022-09-29,15.1,7.0,81.0,998.6,11.5,66.0,8.1,0
2022-09-30,18.2,4.6,74.0,1006.9,22.2,42.0,13.6,1
2022-10-01,20.1,12.4,74.0,1007.5,30.9,65.0,7.700000000000001,1
2022-10-02,19.4,9.7,86.0,1016.5,27.2,74.0,9.7,0
2022-10-03,15.8,8.9,87.0,1022.5,10.9,79.0,6.9,0
2022-10-04,20.1,6.1,85.0,1017.4,11.5,68.0,14.000000000000002,0
2022-10-05,21.7,11.1,78.0,1015.0,29.4,37.0,10.6,0
2022-10-06,17.9,9.3,73.0,1025.7,16.2,35.0,8.599999999999998,0
2022-10-07,18.6,5.1,76.0,1020.2,9.4,11.0,13.500000000000002,0
2022-10-08,17.4,8.7,77.0,1019.1,14.4,18.0,8.7,0
2022-10-09,18.6,4.5,79.0,1015.6,13.6,3.0,14.100000000000001,1
2022-10-10,18.7,9.9,84.0,1012.3,17.2,91.0,8.799999999999999,0
2022-10-11,17.0,8.4,74.0,1020.5,16.5,64.0,8.6,0
2022-10-12,19.0,5.8,82.0,1018.9,9.0,56.0,13.2,1
2022-10-13,15.1,11.3,86.0,1014.5,16.8,97.0,3.799999999999999,1
2022-10-14,16.5,13.9,93.0,1008.2,16.9,100.0,2.5999999999999996,1
2022-10-15,18.9,14.3,82.0,1004.9,22.7,100.0,4.599999999999998,0
2022-10-16,19.6,12.7,85.0,1009.2,14.0,94.0,6.900000000000002,1
2022-10-17,19.1,13.8,89.0,1015.5,19.1,98.0,5.300000000000001,1
2022-10-18,19.8,14.0,91.0,1021.6,13.4,95.0,5.800000000000001,0
2022-10-19,21.9,13.7,86.0,1014.8,21.2,78.0,8.2,1
2022-10-20,21.5,15.4,83.0,1005.9,22.3,68.0,6.1,1
2022-10-21,20.4,14.7,82.0,1003.7,22.1,81.0,5.699999999999999,0
2022-10-22,20.5,12.7,80.0,1008.3,16.4,65.0,7.800000000000001,1
2022-10-23,21.2,14.7,74.0,1002.6,36.9,95.0,6.5,0
2022-10-24,18.7,13.4,71.0,1005.6,29.9,44.0,5.299999999999999,0
2022-10-25,18.6,11.6,84.0,1010.8,16.3,69.0,7.000000000000002,1
2022-10-26,21.7,14.8,80.0,1011.7,18.6,75.0,6.899999999999999,1
2022-10-27,21.6,13.4,80.0,1014.4,16.3,92.0,8.200000000000001,0
2022-10-28,23.0,15.7,74.0,1014.7,17.7,95.0,7.300000000000001,0
2022-10-29,24.0,15.0,76.0,1013.5,16.3,98.0,9.0,0
2022-10-30,18.4,11.6,85.0,1013.8,16.4,99.0,6.799999999999999,1
2022-10-31,20.6,9.7,86.0,1011.0,25.3,83.0,10.900000000000002,1
2022-11-01,16.8,10.4,73.0,1012.2,30.6,42.0,6.4,0
2022-11-02,15.4,9.1,77.0,1017.0,23.7,48.0,6.300000000000001,1
2022-11-03,15.2,9.1,83.0,1004.1,29.1,89.0,6.1,1
2022-11-04,12.1,6.4,83.0,1003.9,21.4,69.0,5.699999999999999,0
2022-11-05,11.8,5.0,85.0,1015.2,17.4,81.0,6.800000000000001,1
2022-11-06,12.1,9.1,83.0,1008.0,25.0,84.0,3.0,0
2022-11-07,16.2,11.2,82.0,1008.3,30.6,80.0,5.0,1
2022-11-08,16.4,10.4,77.0,1003.2,27.2,97.0,5.999999999999998,1
2022-11-09,14.9,9.0,83.0,1007.9,23.6,65.0,5.9,0
2022-11-10,13.2,5.1,89.0,1021.3,15.0,47.0,8.1,0
2022-11-11,12.1,5.1,92.0,1026.1,16.0,74.0,7.0,0
2022-11-12,15.7,5.8,94.0,1024.4,10.8,46.0,9.899999999999999,0
2022-11-13,13.5,6.5,95.0,1016.7,10.9,66.0,7.0,0
2022-11-14,14.8,5.8,93.0,1007.9,16.4,89.0,9.0,1
2022-11-15,13.2,8.1,90.0,1000.4,23.0,97.0,5.1,1
2022-11-16,12.9,8.2,87.0,993.2,35.8,77.0,4.700000000000001,1
2022-11-17,13.6,9.6,76.0,987.1,38.7,67.0,4.0,0
2022-11-18,11.1,6.1,86.0,999.4,20.9,42.0,5.0,0
2022-11-19,10.7,4.1,88.0,1008.0,15.9,16.0,6.6,1
2022-11-20,10.1,4.4,86.0,1008.4,23.3,69.0,5.699999999999999,1
2022-11-21,9.1,5.0,91.0,997.9,24.8,87.0,4.1,1
2022-11-22,10.7,4.6,79.0,992.0,29.0,54.0,6.1,1
2022-11-23,11.7,4.4,85.0,995.5,24.2,34.0,7.299999999999999,0
2022-11-24,12.9,6.4,81.0,1006.2,23.9,55.0,6.5,1
2022-11-25,12.0,6.4,88.0,1013.6,23.8,39.0,5.6,0
2022-11-26,9.2,2.8,94.0,1024.8,17.3,90.0,6.3999999999999995,1
2022-11-27,9.4,6.0,87.0,1015.1,17.7,100.0,3.4000000000000004,1
2022-11-28,11.1,5.7,91.0,1007.9,16.3,88.0,5.3999999999999995,1
2022-11-29,7.7,3.8,95.0,1014.2,9.7,85.0,3.9000000000000004,0
2022-11-30,7.6,5.5,90.0,1019.6,16.1,98.0,2.0999999999999996,0
2022-12-01,6.3,3.3,87.0,1021.7,16.1,88.0,3.0,1
2022-12-02,5.6,2.8,85.0,1017.5,18.6,98.0,2.8,0
2022-12-03,4.6,2.7,84.0,1012.5,20.9,100.0,1.8999999999999995,1
2022-12-04,4.5,0.0,84.0,1009.4,14.7,99.0,4.5,1
2022-12-05,3.1,1.1,89.0,1015.4,10.2,100.0,2.0,0
2022-12-06,5.7,0.3,92.0,1017.3,9.8,78.0,5.4,0
2022-12-07,6.0,-0.7,95.0,1015.8,6.9,95.0,6.7,0
2022-12-08,4.2,0.7,92.0,1007.5,6.6,93.0,3.5,0
2022-12-09,2.2,-0.2,92.0,1002.6,11.1,92.0,2.4000000000000004,0
2022-12-10,3.0,-1.8,90.0,1007.4,11.5,81.0,4.8,0
2022-12-11,0.7,-3.7,89.0,1006.9,12.3,27.0,4.4,1
2022-12-12,0.3,-3.9,86.0,1005.9,14.4,59.0,4.2,0
2022-12-13,1.6,-4.0,69.0,1001.5,12.7,97.0,5.6,1
2022-12-14,0.5,-4.2,79.0,998.2,10.1,100.0,4.7,0
2022-12-15,1.4,-4.6,76.0,1002.9,19.0,70.0,6.0,0
2022-12-16,3.1,-4.8,89.0,1010.9,12.2,4.0,7.9,0
2022-12-17,0.5,-5.0,91.0,1020.3,11.6,65.0,5.5,1
2022-12-18,4.0,-5.3,84.0,1018.6,18.1,92.0,9.3,1
2022-12-19,11.1,4.4,84.0,1013.7,24.6,100.0,6.699999999999999,1
2022-12-20,11.7,9.8,84.0,1008.8,23.8,100.0,1.8999999999999986,1
2022-12-21,11.5,7.3,94.0,1007.5,23.7,93.0,4.2,1
2022-12-22,13.4,11.0,87.0,1003.8,34.8,96.0,2.4000000000000004,1
2022-12-23,14.4,11.1,89.0,1004.2,31.1,98.0,3.3000000000000007,1
2022-12-24,12.2,9.6,90.0,1010.6,18.4,100.0,2.5999999999999996,1
2022-12-25,13.2,9.5,92.0,1008.1,21.3,93.0,3.6999999999999993,1
2022-12-26,12.3,4.7,88.0,1014.6,21.3,71.0,7.6000000000000005,0
2022-12-27,8.6,3.0,89.0,1022.9,18.9,66.0,5.6,1
2022-12-28,11.5,8.2,85.0,1010.9,33.2,100.0,3.3000000000000007,1
2022-12-29,11.7,6.8,82.0,1005.3,31.1,68.0,4.8999999999999995,1
2022-12-30,14.4,4.9,90.0,1003.8,37.1,84.0,9.5,0
2022-12-31,16.0,14.3,71.0,1007.1,36.0,96.0,1.6999999999999993,1
2023-01-01,15.2,11.7,72.0,1010.6,28.9,100.0,3.5,1
2023-01-02,15.1,6.2,87.0,1014.8,27.1,64.0,8.899999999999999,1
2023-01-03,9.9,5.6,91.0,1023.5,25.0,53.0,4.300000000000001,1
2023-01-04,13.1,9.5,88.0,1019.9,28.6,100.0,3.5999999999999996,1
2023-01-05,13.7,11.1,86.0,1020.3,25.0,100.0,2.5999999999999996,0
2023-01-06,13.0,9.6,84.0,1017.1,24.0,91.0,3.4000000000000004,1
2023-01-07,11.0,6.1,84.0,1007.6,28.7,90.0,4.9,1
2023-01-08,10.6,8.0,86.0,997.9,25.4,79.0,2.5999999999999996,0
2023-01-09,8.5,5.3,77.0,1001.1,31.8,60.0,3.2,1
2023-01-10,11.6,3.8,87.0,1014.3,27.0,92.0,7.8,1
2023-01-11,12.3,8.8,82.0,1012.0,26.9,83.0,3.5,1
2023-01-12,11.9,9.1,77.0,1011.2,31.1,99.0,2.8000000000000007,1
2023-01-13,11.1,7.0,80.0,1011.5,31.5,67.0,4.1,1
2023-01-14,12.6,6.8,87.0,1006.8,34.3,100.0,5.8,1
2023-01-15,9.6,4.9,77.0,1002.9,35.6,83.0,4.699999999999999,1
2023-01-16,6.4,1.9,85.0,983.3,43.2,75.0,4.5,1
2023-01-17,3.4,-1.2,92.0,983.3,13.5,96.0,4.6,0
2023-01-18,5.0,-2.6,83.0,994.5,16.5,61.0,7.6,1
2023-01-19,3.4,-2.2,91.0,1003.9,11.5,57.0,5.6,0
2023-01-20,5.9,-2.7,87.0,1013.4,19.7,29.0,8.600000000000001,0
2023-01-21,3.8,-1.6,83.0,1023.0,23.2,43.0,5.4,0
2023-01-22,3.1,-1.0,79.0,1028.4,21.9,100.0,4.1,0
2023-01-23,3.6,0.3,80.0,1029.6,21.8,85.0,3.3000000000000003,0
2023-01-24,3.5,-1.6,86.0,1031.3,19.2,67.0,5.1,0
2023-01-25,2.4,0.7,84.0,1029.0,12.2,100.0,1.7,0
2023-01-26,4.6,0.1,88.0,1020.9,17.4,90.0,4.5,0
2023-01-27,4.7,3.1,86.0,1020.8,22.4,99.0,1.6,0
2023-01-28,3.7,-1.9,78.0,1025.1,19.6,79.0,5.6,0
2023-01-29,4.7,-3.7,81.0,1026.0,12.0,81.0,8.4,0
2023-01-30,9.0,1.2,85.0,1022.3,19.8,86.0,7.8,0
2023-01-31,8.3,-1.2,88.0,1024.7,21.8,60.0,9.5,0
2023-02-01,9.7,5.9,76.0,1024.1,25.1,95.0,3.799999999999999,0
2023-02-02,10.5,4.4,80.0,1026.8,24.7,84.0,6.1,0
2023-02-03,10.2,6.5,80.0,1030.1,22.4,98.0,3.6999999999999993,0
2023-02-04,10.8,7.7,86.0,1033.3,13.8,93.0,3.1000000000000005,0
2023-02-05,9.4,4.0,79.0,1036.8,23.1,70.0,5.4,0
2023-02-06,6.9,0.3,83.0,1035.7,14.4,5.0,6.6000000000000005,0
2023-02-07,6.2,-1.2,81.0,1032.4,15.3,7.0,7.4,0
2023-02-08,6.0,-4.2,77.0,1030.6,11.2,13.0,10.2,0
2023-02-09,6.6,-5.2,77.0,1029.5,9.8,42.0,11.8,0
2023-02-10,9.5,-0.7,85.0,1034.4,10.5,89.0,10.2,0
2023-02-11,8.5,-0.5,93.0,1033.7,8.2,89.0,9.0,0
2023-02-12,9.1,5.3,87.0,1032.8,15.3,95.0,3.8,0
2023-02-13,11.6,-1.5,90.0,1030.5,11.7,17.0,13.1,0
2023-02-14,11.6,-0.4,91.0,1028.0,11.9,48.0,12.0,0
2023-02-15,12.8,-1.7,85.0,1022.7,11.0,58.0,14.5,1
2023-02-16,11.4,2.9,84.0,1021.8,16.4,79.0,8.5,0
2023-02-17,14.9,10.7,86.0,1023.0,24.3,99.0,4.200000000000001,0
2023-02-18,12.5,9.4,76.0,1023.6,24.3,99.0,3.0999999999999996,0
2023-02-19,11.9,4.6,80.0,1024.0,18.8,99.0,7.300000000000001,0
2023-02-20,11.4,1.9,91.0,1023.8,10.3,49.0,9.5,0
2023-02-21,13.5,0.2,90.0,1015.4,9.7,89.0,13.3,1
2023-02-22,10.4,5.3,92.0,1009.2,15.6,99.0,5.1000000000000005,0
2023-02-23,10.1,5.0,88.0,1010.6,15.0,93.0,5.1,0
2023-02-24,10.4,4.6,82.0,1007.5,16.1,63.0,5.800000000000001,0
2023-02-25,7.9,1.4,75.0,1008.3,22.6,56.0,6.5,0
2023-02-26,5.1,-1.2,58.0,1016.1,32.0,9.0,6.3,0
2023-02-27,6.5,-1.6,56.0,1021.3,25.9,0.0,8.1,0
2023-02-28,5.2,-2.5,63.0,1023.5,20.7,36.0,7.7,0
2023-03-01,7.3,-2.5,65.0,1020.7,19.5,26.0,9.8,0
2023-03-02,9.3,-2.5,75.0,1016.6,14.1,13.0,11.8,0
2023-03-03,9.0,-0.7,80.0,1019.4,16.4,11.0,9.7,0
2023-03-04,6.8,-1.8,80.0,1022.5,18.0,55.0,8.6,0
2023-03-05,7.2,2.6,80.0,1015.4,8.6,93.0,4.6,1
2023-03-06,7.4,1.3,76.0,1005.3,17.5,99.0,6.1000000000000005,0
2023-03-07,8.8,3.3,70.0,999.2,24.3,100.0,5.500000000000001,1
2023-03-08,14.4,5.4,85.0,989.6,31.7,100.0,9.0,1
2023-03-09,14.8,8.8,81.0,993.3,31.8,91.0,6.0,1
2023-03-10,11.0,4.6,78.0,993.5,42.6,90.0,6.4,1
2023-03-11,7.3,1.1,81.0,1006.4,14.4,99.0,6.199999999999999,1
2023-03-12,14.2,6.3,80.0,1008.1,23.9,96.0,7.8999999999999995,1
2023-03-13,15.8,10.9,81.0,998.1,31.8,88.0,4.9,1
2023-03-14,10.3,3.0,76.0,999.4,36.3,65.0,7.300000000000001,0
2023-03-15,10.8,1.8,74.0,1013.9,11.2,84.0,9.0,0
2023-03-16,15.6,4.7,65.0,1008.3,18.9,100.0,10.899999999999999,1
2023-03-17,15.9,7.1,78.0,1003.5,25.1,100.0,8.8,1
2023-03-18,15.1,8.5,84.0,1005.8,25.1,64.0,6.6,1
2023-03-19,11.3,3.6,84.0,1012.0,18.4,56.0,7.700000000000001,0
2023-03-20,13.3,1.6,78.0,1017.0,11.9,89.0,11.700000000000001,1
2023-03-21,14.7,8.1,80.0,1011.3,22.1,76.0,6.6,1
2023-03-22,13.8,8.0,84.0,1006.1,32.2,96.0,5.800000000000001,1
2023-03-23,15.9,11.1,75.0,1002.3,31.8,100.0,4.800000000000001,1
2023-03-24,14.8,9.6,74.0,1001.7,36.7,55.0,5.200000000000001,0
2023-03-25,13.8,8.2,69.0,1007.2,36.4,73.0,5.600000000000001,1
2023-03-26,11.2,7.8,76.0,1002.0,35.2,90.0,3.3999999999999995,0
2023-03-27,9.7,3.2,64.0,1019.4,20.0,51.0,6.499999999999999,1
2023-03-28,11.0,3.0,66.0,1019.9,19.8,100.0,8.0,1
2023-03-29,19.6,9.1,67.0,1011.0,22.1,99.0,10.500000000000002,1
2023-03-30,16.0,11.5,72.0,1007.1,29.5,72.0,4.5,1
2023-03-31,14.8,10.0,74.0,997.4,37.8,92.0,4.800000000000001,1
2023-04-01,13.1,9.1,78.0,1002.1,32.8,90.0,4.0,0
2023-04-02,9.5,7.0,81.0,1015.4,24.6,100.0,2.5,0
2023-04-03,11.9,3.1,66.0,1022.2,20.3,53.0,8.8,0
2023-04-04,10.8,0.5,64.0,1021.4,15.3,17.0,10.3,0
2023-04-05,13.8,-1.1,70.0,1018.0,8.9,21.0,14.9,1
2023-04-06,14.7,7.4,74.0,1013.5,25.6,73.0,7.299999999999999,0
2023-04-07,14.0,4.8,76.0,1015.1,14.8,17.0,9.2,0
2023-04-08,14.2,2.1,78.0,1020.0,14.0,23.0,12.1,0
2023-04-09,17.2,3.1,74.0,1018.3,11.2,71.0,14.1,1
2023-04-10,16.5,7.6,78.0,1012.8,28.0,100.0,8.9,1
2023-04-11,13.0,7.5,77.0,1011.9,22.5,100.0,5.5,1
2023-04-12,12.8,8.1,73.0,998.3,29.9,66.0,4.700000000000001,1
2023-04-13,11.8,5.4,75.0,1002.5,30.3,78.0,6.4,1
2023-04-14,9.1,3.4,89.0,1002.6,25.5,99.0,5.699999999999999,1
2023-04-15,12.8,6.5,85.0,1008.5,23.5,79.0,6.300000000000001,0
2023-04-16,14.8,2.2,72.0,1021.1,22.4,74.0,12.600000000000001,0
2023-04-17,12.4,3.1,81.0,1021.0,21.4,70.0,9.3,1
2023-04-18,15.3,5.9,75.0,1017.7,22.6,26.0,9.4,0
2023-04-19,18.0,6.8,74.0,1015.7,21.5,34.0,11.2,0
2023-04-20,12.1,5.0,60.0,1011.6,24.1,62.0,7.1,0
2023-04-21,12.8,1.4,76.0,1006.4,7.9,42.0,11.4,1
2023-04-22,17.2,4.7,78.0,1002.8,20.8,83.0,12.5,1
2023-04-23,14.2,8.5,82.0,1001.2,37.5,71.0,5.699999999999999,1
2023-04-24,14.4,6.6,76.0,1006.5,21.6,60.0,7.800000000000001,1
2023-04-25,11.4,5.1,78.0,1011.3,17.2,79.0,6.300000000000001,0
2023-04-26,12.0,4.6,75.0,1013.7,9.3,100.0,7.4,1
2023-04-27,18.4,6.8,77.0,1012.0,13.0,88.0,11.599999999999998,1
2023-04-28,20.8,12.8,81.0,1009.5,18.7,100.0,8.0,0
2023-04-29,15.7,7.5,82.0,1015.0,14.2,87.0,8.2,0
2023-04-30,17.1,7.3,72.0,1015.9,14.1,99.0,9.8,1
2023-05-01,15.7,9.2,80.0,1014.1,18.6,49.0,6.5,0
2023-05-02,17.2,6.2,80.0,1020.2,14.9,25.0,11.0,0
2023-05-03,19.5,6.2,71.0,1018.9,18.9,31.0,13.3,0
2023-05-04,22.4,10.4,70.0,1011.6,21.1,50.0,11.999999999999998,1
2023-05-05,18.6,12.0,81.0,1013.4,18.7,70.0,6.600000000000001,1
2023-05-06,19.5,11.2,84.0,1011.8,12.3,98.0,8.3,1
2023-05-07,18.2,12.8,90.0,1013.0,15.4,86.0,5.399999999999999,0
2023-05-08,18.6,10.1,84.0,1017.7,10.6,89.0,8.500000000000002,1
2023-05-09,17.0,12.4,88.0,1010.1,22.4,95.0,4.6,1
2023-05-10,17.2,9.1,83.0,1010.3,21.9,74.0,8.1,1
2023-05-11,16.5,8.6,83.0,1012.4,13.9,60.0,7.9,1
2023-05-12,14.7,8.7,85.0,1013.2,18.3,81.0,6.0,1
2023-05-13,20.4,9.8,81.0,1015.7,21.7,35.0,10.599999999999998,0
2023-05-14,18.9,8.2,79.0,1015.1,14.8,53.0,10.7,1
2023-05-15,16.0,7.6,88.0,1013.6,20.6,92.0,8.4,0
2023-05-16,15.1,5.7,71.0,1018.6,24.4,32.0,9.399999999999999,0
2023-05-17,16.1,6.0,73.0,1022.2,22.4,21.0,10.100000000000001,0
2023-05-18,17.1,6.6,67.0,1021.3,19.2,68.0,10.500000000000002,0
2023-05-19,19.2,6.9,65.0,1019.3,20.0,24.0,12.299999999999999,0
2023-05-20,20.0,11.8,64.0,1014.9,20.4,81.0,8.2,0
2023-05-21,21.0,12.2,71.0,1012.2,19.9,78.0,8.8,0
2023-05-22,21.4,11.4,75.0,1013.3,18.8,76.0,9.999999999999998,0
2023-05-23,19.1,11.3,73.0,1017.8,22.9,76.0,7.800000000000001,0
2023-05-24,18.9,7.4,63.0,1019.5,22.5,68.0,11.499999999999998,0
2023-05-25,20.1,9.9,66.0,1020.3,23.3,19.0,10.200000000000001,0
2023-05-26,21.4,9.7,69.0,1021.5,20.4,2.0,11.7,0
2023-05-27,23.6,11.2,63.0,1017.9,16.6,30.0,12.400000000000002,0
2023-05-28,25.4,12.0,60.0,1013.8,21.7,14.0,13.399999999999999,0
2023-05-29,23.3,13.1,63.0,1015.7,26.8,13.0,10.200000000000001,0
2023-05-30,21.7,11.5,54.0,1018.2,24.5,50.0,10.2,0
2023-05-31,25.7,11.8,59.0,1016.0,22.5,27.0,13.899999999999999,0
2023-06-01,26.0,14.0,60.0,1014.7,21.6,8.0,12.0,0
2023-06-02,20.1,9.6,64.0,1015.2,21.3,1.0,10.500000000000002,0
2023-06-03,24.1,10.6,58.0,1013.6,19.1,0.0,13.500000000000002,0
2023-06-04,25.3,13.2,46.0,1013.9,20.5,0.0,12.100000000000001,0
2023-06-05,25.5,13.1,50.0,1014.2,19.8,10.0,12.4,0
2023-06-06,25.6,12.2,58.0,1013.7,17.5,31.0,13.400000000000002,0
2023-06-07,27.4,13.9,56.0,1012.4,19.7,16.0,13.499999999999998,0
2023-06-08,27.1,14.4,58.0,1009.7,17.2,5.0,12.700000000000001,0
2023-06-09,29.9,15.7,53.0,1005.6,18.4,59.0,14.2,1
2023-06-10,28.0,17.5,65.0,1007.1,13.5,47.0,10.5,1
2023-06-11,25.0,18.5,82.0,1009.7,17.7,91.0,6.5,1
2023-06-12,26.0,16.5,77.0,1009.7,16.0,75.0,9.5,0
2023-06-13,27.9,15.3,61.0,1006.7,19.0,13.0,12.599999999999998,0
2023-06-14,28.4,13.4,51.0,1009.6,13.4,8.0,14.999999999999998,0
2023-06-15,27.8,15.0,52.0,1013.1,11.5,47.0,12.8,0
2023-06-16,29.3,13.5,50.0,1013.3,12.6,13.0,15.8,0
2023-06-17,30.5,17.1,52.0,1009.8,15.1,89.0,13.399999999999999,1
2023-06-18,29.8,17.7,71.0,1005.9,26.1,96.0,12.100000000000001,1
2023-06-19,24.4,14.9,79.0,1008.1,11.2,94.0,9.499999999999998,1
2023-06-20,27.1,17.8,80.0,1006.3,21.7,91.0,9.3,1
2023-06-21,27.0,16.1,75.0,1012.2,10.5,67.0,10.899999999999999,1
2023-06-22,23.7,17.6,78.0,1013.2,22.5,87.0,6.099999999999998,0
2023-06-23,26.6,13.1,72.0,1020.4,13.7,35.0,13.500000000000002,0
2023-06-24,27.8,14.6,65.0,1019.8,9.2,3.0,13.200000000000001,0
2023-06-25,31.5,16.6,60.0,1012.5,20.9,1.0,14.899999999999999,0
2023-06-26,23.2,15.4,59.0,1017.0,20.2,63.0,7.799999999999999,0
2023-06-27,24.6,13.4,59.0,1018.3,16.1,78.0,11.200000000000001,1
2023-06-28,25.2,15.4,64.0,1015.2,10.1,84.0,9.799999999999999,1
2023-06-29,25.1,19.0,71.0,1011.7,20.9,85.0,6.100000000000001,0
2023-06-30,24.4,15.2,60.0,1011.3,25.5,70.0,9.2,1
2023-07-01,22.6,16.7,69.0,1006.2,26.5,91.0,5.900000000000002,0
2023-07-02,23.3,13.8,57.0,1010.0,21.6,52.0,9.5,0
2023-07-03,24.7,14.5,56.0,1010.8,21.4,51.0,10.2,1
2023-07-04,22.3,12.5,72.0,1009.6,23.8,59.0,9.8,1
2023-07-05,21.3,11.7,66.0,1010.7,27.2,31.0,9.600000000000001,0
2023-07-06,25.5,12.3,61.0,1013.4,11.9,44.0,13.2,0
2023-07-07,30.0,13.8,54.0,1011.6,21.2,33.0,16.2,0
2023-07-08,32.6,19.7,53.0,1011.0,16.6,29.0,12.900000000000002,1
2023-07-09,27.4,19.9,70.0,1015.0,14.8,61.0,7.5,0
2023-07-10,28.9,16.0,60.0,1017.2,13.5,12.0,12.899999999999999,0
2023-07-11,31.5,16.4,54.0,1009.6,20.4,28.0,15.100000000000001,1
2023-07-12,24.8,17.3,59.0,1010.6,18.4,74.0,7.5,0
2023-07-13,24.0,15.9,55.0,1014.9,19.8,57.0,8.1,0
2023-07-14,30.5,14.8,52.0,1008.5,26.3,52.0,15.7,1
2023-07-15,25.2,20.0,56.0,1003.4,29.7,51.0,5.199999999999999,0
2023-07-16,25.0,15.5,51.0,1011.0,26.6,39.0,9.5,0
2023-07-17,24.5,13.7,57.0,1016.1,20.5,51.0,10.8,0
2023-07-18,28.2,13.6,54.0,1014.2,13.4,34.0,14.6,0
2023-07-19,24.1,16.3,55.0,1012.6,21.6,52.0,7.800000000000001,0
2023-07-20,25.7,13.4,61.0,1011.8,13.8,75.0,12.299999999999999,1
2023-07-21,24.2,15.0,57.0,1010.2,18.8,68.0,9.2,0
2023-07-22,25.5,12.7,51.0,1011.2,23.9,71.0,12.8,1
2023-07-23,23.9,16.9,68.0,1006.2,32.4,98.0,7.0,1
2023-07-24,23.3,16.9,76.0,1002.4,26.4,66.0,6.400000000000002,1
2023-07-25,19.9,14.7,74.0,1005.2,16.8,77.0,5.199999999999999,0
2023-07-26,23.1,11.7,66.0,1010.8,16.9,61.0,11.400000000000002,1
2023-07-27,22.7,17.4,79.0,1005.8,27.9,99.0,5.300000000000001,1
2023-07-28,24.0,17.7,86.0,1005.1,16.8,95.0,6.300000000000001,1
2023-07-29,23.5,16.7,82.0,1006.1,19.6,79.0,6.800000000000001,0
2023-07-30,22.5,14.2,68.0,1011.8,22.6,76.0,8.3,1
2023-07-31,22.3,16.5,75.0,1008.1,29.3,99.0,5.800000000000001,1
2023-08-01,21.6,15.6,76.0,1002.0,29.1,73.0,6.000000000000002,1
2023-08-02,23.1,16.8,76.0,993.3,44.6,85.0,6.300000000000001,1
2023-08-03,19.3,15.8,80.0,1000.8,31.5,91.0,3.5,1
2023-08-04,20.9,14.0,80.0,1011.8,15.8,68.0,6.899999999999999,1
2023-08-05,19.3,12.1,81.0,1009.3,30.2,90.0,7.200000000000001,1
2023-08-06,19.1,13.1,69.0,1011.5,30.3,57.0,6.000000000000002,0
2023-08-07,21.1,12.0,74.0,1016.6,16.9,45.0,9.100000000000001,0
2023-08-08,22.7,13.4,70.0,1013.9,17.2,97.0,9.299999999999999,0
2023-08-09,23.0,16.2,74.0,1014.1,16.3,81.0,6.800000000000001,0
2023-08-10,25.7,13.7,75.0,1015.7,12.8,31.0,12.0,1
2023-08-11,26.9,16.7,79.0,1016.1,15.1,53.0,10.2,1
2023-08-12,25.3,18.8,78.0,1013.9,19.6,83.0,6.5,0
2023-08-13,23.2,15.5,71.0,1013.4,16.5,83.0,7.699999999999999,0
2023-08-14,27.0,14.9,74.0,1009.6,19.4,66.0,12.1,1
2023-08-15,24.1,16.0,77.0,1012.3,12.0,64.0,8.100000000000001,0
2023-08-16,25.9,15.8,71.0,1014.6,11.7,74.0,10.099999999999998,1
2023-08-17,27.5,16.7,76.0,1012.6,13.4,46.0,10.8,0
2023-08-18,30.8,17.6,81.0,1008.8,13.2,83.0,13.2,1
2023-08-19,27.1,20.1,74.0,1011.8,15.0,54.0,7.0,0
2023-08-20,29.3,16.9,75.0,1017.4,14.8,23.0,12.400000000000002,0
2023-08-21,27.3,16.1,67.0,1019.3,11.3,15.0,11.2,0
2023-08-22,29.5,15.9,66.0,1016.5,11.8,7.0,13.6,0
2023-08-23,30.6,17.4,65.0,1014.9,11.8,39.0,13.200000000000003,1
2023-08-24,26.2,19.4,83.0,1008.8,16.9,62.0,6.800000000000001,1
2023-08-25,22.6,17.3,80.0,1006.5,17.2,84.0,5.300000000000001,0
2023-08-26,21.4,13.9,68.0,1008.1,22.1,53.0,7.499999999999998,1
2023-08-27,20.9,12.0,76.0,1008.2,19.0,22.0,8.899999999999999,1
2023-08-28,20.9,13.1,77.0,1009.6,13.1,61.0,7.799999999999999,1
2023-08-29,20.7,10.6,78.0,1009.2,12.4,28.0,10.1,1
2023-08-30,20.0,12.9,69.0,1006.2,20.5,63.0,7.1,1
2023-08-31,18.6,12.4,82.0,1008.5,21.1,96.0,6.200000000000001,1
2023-09-01,23.0,16.4,85.0,1009.3,20.9,97.0,6.600000000000001,1
2023-09-02,27.0,15.3,79.0,1013.8,15.9,40.0,11.7,0
2023-09-03,29.7,17.2,73.0,1019.8,15.2,76.0,12.5,0
2023-09-04,29.0,16.8,69.0,1016.6,19.5,80.0,12.2,0
2023-09-05,31.9,17.3,62.0,1011.8,11.2,15.0,14.599999999999998,0
2023-09-06,32.0,16.8,70.0,1013.2,11.2,16.0,15.2,0
2023-09-07,30.6,14.7,68.0,1012.1,10.1,0.0,15.900000000000002,0
2023-09-08,33.9,17.7,59.0,1012.0,11.6,11.0,16.2,0
2023-09-09,34.0,18.5,58.0,1011.5,12.9,5.0,15.5,0
2023-09-10,33.7,19.4,51.0,1011.3,12.8,27.0,14.300000000000004,1
2023-09-11,26.6,18.7,74.0,1009.9,14.9,73.0,7.900000000000002,1
2023-09-12,20.4,16.3,93.0,1010.2,8.8,96.0,4.099999999999998,1
2023-09-13,21.6,16.3,84.0,1014.4,9.2,44.0,5.300000000000001,0
2023-09-14,23.4,13.3,79.0,1016.3,7.5,44.0,10.099999999999998,0
2023-09-15,26.1,12.7,72.0,1010.9,9.9,10.0,13.400000000000002,0
2023-09-16,24.5,13.4,79.0,1007.1,10.4,88.0,11.1,1
2023-09-17,24.3,17.2,86.0,1006.6,14.8,89.0,7.100000000000001,1
2023-09-18,23.4,16.3,82.0,1003.7,22.3,72.0,7.099999999999998,1
2023-09-19,21.2,12.7,73.0,1010.1,26.4,96.0,8.5,0
2023-09-20,23.8,16.2,71.0,1003.9,30.4,82.0,7.600000000000001,1
2023-09-21,20.6,14.1,81.0,994.6,23.7,87.0,6.500000000000002,1
2023-09-22,16.5,11.0,80.0,999.3,27.3,52.0,5.5,0
2023-09-23,17.3,10.2,78.0,1012.9,13.7,25.0,7.100000000000001,0
2023-09-24,19.9,7.4,76.0,1019.0,15.5,9.0,12.499999999999998,0
2023-09-25,22.8,9.0,77.0,1017.2,8.7,42.0,13.8,0
2023-09-26,23.7,12.6,77.0,1015.4,9.9,75.0,11.1,0
2023-09-27,25.0,12.1,78.0,1013.1,15.9,93.0,12.9,0
2023-09-28,21.7,14.4,75.0,1013.2,15.9,67.0,7.299999999999999,0
2023-09-29,21.5,12.8,72.0,1016.0,26.4,60.0,8.7,0
2023-09-30,21.9,9.3,83.0,1022.2,9.7,48.0,12.599999999999998,0
2023-10-01,25.6,12.0,79.0,1019.3,11.9,42.0,13.600000000000001,0
2023-10-02,27.0,12.8,76.0,1014.5,15.5,71.0,14.2,1
2023-10-03,21.7,12.2,73.0,1016.1,25.4,56.0,9.5,0
2023-10-04,18.8,8.7,79.0,1025.2,9.4,61.0,10.100000000000001,0
2023-10-05,18.9,9.0,80.0,1022.9,9.0,95.0,9.899999999999999,0
2023-10-06,21.4,7.9,76.0,1022.3,10.1,69.0,13.499999999999998,0
2023-10-07,24.0,9.6,77.0,1022.1,9.7,0.0,14.4,0
2023-10-08,25.6,10.1,72.0,1021.5,11.2,17.0,15.500000000000002,0
2023-10-09,24.4,9.9,68.0,1019.0,10.2,34.0,14.499999999999998,0
2023-10-10,27.4,10.5,65.0,1016.7,12.2,47.0,16.9,0
2023-10-11,24.8,11.0,63.0,1013.1,17.5,49.0,13.8,1
2023-10-12,22.2,15.9,74.0,1011.4,20.6,93.0,6.299999999999999,0
2023-10-13,25.2,17.1,69.0,1005.7,30.0,76.0,8.099999999999998,1
2023-10-14,18.7,10.2,74.0,1012.3,31.4,67.0,8.5,0
2023-10-15,13.5,7.1,71.0,1019.7,11.9,55.0,6.4,0
2023-10-16,13.2,4.0,70.0,1015.5,21.7,83.0,9.2,0
2023-10-17,15.9,4.6,69.0,1008.0,14.0,99.0,11.3,1
2023-10-18,19.0,11.4,85.0,995.1,26.6,93.0,7.6,1
2023-10-19,20.9,14.5,84.0,985.4,27.1,86.0,6.399999999999999,1
2023-10-20,17.6,13.1,90.0,976.0,15.9,91.0,4.500000000000002,1
2023-10-21,15.1,10.8,81.0,988.2,39.5,76.0,4.299999999999999,1
2023-10-22,16.5,8.7,81.0,1003.3,24.5,57.0,7.800000000000001,1
2023-10-23,12.0,7.3,91.0,1003.1,16.9,95.0,4.7,1
2023-10-24,16.0,10.4,83.0,1000.3,17.7,73.0,5.6,1
2023-10-25,15.1,11.0,87.0,992.0,27.5,95.0,4.1,1
2023-10-26,15.9,10.1,89.0,991.2,19.1,98.0,5.800000000000001,1
2023-10-27,15.3,9.7,86.0,990.6,25.2,75.0,5.600000000000001,1
2023-10-28,14.9,9.9,86.0,991.8,32.7,86.0,5.0,1
2023-10-29,16.2,11.5,79.0,991.4,35.4,72.0,4.699999999999999,1
2023-10-30,12.8,9.5,91.0,994.5,16.4,84.0,3.3000000000000007,0
2023-10-31,14.9,7.8,85.0,1000.5,21.4,69.0,7.1000000000000005,1
2023-11-01,13.8,11.0,83.0,997.3,26.4,94.0,2.8000000000000007,1
2023-11-02,14.0,9.4,69.0,977.6,47.0,70.0,4.6,0
2023-11-03,10.8,5.7,81.0,984.6,22.7,65.0,5.1000000000000005,1
2023-11-04,14.2,7.4,83.0,976.0,33.5,82.0,6.799999999999999,1
2023-11-05,13.6,9.7,76.0,979.5,33.6,68.0,3.9000000000000004,1
2023-11-06,13.1,7.7,80.0,999.9,28.5,39.0,5.3999999999999995,1
2023-11-07,12.2,6.4,82.0,1009.0,23.5,23.0,5.799999999999999,1
2023-11-08,12.2,6.3,86.0,1009.5,31.0,79.0,5.8999999999999995,1
2023-11-09,12.1,8.2,84.0,1000.2,28.2,92.0,3.9000000000000004,1
2023-11-10,11.5,6.3,81.0,996.7,34.5,54.0,5.2,0
2023-11-11,11.6,4.6,87.0,1004.7,17.7,49.0,7.0,1
2023-11-12,13.4,5.6,89.0,1001.2,22.3,99.0,7.800000000000001,1
2023-11-13,17.1,11.7,88.0,1003.3,32.1,87.0,5.400000000000002,1
2023-11-14,13.3,10.2,83.0,1006.5,29.2,75.0,3.1000000000000014,0
2023-11-15,12.7,8.0,85.0,1015.7,25.5,53.0,4.699999999999999,1
2023-11-16,10.0,6.8,93.0,1007.6,26.4,95.0,3.2,0
2023-11-17,11.4,5.8,87.0,1017.8,19.9,58.0,5.6000000000000005,1
2023-11-18,14.2,7.9,91.0,1015.9,23.9,100.0,6.299999999999999,1
2023-11-19,15.2,11.6,82.0,1011.7,26.8,69.0,3.5999999999999996,1
2023-11-20,12.5,9.6,82.0,1009.6,32.0,72.0,2.9000000000000004,0
2023-11-21,12.1,8.2,91.0,1013.3,18.8,72.0,3.9000000000000004,0
2023-11-22,9.2,4.1,84.0,1025.0,16.0,88.0,5.1,0
2023-11-23,13.0,6.3,86.0,1023.5,19.4,100.0,6.7,0
2023-11-24,11.4,3.3,77.0,1015.6,25.1,79.0,8.100000000000001,0
2023-11-25,7.9,1.7,79.0,1015.8,21.4,27.0,6.2,0
2023-11-26,6.8,-1.0,85.0,1014.9,13.9,99.0,7.8,1
2023-11-27,9.1,4.5,87.0,1000.1,21.6,99.0,4.6,0
2023-11-28,7.3,0.9,84.0,1002.3,21.9,55.0,6.3999999999999995,0
2023-11-29,8.4,-0.4,89.0,1002.3,12.7,70.0,8.8,1
2023-11-30,6.7,-0.8,90.0,995.8,10.0,69.0,7.5,0
2023-12-01,3.7,-0.4,87.0,999.9,15.1,94.0,4.1000000000000005,0
2023-12-02,3.0,-3.8,81.0,1010.7,15.6,47.0,6.8,0
2023-12-03,4.1,-2.5,73.0,1014.8,21.3,89.0,6.6,1
2023-12-04,9.5,2.0,76.0,998.2,28.8,97.0,7.5,1
2023-12-05,8.1,5.7,89.0,1001.4,28.5,94.0,2.3999999999999995,0
2023-12-06,7.7,2.7,91.0,1013.1,13.1,72.0,5.0,1
2023-12-07,6.1,1.9,89.0,1009.8,18.9,100.0,4.199999999999999,1
2023-12-08,10.2,4.4,95.0,1005.1,11.4,76.0,5.799999999999999,1
2023-12-09,14.1,6.2,90.0,1001.6,36.6,82.0,7.8999999999999995,1
2023-12-10,13.4,6.9,82.0,1006.2,32.5,79.0,6.5,0
2023-12-11,12.9,7.8,87.0,1004.5,24.5,94.0,5.1000000000000005,1
2023-12-12,12.7,8.2,91.0,1000.6,23.6,77.0,4.5,1
2023-12-13,9.9,6.2,90.0,996.9,18.6,62.0,3.7,1
2023-12-14,8.4,6.7,83.0,1015.9,22.4,100.0,1.7000000000000002,1
2023-12-15,9.6,4.0,92.0,1031.3,10.6,100.0,5.6,0
2023-12-16,9.6,2.2,87.0,1038.0,8.8,17.0,7.3999999999999995,0
2023-12-17,7.0,0.8,96.0,1034.9,11.4,46.0,6.2,0
2023-12-18,3.9,-0.2,93.0,1031.1,12.8,87.0,4.1,1
2023-12-19,9.9,3.3,90.0,1021.8,24.0,100.0,6.6000000000000005,0
2023-12-20,9.5,4.4,86.0,1018.4,22.1,74.0,5.1,1
2023-12-21,12.0,9.4,84.0,1009.4,30.6,100.0,2.5999999999999996,1
2023-12-22,10.9,9.3,79.0,1011.9,30.8,98.0,1.5999999999999996,0
2023-12-23,11.7,7.7,80.0,1015.4,24.5,96.0,3.999999999999999,0
2023-12-24,11.6,8.3,80.0,1012.3,25.6,95.0,3.299999999999999,0
2023-12-25,12.6,10.4,81.0,1011.4,25.3,100.0,2.1999999999999993,0
2023-12-26,11.7,10.1,82.0,1014.1,22.3,100.0,1.5999999999999996,1
2023-12-27,10.3,7.3,80.0,1012.4,27.2,100.0,3.000000000000001,0
2023-12-28,12.2,8.4,86.0,1012.0,28.1,75.0,3.799999999999999,1
2023-12-29,11.7,8.1,84.0,1011.0,29.3,91.0,3.5999999999999996,0
2023-12-30,11.8,7.2,89.0,1010.1,24.7,96.0,4.6000000000000005,1
2023-12-31,10.6,7.5,75.0,997.3,36.5,88.0,3.0999999999999996,1
2024-01-01,9.8,5.8,78.0,1004.6,29.9,79.0,4.000000000000001,1
2024-01-02,12.0,9.4,88.0,994.1,39.0,85.0,2.5999999999999996,1
2024-01-03,12.0,8.8,83.0,994.8,32.6,49.0,3.1999999999999993,1
2024-01-04,10.6,6.5,82.0,1001.6,28.2,63.0,4.1,0
2024-01-05,10.1,3.6,84.0,999.4,23.9,21.0,6.5,1
2024-01-06,7.6,2.7,87.0,1008.2,22.4,75.0,4.8999999999999995,0
2024-01-07,4.8,1.3,84.0,1016.6,20.9,90.0,3.5,0
2024-01-08,0.7,-4.0,70.0,1022.7,21.9,81.0,4.7,1
2024-01-09,-1.4,-2.5,65.0,1022.1,16.8,99.0,1.1,0
2024-01-10,0.5,-4.0,73.0,1021.6,11.5,89.0,4.5,0
2024-01-11,1.8,-3.1,71.0,1026.5,15.5,9.0,4.9,0
2024-01-12,3.3,-2.6,84.0,1028.9,15.0,92.0,5.9,0
2024-01-13,0.5,-1.8,88.0,1023.2,10.5,100.0,2.3,0
2024-01-14,0.2,-2.9,85.0,1011.9,11.2,99.0,3.1,0
2024-01-15,4.6,-3.4,77.0,1006.5,17.7,74.0,8.0,0
2024-01-16,3.1,-4.1,81.0,1006.7,10.8,70.0,7.199999999999999,1
2024-01-17,7.3,-2.0,95.0,987.1,16.5,100.0,9.3,1
2024-01-18,2.8,-3.9,87.0,997.4,21.2,65.0,6.699999999999999,0
2024-01-19,3.4,-5.0,86.0,1018.2,12.2,15.0,8.4,0
2024-01-20,1.3,-6.1,86.0,1025.0,11.6,34.0,7.3999999999999995,0
2024-01-21,8.4,-2.2,76.0,1019.2,30.4,98.0,10.600000000000001,1
2024-01-22,12.1,7.7,81.0,1013.4,41.3,72.0,4.3999999999999995,0
2024-01-23,13.0,5.8,86.0,1023.8,27.0,89.0,7.2,0
2024-01-24,13.3,10.2,81.0,1024.7,28.0,96.0,3.1000000000000014,1
2024-01-25,13.0,8.3,90.0,1025.9,16.3,100.0,4.699999999999999,1
2024-01-26,11.9,1.6,84.0,1026.0,23.7,67.0,10.3,0
2024-01-27,7.4,-2.8,87.0,1031.2,10.3,67.0,10.2,0
2024-01-28,9.1,-1.0,88.0,1023.1,12.5,77.0,10.1,0
2024-01-29,12.7,3.4,87.0,1022.7,13.5,97.0,9.299999999999999,0
2024-01-30,11.0,6.2,87.0,1026.0,12.6,95.0,4.8,0
2024-01-31,11.1,2.4,85.0,1029.8,14.1,86.0,8.7,1
2024-02-01,11.4,4.6,90.0,1028.6,17.6,100.0,6.800000000000001,0
2024-02-02,8.9,2.6,94.0,1030.7,15.2,98.0,6.300000000000001,0
2024-02-03,11.0,8.6,86.0,1028.3,18.5,100.0,2.4000000000000004,0
2024-02-04,12.1,8.7,81.0,1026.6,20.5,99.0,3.4000000000000004,0
2024-02-05,9.6,5.8,81.0,1023.3,18.2,95.0,3.8,0
2024-02-06,12.5,7.6,79.0,1015.8,29.9,87.0,4.9,1
2024-02-07,12.4,10.4,88.0,1004.4,28.6,100.0,2.0,1
2024-02-08,13.8,11.0,88.0,994.5,30.6,100.0,2.8000000000000007,1
2024-02-09,14.2,8.7,80.0,982.0,28.3,89.0,5.5,1
2024-02-10,9.9,5.5,93.0,981.1,23.4,94.0,4.4,1
2024-02-11,10.7,6.2,85.0,988.3,28.4,75.0,4.499999999999999,0
2024-02-12,10.5,3.4,88.0,1002.7,13.9,68.0,7.1,1
2024-02-13,11.0,1.5,85.0,1014.0,22.4,71.0,9.5,1
2024-02-14,14.7,8.9,89.0,1015.2,22.7,99.0,5.799999999999999,1
2024-02-15,17.1,8.5,81.0,1009.9,14.5,97.0,8.600000000000001,1
2024-02-16,13.9,6.1,85.0,1012.1,24.3,81.0,7.800000000000001,0
2024-02-17,13.8,5.3,75.0,1027.7,9.4,87.0,8.5,1
2024-02-18,11.6,6.4,86.0,1026.4,20.8,100.0,5.199999999999999,0
2024-02-19,11.7,9.0,87.0,1027.5,21.6,100.0,2.6999999999999993,0
2024-02-20,10.9,6.4,87.0,1026.9,14.9,100.0,4.5,1
2024-02-21,10.4,6.6,86.0,1013.4,29.7,100.0,3.8000000000000007,1
2024-02-22,14.2,6.2,85.0,989.9,42.5,92.0,7.999999999999999,1
2024-02-23,9.2,4.0,75.0,989.8,30.9,61.0,5.199999999999999,1
2024-02-24,8.8,1.8,82.0,994.7,28.1,62.0,7.000000000000001,1
2024-02-25,8.8,3.4,90.0,993.2,24.0,79.0,5.4,1
2024-02-26,9.0,4.8,93.0,991.6,30.7,87.0,4.2,0
2024-02-27,9.7,3.9,78.0,1012.3,27.8,98.0,5.799999999999999,0
2024-02-28,10.8,-0.2,84.0,1017.9,13.6,72.0,11.0,1
2024-02-29,10.3,8.4,90.0,1006.7,23.5,100.0,1.9000000000000004,1
2024-03-01,11.1,4.0,85.0,997.8,36.0,81.0,7.1,1
2024-03-02,8.7,4.7,89.0,993.0,24.6,83.0,3.999999999999999,1
2024-03-03,8.7,3.3,86.0,997.9,14.3,91.0,5.3999999999999995,0
2024-03-04,11.2,-0.7,79.0,1007.7,12.6,50.0,11.899999999999999,1
2024-03-05,9.4,4.5,83.0,1009.6,18.7,91.0,4.9,1
2024-03-06,9.5,3.5,87.0,1016.3,7.9,74.0,6.0,0
2024-03-07,12.9,0.9,81.0,1014.3,20.1,15.0,12.0,0
2024-03-08,13.6,2.3,72.0,1000.9,25.5,71.0,11.3,1
2024-03-09,13.9,5.7,75.0,991.1,27.4,85.0,8.2,1
2024-03-10,10.5,6.0,88.0,990.5,16.4,100.0,4.5,1
2024-03-11,12.1,3.5,86.0,1001.4,21.8,67.0,8.6,1
2024-03-12,11.5,6.7,90.0,1012.4,17.4,99.0,4.8,0
2024-03-13,14.4,8.9,83.0,1013.6,16.6,100.0,5.5,0
2024-03-14,17.6,4.6,83.0,1008.5,15.5,64.0,13.000000000000002,1
2024-03-15,16.1,11.2,82.0,1007.6,28.9,89.0,4.900000000000002,0
2024-03-16,14.7,9.3,74.0,1016.4,21.0,87.0,5.399999999999999,1
2024-03-17,15.1,8.6,91.0,1015.2,15.5,98.0,6.5,1
2024-03-18,16.3,9.6,82.0,1013.0,12.6,80.0,6.700000000000001,0
2024-03-19,17.4,6.1,78.0,1013.9,10.0,91.0,11.299999999999999,0
2024-03-20,19.1,5.9,80.0,1013.6,10.1,100.0,13.200000000000001,0
2024-03-21,18.0,6.8,80.0,1020.4,9.2,74.0,11.2,0
2024-03-22,17.2,7.1,84.0,1016.2,17.5,78.0,10.1,1
2024-03-23,10.7,4.9,78.0,1011.8,27.9,53.0,5.799999999999999,1
2024-03-24,11.5,3.6,75.0,1009.0,28.7,24.0,7.9,0
2024-03-25,12.9,1.0,73.0,999.5,21.9,88.0,11.9,1
2024-03-26,12.5,6.1,84.0,985.1,23.2,100.0,6.4,1
2024-03-27,12.6,4.7,78.0,982.8,28.6,89.0,7.8999999999999995,1
2024-03-28,12.0,5.4,69.0,983.0,39.3,74.0,6.6,1
2024-03-29,13.6,8.4,78.0,989.2,23.0,100.0,5.199999999999999,1
2024-03-30,12.2,6.9,82.0,992.4,14.5,100.0,5.299999999999999,1
2024-03-31,14.1,5.7,83.0,989.3,24.2,86.0,8.399999999999999,1
2024-04-01,13.6,6.5,78.0,994.3,23.6,70.0,7.1,1
2024-04-02,13.9,7.4,75.0,1004.6,34.0,62.0,6.5,1
2024-04-03,16.3,9.8,78.0,1003.0,28.6,84.0,6.5,1
2024-04-04,18.2,12.2,77.0,1006.0,35.3,82.0,6.0,1
2024-04-05,18.6,12.1,82.0,1006.6,28.8,96.0,6.500000000000002,0
2024-04-06,24.0,12.2,68.0,1005.2,23.0,91.0,11.8,1
2024-04-07,17.1,12.8,78.0,1009.9,17.7,99.0,4.300000000000001,1
2024-04-08,21.3,8.1,81.0,1003.4,20.2,82.0,13.200000000000001,1
2024-04-09,12.4,7.7,69.0,1010.9,33.2,51.0,4.7,0
2024-04-10,15.6,4.6,70.0,1025.2,13.5,50.0,11.0,0
2024-04-11,17.6,9.4,78.0,1028.3,10.5,95.0,8.200000000000001,0
2024-04-12,22.8,8.9,80.0,1027.9,10.9,75.0,13.9,0
2024-04-13,24.4,9.3,78.0,1021.9,17.6,97.0,15.099999999999998,0
2024-04-14,19.7,9.5,75.0,1019.0,16.8,99.0,10.2,1
2024-04-15,13.8,6.7,75.0,1011.1,39.0,68.0,7.1000000000000005,1
2024-04-16,13.0,6.5,71.0,1009.1,28.3,40.0,6.5,1
2024-04-17,11.8,4.1,77.0,1011.1,23.4,38.0,7.700000000000001,1
2024-04-18,11.9,2.4,72.0,1016.2,14.9,75.0,9.5,1
2024-04-19,12.2,7.3,76.0,1014.9,29.8,89.0,4.8999999999999995,0
2024-04-20,10.3,3.2,72.0,1020.4,21.0,49.0,7.1000000000000005,1
2024-04-21,10.9,3.0,67.0,1021.1,27.8,41.0,7.9,1
2024-04-22,10.5,2.4,70.0,1020.6,18.1,36.0,8.1,0
2024-04-23,11.3,0.9,67.0,1016.9,19.4,48.0,10.4,1
2024-04-24,10.6,4.2,72.0,1011.4,28.1,67.0,6.3999999999999995,0
2024-04-25,12.2,1.5,71.0,1004.3,11.2,46.0,10.7,1
2024-04-26,15.1,3.6,78.0,999.4,18.1,80.0,11.5,1
2024-04-27,15.0,8.1,86.0,997.9,17.3,100.0,6.9,1
2024-04-28,15.4,9.0,72.0,1004.1,28.3,51.0,6.4,0
2024-04-29,17.9,6.4,75.0,1013.7,15.5,67.0,11.499999999999998,1
2024-04-30,18.6,10.0,82.0,1009.6,22.8,97.0,8.600000000000001,1
2024-05-01,19.9,11.6,84.0,1001.9,21.0,100.0,8.299999999999999,1
2024-05-02,15.1,10.7,86.0,999.9,23.8,100.0,4.4,1
2024-05-03,15.6,8.7,75.0,1008.8,22.3,63.0,6.9,1
2024-05-04,14.9,6.1,82.0,1007.7,12.3,52.0,8.8,1
2024-05-05,17.6,8.1,85.0,1005.2,19.1,100.0,9.500000000000002,1
2024-05-06,17.1,10.7,78.0,1003.9,18.1,74.0,6.400000000000002,1
2024-05-07,18.6,7.9,81.0,1013.5,22.2,45.0,10.700000000000001,0
2024-05-08,16.3,8.0,77.0,1022.9,15.3,60.0,8.3,0
2024-05-09,19.4,6.9,77.0,1021.7,11.8,53.0,12.499999999999998,0
2024-05-10,22.5,9.1,71.0,1017.5,15.1,58.0,13.4,0
2024-05-11,24.7,10.0,69.0,1013.9,15.5,56.0,14.7,1
2024-05-12,24.3,11.5,77.0,1009.5,13.7,70.0,12.8,0
2024-05-13,20.8,14.3,75.0,1006.0,19.2,73.0,6.5,1
2024-05-14,16.5,13.1,88.0,999.7,13.9,100.0,3.4000000000000004,1
2024-05-15,19.0,12.2,78.0,1001.4,13.9,71.0,6.800000000000001,1
2024-05-16,18.3,11.8,75.0,1001.9,13.9,73.0,6.5,0
2024-05-17,18.6,9.5,75.0,1005.7,9.7,100.0,9.100000000000001,1
2024-05-18,20.0,11.6,79.0,1007.9,14.3,86.0,8.4,1
2024-05-19,19.2,11.6,84.0,1008.5,10.4,73.0,7.6,1
2024-05-20,21.4,10.7,82.0,1006.1,13.0,51.0,10.7,1
2024-05-21,19.3,10.9,86.0,1003.5,11.3,87.0,8.4,1
2024-05-22,18.7,10.8,79.0,1007.3,20.2,52.0,7.899999999999999,1
2024-05-23,18.3,11.4,77.0,1011.9,12.1,58.0,6.9,1
2024-05-24,18.7,10.4,82.0,1014.2,18.9,45.0,8.299999999999999,1
2024-05-25,20.2,10.0,78.0,1013.6,9.5,76.0,10.2,1
2024-05-26,20.5,13.7,77.0,1010.6,21.4,78.0,6.800000000000001,1
2024-05-27,16.7,10.7,79.0,1014.4,18.0,68.0,6.0,1
2024-05-28,16.6,9.6,84.0,1014.6,22.4,85.0,7.000000000000002,1
2024-05-29,17.5,13.8,88.0,1008.6,22.5,93.0,3.6999999999999993,1
2024-05-30,16.3,11.4,82.0,1006.0,25.0,83.0,4.9,1
2024-05-31,16.9,10.6,84.0,1010.6,23.6,74.0,6.299999999999999,1
2024-06-01,14.9,11.9,83.0,1016.1,22.4,99.0,3.0,0
2024-06-02,17.5,12.2,78.0,1019.4,19.8,87.0,5.300000000000001,0
2024-06-03,19.8,7.4,78.0,1017.3,10.5,54.0,12.4,1
2024-06-04,21.9,11.8,79.0,1010.5,19.5,77.0,10.099999999999998,0
2024-06-05,18.4,12.4,76.0,1010.4,17.3,64.0,5.999999999999998,0
2024-06-06,19.3,7.7,72.0,1013.9,14.5,31.0,11.600000000000001,0
2024-06-07,20.3,7.7,70.0,1015.6,9.5,8.0,12.600000000000001,0
2024-06-08,21.1,8.9,72.0,1010.6,19.8,43.0,12.200000000000001,0
2024-06-09,20.0,8.3,69.0,1008.4,20.0,18.0,11.7,1
2024-06-10,16.2,9.3,76.0,1007.9,27.4,44.0,6.899999999999999,1
2024-06-11,16.7,6.0,73.0,1013.5,18.3,20.0,10.7,1
2024-06-12,16.8,6.9,80.0,1016.7,12.1,32.0,9.9,1
2024-06-13,19.6,8.4,68.0,1012.9,20.8,70.0,11.200000000000001,1
2024-06-14,21.2,12.8,71.0,1003.2,27.1,78.0,8.399999999999999,1
2024-06-15,17.6,11.0,70.0,1003.1,30.3,59.0,6.600000000000001,1
2024-06-16,19.6,12.7,78.0,1003.4,24.2,78.0,6.900000000000002,1
2024-06-17,21.9,13.1,79.0,1007.4,14.7,84.0,8.799999999999999,1
2024-06-18,22.3,14.2,90.0,1007.7,12.7,98.0,8.100000000000001,1
2024-06-19,21.4,14.6,78.0,1011.7,24.0,93.0,6.799999999999999,1
2024-06-20,22.1,14.6,79.0,1012.3,16.3,97.0,7.500000000000002,1
2024-06-21,22.0,15.5,82.0,1010.4,13.1,78.0,6.5,1
2024-06-22,19.5,13.4,77.0,1011.1,23.4,79.0,6.1,0
2024-06-23,23.8,10.1,72.0,1015.9,20.2,36.0,13.700000000000001,0
2024-06-24,26.1,12.8,73.0,1014.5,10.6,18.0,13.3,0
2024-06-25,27.8,15.8,69.0,1009.5,11.9,36.0,12.0,0
2024-06-26,29.7,16.5,69.0,1006.6,13.3,46.0,13.2,0
2024-06-27,28.6,18.1,71.0,1006.7,19.1,52.0,10.5,0
2024-06-28,22.1,14.2,66.0,1013.3,13.4,47.0,7.900000000000002,1
2024-06-29,22.5,12.5,73.0,1008.8,18.7,83.0,10.0,1
2024-06-30,22.3,14.1,76.0,1008.1,17.8,98.0,8.200000000000001,1
2024-07-01,19.9,15.1,73.0,1013.4,17.6,79.0,4.799999999999999,1
2024-07-02,19.9,13.5,74.0,1013.9,17.3,86.0,6.399999999999999,0
2024-07-03,20.5,11.4,73.0,1008.8,21.7,94.0,9.1,1
2024-07-04,21.4,15.1,68.0,1007.9,22.8,56.0,6.299999999999999,0
2024-07-05,23.9,11.9,64.0,1007.9,18.1,89.0,11.999999999999998,0
2024-07-06,20.8,14.3,60.0,1003.2,26.7,63.0,6.5,0
2024-07-07,20.8,9.8,61.0,1010.1,21.8,56.0,11.0,0
2024-07-08,23.1,11.4,67.0,1011.6,11.4,65.0,11.700000000000001,1
2024-07-09,27.2,15.6,73.0,1008.2,14.5,76.0,11.6,0
2024-07-10,25.3,17.1,68.0,1011.6,20.0,82.0,8.2,0
2024-07-11,23.9,14.7,68.0,1013.4,15.2,60.0,9.2,1
2024-07-12,19.3,14.1,80.0,1009.9,16.8,88.0,5.200000000000001,1
2024-07-13,20.5,13.3,78.0,1010.6,11.8,62.0,7.199999999999999,0
2024-07-14,22.6,12.0,72.0,1009.4,9.3,47.0,10.600000000000001,0
2024-07-15,26.9,12.7,70.0,1005.4,22.6,57.0,14.2,0
2024-07-16,22.5,15.4,67.0,1009.6,27.5,43.0,7.1,0
2024-07-17,24.2,13.1,69.0,1016.5,9.4,53.0,11.1,0
2024-07-18,29.0,14.5,65.0,1015.9,9.5,78.0,14.5,0
2024-07-19,31.8,17.3,60.0,1012.7,9.1,71.0,14.5,1
2024-07-20,30.4,18.3,62.0,1005.5,13.8,56.0,12.099999999999998,1
2024-07-21,25.1,18.6,77.0,1006.2,20.7,90.0,6.5,0
2024-07-22,24.7,14.4,65.0,1014.9,18.3,66.0,10.299999999999999,1
2024-07-23,23.7,17.3,71.0,1015.8,25.1,87.0,6.399999999999999,0
2024-07-24,24.8,13.5,66.0,1017.3,7.7,68.0,11.3,0
2024-07-25,28.3,15.7,59.0,1010.6,14.1,81.0,12.600000000000001,1
2024-07-26,23.9,18.9,81.0,1008.4,11.5,98.0,5.0,1
2024-07-27,19.7,16.6,88.0,1010.8,10.1,100.0,3.099999999999998,0
2024-07-28,24.5,10.8,73.0,1019.8,15.0,32.0,13.7,0
2024-07-29,29.3,14.2,67.0,1015.8,13.0,23.0,15.100000000000001,0
2024-07-30,33.8,19.3,69.0,1010.9,8.6,38.0,14.499999999999996,1
2024-07-31,31.3,21.6,77.0,1008.6,17.2,61.0,9.7,1
2024-08-01,28.7,20.5,85.0,1007.8,18.7,50.0,8.2,1
2024-08-02,27.2,18.5,75.0,1008.8,20.2,32.0,8.7,1
2024-08-03,24.3,14.9,72.0,1010.7,15.8,72.0,9.4,0
2024-08-04,23.4,15.9,70.0,1011.9,14.5,93.0,7.499999999999998,0
2024-08-05,27.6,13.3,68.0,1010.4,8.9,9.0,14.3,0
2024-08-06,28.5,15.3,66.0,1007.3,16.6,39.0,13.2,1
2024-08-07,23.6,16.5,64.0,1010.3,15.1,79.0,7.100000000000001,0
2024-08-08,27.1,17.3,61.0,1013.3,15.8,72.0,9.8,0
2024-08-09,25.3,18.0,69.0,1013.8,18.9,65.0,7.300000000000001,0
2024-08-10,27.6,15.0,68.0,1017.4,9.2,37.0,12.600000000000001,0
2024-08-11,31.9,17.3,54.0,1014.4,17.3,56.0,14.599999999999998,0
2024-08-12,35.6,20.8,57.0,1006.0,16.4,8.0,14.8,1
2024-08-13,27.2,19.8,73.0,1006.6,17.8,83.0,7.399999999999999,1
2024-08-14,25.9,19.1,77.0,1009.0,10.6,91.0,6.799999999999997,1
2024-08-15,25.9,18.0,70.0,1013.8,12.7,47.0,7.899999999999999,1
2024-08-16,25.5,16.6,70.0,1012.9,19.2,65.0,8.899999999999999,1
2024-08-17,21.6,17.8,86.0,1009.5,15.0,100.0,3.8000000000000007,1
2024-08-18,22.0,13.8,74.0,1010.6,19.9,91.0,8.2,0
2024-08-19,22.2,10.7,73.0,1014.1,8.2,41.0,11.5,1
2024-08-20,23.5,13.5,79.0,1009.5,21.1,53.0,10.0,0
2024-08-21,21.1,11.7,70.0,1015.6,13.7,78.0,9.400000000000002,0
2024-08-22,24.6,11.6,64.0,1009.9,17.7,57.0,13.000000000000002,1
2024-08-23,24.3,15.7,74.0,1006.5,28.6,77.0,8.600000000000001,1
2024-08-24,29.1,16.6,73.0,1004.9,27.8,27.0,12.5,0
2024-08-25,21.3,11.4,64.0,1017.5,17.3,19.0,9.9,0
2024-08-26,23.0,12.1,64.0,1018.4,9.7,37.0,10.9,0
2024-08-27,26.1,12.1,67.0,1015.2,10.5,45.0,14.000000000000002,0
2024-08-28,30.8,12.7,67.0,1010.0,15.5,23.0,18.1,1
2024-08-29,25.2,15.9,71.0,1013.5,14.5,79.0,9.299999999999999,1
2024-08-30,22.1,15.0,85.0,1015.5,15.7,97.0,7.100000000000001,1
2024-08-31,25.5,14.9,88.0,1014.0,14.0,63.0,10.6,0
2024-09-01,28.0,18.4,78.0,1009.0,19.0,55.0,9.600000000000001,0
2024-09-02,24.4,17.3,78.0,1009.1,16.1,51.0,7.099999999999998,1
2024-09-03,22.1,15.9,78.0,1010.7,14.5,99.0,6.200000000000001,1
2024-09-04,21.8,15.1,75.0,1012.1,10.3,86.0,6.700000000000001,1
2024-09-05,17.2,14.1,85.0,1006.1,24.9,100.0,3.0999999999999996,0
2024-09-06,23.0,11.1,80.0,1006.6,10.8,74.0,11.9,1
2024-09-07,23.5,15.5,85.0,1004.9,13.6,90.0,8.0,1
2024-09-08,20.4,12.6,80.0,1004.7,24.2,69.0,7.799999999999999,1
2024-09-09,20.0,14.5,84.0,1005.9,27.7,81.0,5.5,0
2024-09-10,17.6,11.0,74.0,1010.9,25.9,91.0,6.600000000000001,1
2024-09-11,16.3,11.1,72.0,1006.7,27.5,66.0,5.200000000000001,1
2024-09-12,15.3,7.7,74.0,1011.6,22.0,21.0,7.6000000000000005,1
2024-09-13,16.7,6.7,78.0,1021.0,18.8,28.0,10.0,0
2024-09-14,16.5,6.0,76.0,1026.9,10.7,45.0,10.5,0
2024-09-15,18.5,6.1,75.0,1024.0,9.7,23.0,12.4,0
2024-09-16,19.1,9.3,80.0,1021.6,18.1,71.0,9.8,0
2024-09-17,21.1,11.4,76.0,1020.9,26.3,39.0,9.700000000000001,0
2024-09-18,23.7,13.3,73.0,1017.5,28.6,21.0,10.399999999999999,0
2024-09-19,25.0,15.0,61.0,1014.4,23.3,5.0,10.0,1
2024-09-20,20.8,12.6,80.0,1013.0,18.1,38.0,8.200000000000001,1
2024-09-21,23.6,12.7,81.0,1012.5,16.9,44.0,10.900000000000002,1
2024-09-22,20.9,15.1,86.0,1008.5,13.9,96.0,5.799999999999999,1
2024-09-23,19.2,12.9,86.0,1004.4,17.7,67.0,6.299999999999999,1
2024-09-24,17.9,12.4,86.0,1002.0,27.4,81.0,5.499999999999998,1
2024-09-25,17.0,12.2,90.0,999.8,25.4,92.0,4.800000000000001,1
2024-09-26,18.8,13.9,86.0,990.2,31.8,78.0,4.9,1
2024-09-27,16.1,11.5,76.0,998.4,30.4,65.0,4.600000000000001,0
2024-09-28,13.8,6.5,77.0,1018.2,16.1,33.0,7.300000000000001,0
2024-09-29,15.0,4.2,77.0,1019.3,23.4,94.0,10.8,0
2024-09-30,18.1,11.4,79.0,1007.3,34.1,94.0,6.700000000000001,0
2024-10-01,17.3,11.0,76.0,1006.8,19.4,66.0,6.300000000000001,1
2024-10-02,16.4,11.2,81.0,1005.2,21.4,66.0,5.199999999999999,0
2024-10-03,14.4,9.0,78.0,1012.4,20.7,65.0,5.4,0
2024-10-04,15.4,4.7,79.0,1016.0,11.7,19.0,10.7,0
2024-10-05,16.5,4.3,79.0,1012.3,17.7,24.0,12.2,1
2024-10-06,16.8,9.5,86.0,1000.6,19.4,94.0,7.300000000000001,1
2024-10-07,18.0,13.3,90.0,997.3,21.0,93.0,4.699999999999999,0
2024-10-08,19.2,12.7,81.0,994.9,25.0,76.0,6.5,1
2024-10-09,16.8,13.0,91.0,985.0,24.7,97.0,3.8000000000000007,1
2024-10-10,15.6,9.5,87.0,997.8,20.9,60.0,6.1,0
2024-10-11,13.7,5.8,82.0,1012.0,8.9,44.0,7.8999999999999995,1
2024-10-12,15.3,6.6,86.0,1006.4,14.6,95.0,8.700000000000001,0
2024-10-13,14.6,7.8,79.0,1013.6,16.0,100.0,6.8,0
2024-10-14,21.4,9.8,81.0,1011.7,17.9,74.0,11.599999999999998,0
2024-10-15,20.1,10.7,91.0,1009.8,18.8,100.0,9.400000000000002,1
2024-10-16,24.7,15.0,80.0,1001.5,23.0,60.0,9.7,1
2024-10-17,18.2,15.3,93.0,1006.2,16.7,89.0,2.8999999999999986,1
2024-10-18,15.9,13.2,88.0,1010.5,17.9,100.0,2.700000000000001,1
2024-10-19,16.6,11.0,87.0,1011.5,22.9,86.0,5.600000000000001,1
2024-10-20,18.3,10.1,89.0,1014.6,23.1,100.0,8.200000000000001,1
2024-10-21,20.8,12.7,88.0,1017.1,26.9,72.0,8.100000000000001,0
2024-10-22,16.4,9.3,87.0,1025.8,16.5,34.0,7.099999999999998,0
2024-10-23,16.5,7.1,89.0,1028.5,12.1,49.0,9.4,0
2024-10-24,17.7,5.9,90.0,1018.2,13.7,10.0,11.799999999999999,1
2024-10-25,19.5,12.0,89.0,1011.8,21.0,64.0,7.5,1
2024-10-26,17.8,12.0,95.0,1011.0,7.3,83.0,5.800000000000001,1
2024-10-27,16.2,12.6,92.0,1016.4,10.0,96.0,3.5999999999999996,0
2024-10-28,17.5,10.5,91.0,1021.6,10.9,57.0,7.0,0
2024-10-29,14.4,7.5,93.0,1022.5,10.7,54.0,6.9,0
2024-10-30,15.1,10.3,89.0,1023.3,11.7,98.0,4.799999999999999,0
2024-10-31,15.7,10.0,90.0,1022.7,8.0,80.0,5.699999999999999,0
2024-11-01,11.8,9.6,92.0,1021.6,7.0,100.0,2.200000000000001,0
2024-11-02,12.6,9.0,86.0,1023.8,16.4,96.0,3.5999999999999996,0
2024-11-03,12.9,7.4,85.0,1023.4,10.5,72.0,5.5,0
2024-11-04,14.6,6.7,94.0,1020.7,9.2,54.0,7.8999999999999995,0
2024-11-05,12.6,5.9,97.0,1019.1,8.9,82.0,6.699999999999999,0
2024-11-06,12.1,7.5,91.0,1025.1,10.6,93.0,4.6,0
2024-11-07,13.5,9.2,87.0,1025.2,14.8,98.0,4.300000000000001,0
2024-11-08,11.3,8.0,86.0,1020.9,10.8,100.0,3.3000000000000007,0
2024-11-09,13.5,8.8,92.0,1019.5,7.6,87.0,4.699999999999999,1
2024-11-10,11.9,7.0,91.0,1023.2,12.4,90.0,4.9,0
2024-11-11,13.4,5.2,87.0,1027.9,18.5,78.0,8.2,1
2024-11-12,10.5,6.9,83.0,1025.1,27.8,67.0,3.5999999999999996,0
2024-11-13,9.2,5.6,83.0,1027.5,13.0,82.0,3.5999999999999996,0
2024-11-14,12.5,4.2,88.0,1025.9,7.2,83.0,8.3,0
2024-11-15,10.5,6.5,85.0,1023.3,7.8,78.0,4.0,0
2024-11-16,9.4,5.9,81.0,1017.8,6.2,84.0,3.5,0
2024-11-17,10.4,4.3,87.0,1013.3,12.4,81.0,6.1000000000000005,1
2024-11-18,10.7,6.6,91.0,1009.3,19.7,90.0,4.1,1
2024-11-19,12.0,7.3,89.0,997.2,27.0,97.0,4.7,1
2024-11-20,6.7,1.8,81.0,1004.4,23.9,59.0,4.9,1
2024-11-21,1.6,-0.9,92.0,997.4,22.0,94.0,2.5,1
2024-11-22,3.5,-2.5,86.0,1006.4,19.6,63.0,6.0,0
2024-11-23,11.8,1.1,79.0,1011.6,23.7,91.0,10.700000000000001,0
2024-11-24,17.9,12.0,58.0,1005.2,29.2,91.0,5.899999999999999,1
2024-11-25,17.7,8.3,76.0,1002.4,24.1,92.0,9.399999999999999,1
2024-11-26,10.9,7.4,88.0,1014.6,15.2,59.0,3.5,1
2024-11-27,13.4,7.4,89.0,1013.0,22.6,95.0,6.0,0
2024-11-28,8.8,3.9,85.0,1022.6,8.0,54.0,4.9,0
2024-11-29,8.0,1.1,86.0,1024.9,11.1,29.0,6.9,0
2024-11-30,6.4,0.0,89.0,1023.3,9.6,38.0,6.4,0
2024-12-01,11.0,1.0,95.0,1017.5,12.7,88.0,10.0,0
2024-12-02,12.1,7.0,89.0,1013.1,16.8,59.0,5.1,1
2024-12-03,8.1,3.6,89.0,1017.3,12.1,47.0,4.5,0
2024-12-04,7.0,2.4,95.0,1023.2,9.3,92.0,4.6,1
2024-12-05,12.5,4.6,90.0,1015.3,23.5,100.0,7.9,1
2024-12-06,13.5,6.9,78.0,1012.9,29.6,60.0,6.6,1
2024-12-07,11.8,5.7,82.0,1000.1,29.4,79.0,6.1000000000000005,1
2024-12-08,8.4,6.4,85.0,1002.4,24.7,98.0,2.0,1
2024-12-09,6.5,4.9,84.0,1017.3,20.2,99.0,1.5999999999999996,0
2024-12-10,6.1,4.7,84.0,1021.4,15.8,100.0,1.3999999999999995,0
2024-12-11,5.6,4.6,83.0,1024.0,12.6,100.0,1.0,0
2024-12-12,4.6,3.4,85.0,1025.4,9.2,97.0,1.1999999999999997,0
2024-12-13,3.3,-0.1,87.0,1021.6,8.2,85.0,3.4,0
2024-12-14,4.9,-0.7,94.0,1020.4,10.1,96.0,5.6000000000000005,0
2024-12-15,9.7,2.8,91.0,1027.4,12.7,69.0,6.8999999999999995,0
2024-12-16,10.5,8.4,90.0,1031.7,12.9,99.0,2.0999999999999996,0
2024-12-17,8.6,5.7,93.0,1025.1,13.4,99.0,2.8999999999999995,1
2024-12-18,13.7,6.4,85.0,1014.1,22.4,94.0,7.299999999999999,1
2024-12-19,13.7,3.4,82.0,1004.7,25.4,70.0,10.299999999999999,0
2024-12-20,7.9,2.9,83.0,1019.2,14.4,52.0,5.0,1
2024-12-21,10.9,6.5,90.0,1014.9,23.0,96.0,4.4,1
2024-12-22,11.3,3.4,82.0,1005.5,29.1,81.0,7.9,1
2024-12-23,7.5,4.7,72.0,1016.8,22.1,81.0,2.8,1
2024-12-24,9.4,5.1,93.0,1023.8,7.9,100.0,4.300000000000001,0
2024-12-25,10.7,8.2,96.0,1029.6,7.9,100.0,2.5,0
2024-12-26,8.4,4.0,93.0,1030.2,9.4,58.0,4.4,0
2024-12-27,5.3,-1.3,92.0,1028.4,5.2,14.0,6.6,0
2024-12-28,1.6,-0.7,97.0,1026.4,9.0,92.0,2.3,0
2024-12-29,4.7,1.2,92.0,1027.3,6.3,100.0,3.5,0
2024-12-30,4.1,2.4,91.0,1027.8,7.9,100.0,1.6999999999999997,0
2024-12-31,5.6,1.7,90.0,1025.4,15.7,99.0,3.8999999999999995,0
2025-01-01,8.8,4.2,88.0,1017.0,25.2,100.0,4.6000000000000005,1
2025-01-02,9.7,1.2,94.0,1012.0,26.6,89.0,8.5,0
2025-01-03,4.1,-1.8,89.0,1020.3,8.3,2.0,5.8999999999999995,1
2025-01-04,2.3,-3.0,86.0,1013.9,13.8,90.0,5.3,1
2025-01-05,12.2,0.8,88.0,994.9,28.3,100.0,11.399999999999999,1
2025-01-06,12.8,6.0,76.0,987.4,33.0,68.0,6.800000000000001,1
2025-01-07,6.8,3.3,77.0,999.7,21.7,67.0,3.5,1
2025-01-08,11.9,3.0,93.0,997.8,31.0,100.0,8.9,1
2025-01-09,10.9,2.1,86.0,1000.1,22.7,86.0,8.8,0
2025-01-10,5.4,1.8,86.0,1015.3,10.0,84.0,3.6000000000000005,0
2025-01-11,2.1,-0.8,92.0,1023.7,8.6,89.0,2.9000000000000004,0
2025-01-12,4.1,-0.9,92.0,1034.5,7.9,67.0,5.0,0
2025-01-13,4.1,-2.0,82.0,1036.1,9.0,8.0,6.1,0
2025-01-14,2.6,-4.0,85.0,1032.7,4.9,30.0,6.6,0
2025-01-15,5.6,-1.4,96.0,1030.3,7.2,86.0,7.0,0
2025-01-16,5.3,0.6,92.0,1030.4,12.1,80.0,4.7,0
2025-01-17,3.2,-1.7,93.0,1031.6,6.1,70.0,4.9,0
2025-01-18,2.2,-1.0,90.0,1025.6,9.0,85.0,3.2,0
2025-01-19,0.9,-1.7,95.0,1018.9,6.2,87.0,2.6,0
2025-01-20,0.5,-1.8,91.0,1015.6,5.8,86.0,2.3,0
2025-01-21,4.3,-2.6,93.0,1011.3,9.8,70.0,6.9,1
2025-01-22,9.0,1.5,96.0,1000.0,14.3,100.0,7.5,1
2025-01-23,8.9,4.5,87.0,1004.7,23.3,94.0,4.4,1
2025-01-24,12.2,7.6,80.0,1002.0,26.8,100.0,4.6,1
2025-01-25,12.2,7.3,88.0,1000.1,21.2,99.0,4.8999999999999995,1
2025-01-26,9.8,0.7,87.0,1000.5,26.3,91.0,9.100000000000001,1
2025-01-27,12.4,8.0,79.0,988.1,30.5,62.0,4.4,1
2025-01-28,11.0,6.6,81.0,989.1,25.6,69.0,4.4,1
2025-01-29,8.3,5.2,88.0,1001.1,25.8,86.0,3.1000000000000005,1
2025-01-30,8.0,2.8,88.0,1011.1,18.4,67.0,5.2,1
2025-01-31,4.9,0.7,92.0,1024.0,14.4,76.0,4.2,0
2025-02-01,6.5,-1.9,85.0,1024.9,7.6,18.0,8.4,0
2025-02-02,6.3,-2.1,88.0,1019.8,6.6,0.0,8.4,0
2025-02-03,5.5,-2.1,96.0,1023.3,4.8,74.0,7.6,0
2025-02-04,4.2,-0.2,93.0,1024.8,10.1,73.0,4.4,0
2025-02-05,7.7,0.7,92.0,1033.2,5.9,92.0,7.0,0
2025-02-06,5.1,1.3,87.0,1033.6,16.3,99.0,3.8,1
2025-02-07,6.1,2.7,79.0,1017.0,15.0,100.0,3.3999999999999995,1
2025-02-08,6.9,3.8,81.0,1013.1,15.6,95.0,3.1000000000000005,1
2025-02-09,7.1,3.0,88.0,1020.6,11.7,92.0,4.1,1
2025-02-10,6.4,3.1,94.0,1015.5,13.2,98.0,3.3000000000000003,0
2025-02-11,6.3,2.2,86.0,1014.8,12.5,99.0,4.1,0
2025-02-12,5.4,1.0,87.0,1013.9,7.2,100.0,4.4,0
2025-02-13,6.6,2.7,80.0,1016.5,8.8,90.0,3.8999999999999995,0
2025-02-14,4.5,-0.9,77.0,1020.6,11.7,39.0,5.4,0
2025-02-15,4.2,-2.2,79.0,1017.3,12.8,65.0,6.4,0
2025-02-16,6.2,-1.1,80.0,1013.4,9.0,42.0,7.300000000000001,0
2025-02-17,6.4,-1.7,80.0,1016.1,9.1,40.0,8.1,0
2025-02-18,7.9,-0.7,79.0,1015.5,12.3,89.0,8.6,0
2025-02-19,9.7,0.3,80.0,1014.0,11.1,94.0,9.399999999999999,1
2025-02-20,13.7,6.9,92.0,1017.5,12.9,98.0,6.799999999999999,0
2025-02-21,15.7,9.1,84.0,1013.6,13.5,99.0,6.6,1
2025-02-22,12.8,8.4,83.0,1011.9,18.9,79.0,4.4,0
2025-02-23,14.0,3.9,82.0,1022.9,14.9,39.0,10.1,1
2025-02-24,12.3,8.5,82.0,1015.9,17.1,87.0,3.8000000000000007,1
2025-02-25,8.9,6.7,94.0,1009.2,25.4,88.0,2.2,1
2025-02-26,10.8,3.5,82.0,1014.6,26.0,55.0,7.300000000000001,0
2025-02-27,9.7,3.0,80.0,1015.4,18.0,24.0,6.699999999999999,0
2025-02-28,9.0,1.9,83.0,1022.2,11.1,27.0,7.1,0
2025-03-01,7.4,0.6,82.0,1026.0,18.3,39.0,6.800000000000001,0
2025-03-02,10.4,0.2,77.0,1027.6,12.9,26.0,10.200000000000001,0
2025-03-03,11.4,-0.9,80.0,1024.3,6.6,12.0,12.3,0
2025-03-04,13.0,0.4,79.0,1021.4,6.9,75.0,12.6,0
2025-03-05,16.3,0.2,80.0,1019.2,5.4,0.0,16.1,0
2025-03-06,16.8,3.7,71.0,1014.1,10.5,11.0,13.100000000000001,0
2025-03-07,16.6,6.2,69.0,1011.0,10.2,17.0,10.400000000000002,0
2025-03-08,17.9,7.2,67.0,1004.7,12.5,42.0,10.7,0
2025-03-09,17.1,8.1,67.0,998.2,12.7,75.0,9.000000000000002,1
2025-03-10,13.0,8.5,83.0,997.0,9.8,99.0,4.5,0
2025-03-11,11.5,4.5,90.0,999.3,13.1,95.0,7.0,1
2025-03-12,7.2,2.4,82.0,998.0,12.5,98.0,4.800000000000001,1
2025-03-13,7.7,2.3,82.0,996.4,11.5,68.0,5.4,1
2025-03-14,6.7,-0.2,80.0,1003.2,12.9,35.0,6.9,0
2025-03-15,8.3,1.0,69.0,1010.8,20.2,83.0,7.300000000000001,0
2025-03-16,10.5,1.8,68.0,1014.4,15.9,82.0,8.7,0
2025-03-17,11.5,0.8,66.0,1019.7,16.1,9.0,10.7,0
2025-03-18,12.5,1.5,63.0,1018.0,12.7,0.0,11.0,0
2025-03-19,17.0,5.2,70.0,1017.8,10.2,7.0,11.8,0
2025-03-20,18.6,5.5,74.0,1016.2,9.3,32.0,13.100000000000001,1
2025-03-21,19.6,9.2,72.0,1005.3,15.9,100.0,10.400000000000002,1
2025-03-22,16.8,10.9,87.0,996.7,13.8,97.0,5.9,1
2025-03-23,13.1,7.2,82.0,998.2,12.5,70.0,5.8999999999999995,1
2025-03-24,15.3,5.6,83.0,1009.6,8.8,42.0,9.700000000000001,0
2025-03-25,13.7,7.3,80.0,1017.9,11.8,95.0,6.3999999999999995,0
2025-03-26,14.3,7.3,82.0,1019.1,11.4,69.0,7.000000000000001,0
2025-03-27,14.9,3.5,78.0,1016.9,7.6,0.0,11.4,1
2025-03-28,12.6,3.8,88.0,1010.7,16.9,79.0,8.8,0
2025-03-29,13.2,5.4,69.0,1016.4,15.7,35.0,7.799999999999999,0
2025-03-30,15.6,5.5,73.0,1018.1,18.0,69.0,10.1,0
2025-03-31,13.9,4.6,78.0,1022.0,11.2,4.0,9.3,0
2025-04-01,14.2,4.8,63.0,1018.0,24.7,1.0,9.399999999999999,0
2025-04-02,16.4,6.5,61.0,1012.2,17.1,8.0,9.899999999999999,0
2025-04-03,20.1,7.4,67.0,1013.1,14.2,45.0,12.700000000000001,0
2025-04-04,22.9,10.6,64.0,1011.9,13.9,48.0,12.299999999999999,0
2025-04-05,23.7,9.1,59.0,1009.9,14.6,2.0,14.6,0
2025-04-06,18.0,8.5,52.0,1013.9,14.6,18.0,9.5,0
2025-04-07,17.3,4.1,43.0,1018.5,9.7,0.0,13.200000000000001,0
2025-04-08,18.6,3.9,51.0,1019.9,9.4,37.0,14.700000000000001,0
2025-04-09,18.5,6.0,55.0,1019.3,16.7,1.0,12.5,0
2025-04-10,15.8,5.1,64.0,1023.6,12.5,4.0,10.700000000000001,0
2025-04-11,22.0,5.4,55.0,1017.5,11.5,0.0,16.6,1
2025-04-12,21.8,9.0,59.0,1004.4,19.3,60.0,12.8,1
2025-04-13,17.6,12.2,75.0,1002.5,15.5,70.0,5.400000000000002,0
2025-04-14,19.7,7.7,67.0,1002.4,13.3,71.0,12.0,1
2025-04-15,18.5,11.1,74.0,994.1,19.1,84.0,7.4,0
2025-04-16,15.3,8.2,59.0,1004.1,11.3,100.0,7.100000000000001,0
2025-04-17,16.7,6.3,60.0,1008.1,12.2,76.0,10.399999999999999,0
2025-04-18,19.4,6.5,57.0,1008.7,18.7,52.0,12.899999999999999,1
2025-04-19,20.5,8.9,62.0,1000.5,17.0,87.0,11.6,1
2025-04-20,15.9,10.8,73.0,1000.2,16.8,89.0,5.1,1
2025-04-21,15.2,9.8,81.0,1005.6,11.9,91.0,5.399999999999999,0
2025-04-22,16.9,7.1,79.0,1013.8,7.9,72.0,9.799999999999999,1
2025-04-23,14.7,8.2,79.0,1009.9,19.5,67.0,6.5,1
2025-04-24,16.8,9.0,78.0,1014.6,12.6,61.0,7.800000000000001,0
2025-04-25,15.7,7.1,78.0,1016.6,10.3,72.0,8.6,0
2025-04-26,18.7,7.9,72.0,1015.0,13.4,70.0,10.799999999999999,0
2025-04-27,20.5,10.8,67.0,1019.1,12.8,34.0,9.7,0
2025-04-28,24.2,9.4,61.0,1020.9,13.1,6.0,14.799999999999999,0
2025-04-29,26.7,10.7,45.0,1019.2,13.7,0.0,16.0,0
2025-04-30,29.0,12.3,39.0,1016.5,11.0,0.0,16.7,0
2025-05-01,30.2,14.3,42.0,1013.1,14.6,28.0,15.899999999999999,0
2025-05-02,29.6,15.2,48.0,1010.7,14.3,39.0,14.400000000000002,1
2025-05-03,24.9,15.5,72.0,1007.0,16.0,61.0,9.399999999999999,1
2025-05-04,15.5,8.9,66.0,1009.3,18.5,72.0,6.6,0
2025-05-05,14.0,5.9,63.0,1011.6,18.2,59.0,8.1,0
2025-05-06,15.3,6.9,61.0,1014.7,20.0,42.0,8.4,0
2025-05-07,15.5,7.8,66.0,1015.1,15.9,67.0,7.7,0
2025-05-08,18.1,8.5,59.0,1011.8,16.1,72.0,9.600000000000001,0
2025-05-09,20.0,9.4,46.0,1012.1,16.8,43.0,10.6,0
2025-05-10,24.1,9.5,43.0,1011.3,16.7,19.0,14.600000000000001,1
2025-05-11,24.6,13.4,59.0,1006.3,13.6,43.0,11.200000000000001,1
2025-05-12,19.3,13.2,75.0,1007.6,10.4,97.0,6.100000000000001,1
2025-05-13,20.6,10.7,79.0,1011.9,12.0,70.0,9.900000000000002,0
2025-05-14,24.7,10.5,67.0,1013.0,14.7,13.0,14.2,0
2025-05-15,17.8,8.6,64.0,1015.7,18.5,55.0,9.200000000000001,0
2025-05-16,19.9,8.6,61.0,1017.2,15.3,1.0,11.299999999999999,0
2025-05-17,18.5,9.3,61.0,1015.9,13.0,73.0,9.2,0
2025-05-18,20.2,8.2,64.0,1014.4,10.7,23.0,12.0,0
2025-05-19,22.9,8.0,57.0,1012.5,12.9,40.0,14.899999999999999,0
2025-05-20,25.5,11.5,47.0,1012.5,14.4,46.0,14.0,1
2025-05-21,17.6,11.2,64.0,1011.9,14.2,100.0,6.400000000000002,1
2025-05-22,18.8,8.0,68.0,1013.1,13.4,51.0,10.8,0
2025-05-23,18.1,7.8,54.0,1015.7,10.5,40.0,10.3,1
2025-05-24,20.2,8.1,65.0,1013.9,18.6,97.0,12.1,1
2025-05-25,20.5,14.2,72.0,1010.8,20.1,84.0,6.300000000000001,0
2025-05-26,18.7,10.1,64.0,1016.0,14.1,79.0,8.6,0
2025-05-27,19.6,12.0,69.0,1015.6,24.2,93.0,7.600000000000001,1
2025-05-28,21.1,14.1,73.0,1015.7,20.9,83.0,7.000000000000002,0
2025-05-29,24.5,11.6,66.0,1019.5,14.0,86.0,12.9,0
2025-05-30,30.2,14.3,64.0,1016.6,9.9,5.0,15.899999999999999,1
2025-05-31,29.8,16.6,71.0,1013.3,14.1,73.0,13.2,1
2025-06-01,22.5,15.7,67.0,1012.6,12.4,83.0,6.800000000000001,1
2025-06-02,21.8,13.5,63.0,1013.5,10.3,44.0,8.3,0
2025-06-03,24.4,11.9,52.0,1008.4,19.6,21.0,12.499999999999998,1
2025-06-04,20.3,13.9,65.0,1005.6,12.9,84.0,6.4,1
2025-06-05,18.7,13.0,76.0,1005.8,24.1,90.0,5.699999999999999,1
2025-06-06,20.9,13.9,75.0,1007.0,20.3,84.0,6.999999999999998,1
2025-06-07,19.9,13.6,74.0,1007.3,23.5,85.0,6.299999999999999,1
2025-06-08,18.7,11.8,70.0,1014.1,19.8,48.0,6.899999999999999,0
2025-06-09,22.2,9.8,69.0,1019.3,9.3,31.0,12.399999999999999,0
2025-06-10,25.5,11.5,70.0,1015.4,16.6,66.0,14.0,0
2025-06-11,27.6,13.2,67.0,1014.5,12.1,28.0,14.400000000000002,0
2025-06-12,31.6,17.1,51.0,1009.2,15.5,48.0,14.5,1
2025-06-13,32.9,20.0,62.0,1012.6,21.5,51.0,12.899999999999999,1
2025-06-14,27.2,20.1,77.0,1013.1,12.6,81.0,7.099999999999998,0
2025-06-15,22.4,16.9,63.0,1019.0,14.0,74.0,5.5,0
2025-06-16,26.7,11.7,59.0,1023.5,10.2,22.0,15.0,0
2025-06-17,28.9,14.5,54.0,1021.2,12.0,26.0,14.399999999999999,0
2025-06-18,29.1,15.5,50.0,1020.1,11.1,13.0,13.600000000000001,0
2025-06-19,31.1,17.5,50.0,1019.1,15.5,0.0,13.600000000000001,0
2025-06-20,31.7,19.1,43.0,1017.6,13.4,40.0,12.599999999999998,0
2025-06-21,35.8,18.6,38.0,1014.1,12.4,21.0,17.199999999999996,0
2025-06-22,29.1,22.8,44.0,1011.8,11.9,71.0,6.300000000000001,0
2025-06-23,25.4,17.6,57.0,1012.5,21.2,53.0,7.799999999999997,0
2025-06-24,30.1,13.6,48.0,1012.7,10.4,1.0,16.5,1
2025-06-25,35.9,17.8,52.0,1008.3,16.6,69.0,18.099999999999998,1
2025-06-26,26.0,18.3,72.0,1011.1,18.3,76.0,7.699999999999999,0
2025-06-27,27.4,19.4,69.0,1018.9,13.2,81.0,8.0,0
2025-06-28,28.4,18.4,68.0,1021.4,9.7,28.0,10.0,0
2025-06-29,29.7,18.2,66.0,1020.2,11.4,18.0,11.5,0
2025-06-30,35.2,20.0,56.0,1013.7,11.6,23.0,15.200000000000003,0
2025-07-01,38.7,23.2,38.0,1010.2,10.4,9.0,15.500000000000004,1
2025-07-02,33.0,20.2,57.0,1011.5,20.1,16.0,12.8,0
2025-07-03,25.9,16.0,52.0,1021.3,13.0,6.0,9.899999999999999,0
2025-07-04,27.6,14.2,43.0,1022.7,11.3,18.0,13.400000000000002,0
2025-07-05,26.9,14.9,41.0,1015.8,13.6,75.0,11.999999999999998,1
2025-07-06,20.6,15.0,83.0,1006.4,18.0,88.0,5.600000000000001,1
2025-07-07,18.6,14.6,82.0,1005.3,17.9,75.0,4.000000000000002,1
2025-07-08,20.4,13.1,70.0,1013.0,15.9,39.0,7.299999999999999,0
2025-07-09,24.2,10.9,67.0,1018.1,7.0,15.0,13.299999999999999,0
2025-07-10,27.2,13.5,61.0,1018.2,11.1,20.0,13.7,0
2025-07-11,29.5,17.2,56.0,1014.6,14.9,0.0,12.3,0
2025-07-12,28.9,17.7,53.0,1010.2,11.8,17.0,11.2,0
2025-07-13,31.1,17.3,45.0,1007.3,14.7,20.0,13.8,1
2025-07-14,28.2,18.8,63.0,1012.0,17.2,64.0,9.399999999999999,1
2025-07-15,24.9,16.9,53.0,1015.8,19.3,79.0,8.0,1
2025-07-16,21.8,18.8,69.0,1014.1,20.6,91.0,3.0,0
2025-07-17,25.9,16.1,74.0,1014.2,7.2,63.0,9.799999999999997,0
2025-07-18,31.3,18.6,58.0,1009.0,11.8,68.0,12.7,1
2025-07-19,26.7,21.1,58.0,1002.3,21.2,82.0,5.599999999999998,1
2025-07-20,23.3,17.1,76.0,1000.2,19.6,69.0,6.199999999999999,1
2025-07-21,20.9,16.1,78.0,999.7,19.8,86.0,4.799999999999997,0
2025-07-22,21.5,16.0,71.0,1008.9,18.8,68.0,5.5,1
2025-07-23,21.4,16.1,81.0,1009.7,10.3,86.0,5.299999999999997,1
2025-07-24,21.4,14.5,85.0,1010.7,12.9,91.0,6.899999999999999,1
2025-07-25,24.1,15.2,78.0,1013.4,8.7,22.0,8.900000000000002,0
2025-07-26,25.6,15.7,76.0,1014.1,17.1,25.0,9.900000000000002,1
2025-07-27,21.5,16.9,81.0,1012.1,17.6,83.0,4.600000000000001,1
2025-07-28,21.8,13.9,70.0,1015.6,12.8,37.0,7.9,1
2025-07-29,22.5,13.4,75.0,1016.2,12.8,41.0,9.1,1
2025-07-30,22.9,15.9,80.0,1014.5,11.4,61.0,6.999999999999998,1
2025-07-31,24.2,15.2,76.0,1014.2,13.9,47.0,9.0,1
2025-08-01,22.3,15.9,77.0,1010.5,15.2,60.0,6.4,0
2025-08-02,21.1,13.1,72.0,1013.3,12.2,56.0,8.000000000000002,0
2025-08-03,24.4,12.2,69.0,1017.0,12.3,54.0,12.2,0
2025-08-04,28.2,17.9,72.0,1015.8,14.4,77.0,10.3,1
2025-08-05,22.5,16.1,67.0,1017.9,15.7,24.0,6.399999999999999,0
2025-08-06,23.1,12.2,65.0,1020.2,8.5,73.0,10.900000000000002,0
2025-08-07,28.8,14.3,50.0,1013.9,10.1,21.0,14.5,0
2025-08-08,27.2,15.3,62.0,1014.8,12.1,45.0,11.899999999999999,0
2025-08-09,27.7,16.3,62.0,1017.3,15.0,35.0,11.399999999999999,0
2025-08-10,28.0,12.9,58.0,1022.0,10.5,0.0,15.1,0
2025-08-11,31.7,15.5,47.0,1016.5,11.2,0.0,16.2,0
2025-08-12,35.2,19.9,44.0,1010.1,12.5,2.0,15.300000000000004,1
2025-08-13,34.4,19.2,57.0,1011.2,7.8,71.0,15.2,0
2025-08-14,30.8,19.9,64.0,1014.1,13.5,48.0,10.900000000000002,0
2025-08-15,31.2,16.9,54.0,1018.5,13.1,0.0,14.3,0
2025-08-16,27.7,18.3,61.0,1018.7,16.0,3.0,9.399999999999999,0
2025-08-17,26.8,15.3,57.0,1016.8,12.1,0.0,11.5,0
2025-08-18,28.2,15.7,56.0,1013.3,10.1,11.0,12.5,0
2025-08-19,29.4,16.9,58.0,1008.8,13.3,78.0,12.5,1
2025-08-20,23.4,17.5,79.0,1007.4,13.0,99.0,5.899999999999999,1
2025-08-21,23.4,14.7,69.0,1009.1,16.0,60.0,8.7,0
2025-08-22,21.0,11.9,64.0,1015.9,11.8,40.0,9.1,0
2025-08-23,23.9,11.5,64.0,1016.3,12.4,68.0,12.399999999999999,0
2025-08-24,23.9,12.4,57.0,1015.8,8.9,4.0,11.499999999999998,0
2025-08-25,28.4,12.4,49.0,1012.8,7.2,25.0,15.999999999999998,0
2025-08-26,29.1,16.3,49.0,1006.5,14.3,60.0,12.8,0
2025-08-27,26.7,18.6,56.0,1004.5,15.1,86.0,8.099999999999998,0
2025-08-28,23.6,17.2,58.0,1001.6,15.6,64.0,6.400000000000002,1
2025-08-29,20.8,15.1,74.0,997.6,20.6,72.0,5.700000000000001,0
2025-08-30,22.1,13.3,73.0,1004.3,19.0,55.0,8.8,1
2025-08-31,22.0,15.8,83.0,1003.9,16.9,98.0,6.199999999999999,1
2025-09-01,21.2,13.8,80.0,1004.1,13.9,58.0,7.399999999999999,1
2025-09-02,18.4,12.4,85.0,1004.5,19.8,60.0,5.999999999999998,0
2025-09-03,24.4,16.3,77.0,1002.9,28.7,69.0,8.099999999999998,1
2025-09-04,20.6,14.7,76.0,1007.5,19.4,60.0,5.900000000000002,1
2025-09-05,21.3,12.0,75.0,1017.0,10.8,41.0,9.3,0
2025-09-06,24.1,11.8,69.0,1015.4,15.3,48.0,12.3,0
2025-09-07,30.2,14.9,67.0,1008.0,13.1,37.0,15.299999999999999,0
2025-09-08,23.0,17.3,68.0,1012.9,11.4,69.0,5.699999999999999,0
2025-09-09,22.2,12.8,61.0,1012.3,9.0,53.0,9.399999999999999,1
2025-09-10,20.8,12.3,71.0,1003.9,19.4,68.0,8.5,1
2025-09-11,20.3,13.1,77.0,1005.3,21.8,40.0,7.200000000000001,0
2025-09-12,19.6,11.8,68.0,1011.9,18.8,29.0,7.800000000000001,1
2025-09-13,18.9,12.3,83.0,1010.9,20.9,91.0,6.599999999999998,0
2025-09-14,20.3,13.0,89.0,1010.0,19.8,80.0,7.300000000000001,1
2025-09-15,19.9,15.1,71.0,1009.9,25.8,49.0,4.799999999999999,0
2025-09-16,18.6,12.0,72.0,1017.7,20.6,76.0,6.600000000000001,0
2025-09-17,21.6,12.9,75.0,1018.5,12.0,53.0,8.700000000000001,0
2025-09-18,23.8,12.8,75.0,1019.0,7.4,3.0,11.0,0
2025-09-19,30.7,12.5,66.0,1016.5,9.8,24.0,18.2,1
2025-09-20,22.5,19.6,74.0,1010.6,18.8,93.0,2.8999999999999986,0
2025-09-21,18.5,12.7,74.0,1011.9,14.9,68.0,5.800000000000001,1
2025-09-22,17.0,9.4,71.0,1016.3,22.8,52.0,7.6,1
2025-09-23,15.1,9.8,76.0,1018.4,19.0,98.0,5.299999999999999,1
2025-09-24,11.6,10.1,90.0,1017.3,17.8,100.0,1.5,1
2025-09-25,12.3,9.4,84.0,1016.5,10.1,99.0,2.9000000000000004,1
2025-09-26,14.0,9.7,84.0,1016.0,6.8,77.0,4.300000000000001,1
2025-09-27,15.4,8.6,84.0,1016.4,8.0,69.0,6.800000000000001,0
2025-09-28,18.8,7.6,80.0,1016.6,7.8,74.0,11.200000000000001,0
2025-09-29,19.4,8.7,79.0,1018.6,8.5,38.0,10.7,0
2025-09-30,18.0,9.6,77.0,1021.1,9.9,25.0,8.4,0
2025-10-01,19.0,8.0,78.0,1023.3,7.2,35.0,11.0,0
2025-10-02,17.7,8.6,73.0,1021.8,7.9,59.0,9.1,1
2025-10-03,16.2,11.0,80.0,1013.5,18.4,100.0,5.199999999999999,1
2025-10-04,18.2,11.0,78.0,1004.3,28.5,60.0,7.199999999999999,0
2025-10-05,16.3,10.3,73.0,1014.4,20.1,29.0,6.0,0
2025-10-06,16.0,9.4,81.0,1022.4,12.0,74.0,6.6,0
2025-10-07,18.1,9.3,85.0,1021.6,4.1,58.0,8.8,0
2025-10-08,17.3,9.3,87.0,1019.1,7.1,93.0,8.0,0
2025-10-09,18.1,11.6,80.0,1022.6,8.3,85.0,6.500000000000002,0
2025-10-10,15.1,9.6,85.0,1028.5,9.2,86.0,5.5,0
2025-10-11,18.2,10.4,82.0,1028.5,10.8,51.0,7.799999999999999,0
2025-10-12,17.4,9.1,83.0,1025.0,11.2,3.0,8.299999999999999,0
2025-10-13,16.5,9.7,84.0,1022.0,15.8,52.0,6.800000000000001,0
2025-10-14,17.0,12.1,81.0,1021.7,14.9,68.0,4.9,0
2025-10-15,15.7,10.6,83.0,1022.0,12.9,70.0,5.1,0
2025-10-16,14.4,9.5,78.0,1020.6,13.1,86.0,4.9,0
2025-10-17,16.5,8.9,79.0,1019.6,12.7,28.0,7.6,0
2025-10-18,16.4,7.3,73.0,1018.5,12.3,65.0,9.099999999999998,1
2025-10-19,15.4,8.3,83.0,1006.7,17.5,100.0,7.1,1
2025-10-20,17.2,13.1,85.0,993.8,24.1,86.0,4.1,1
2025-10-21,16.6,12.0,81.0,994.0,21.4,75.0,4.600000000000001,1
2025-10-22,16.3,12.0,89.0,994.3,23.8,98.0,4.300000000000001,1
2025-10-23,16.3,9.0,80.0,986.8,29.4,70.0,7.300000000000001,1
2025-10-24,12.4,6.3,77.0,1002.2,21.0,45.0,6.1000000000000005,0
2025-10-25,12.7,9.1,81.0,1001.6,22.1,40.0,3.5999999999999996,0
2025-10-26,11.4,6.9,75.0,1007.5,17.1,61.0,4.5,1
2025-10-27,14.9,9.2,78.0,1005.8,24.2,80.0,5.700000000000001,0
2025-10-28,15.3,10.0,83.0,1009.5,22.2,82.0,5.300000000000001,1
2025-10-29,14.3,10.1,90.0,1000.8,15.5,93.0,4.200000000000001,0
2025-10-30,13.5,7.5,83.0,1006.0,16.6,59.0,6.0,0
2025-10-31,16.0,8.1,83.0,1005.6,16.0,75.0,7.9,1
2025-11-01,15.7,12.0,83.0,1004.7,19.1,80.0,3.6999999999999993,1
2025-11-02,13.3,8.7,83.0,1009.1,20.8,52.0,4.600000000000001,0
2025-11-03,15.6,7.4,86.0,1016.3,18.3,55.0,8.2,0
2025-11-04,16.2,8.1,84.0,1014.1,13.2,81.0,8.1,0
2025-11-05,16.8,10.5,75.0,1009.0,13.3,65.0,6.300000000000001,1
2025-11-06,14.6,11.1,91.0,1004.3,13.0,95.0,3.5,0
2025-11-07,14.6,9.1,91.0,1004.6,13.6,61.0,5.5,1
2025-11-08,13.4,8.4,94.0,1009.7,8.0,58.0,5.0,0
2025-11-09,12.3,6.8,92.0,1015.1,9.6,68.0,5.500000000000001,1
2025-11-10,11.7,6.9,90.0,1008.7,15.6,80.0,4.799999999999999,0
2025-11-11,14.9,8.5,90.0,1008.5,18.6,85.0,6.4,0
2025-11-12,15.2,8.3,80.0,1005.5,13.6,92.0,6.899999999999999,0
2025-11-13,16.4,12.2,75.0,1005.5,16.6,89.0,4.199999999999999,1
2025-11-14,18.4,13.9,76.0,1000.3,13.7,100.0,4.499999999999998,1
2025-11-15,14.4,10.6,96.0,1003.1,11.8,97.0,3.8000000000000007,0
2025-11-16,12.4,8.2,95.0,1003.7,12.4,89.0,4.200000000000001,0
2025-11-17,9.0,3.8,81.0,1013.1,16.9,43.0,5.2,0
2025-11-18,8.0,-0.7,85.0,1017.2,14.2,44.0,8.7,1
2025-11-19,6.9,4.3,84.0,1003.8,21.4,88.0,2.6000000000000005,0
2025-11-20,4.5,0.3,83.0,1009.2,15.2,70.0,4.2,0
2025-11-21,4.1,-0.2,86.0,1018.0,13.6,59.0,4.3,0
2025-11-22,1.7,-2.5,90.0,1022.5,15.6,80.0,4.2,1
2025-11-23,7.3,0.3,94.0,1005.1,19.1,100.0,7.0,1
2025-11-24,9.5,5.8,90.0,993.1,18.5,76.0,3.7,1
2025-11-25,8.0,4.5,84.0,1003.2,20.5,51.0,3.5,0
2025-11-26,8.4,2.9,88.0,1017.1,12.4,34.0,5.5,0
2025-11-27,8.2,2.3,87.0,1018.2,12.5,95.0,5.8999999999999995,1
2025-11-28,10.9,7.7,95.0,1013.4,15.1,90.0,3.2,1
2025-11-29,11.5,7.2,95.0,1006.0,20.2,100.0,4.3,0
2025-11-30,8.4,3.6,87.0,1010.1,13.5,49.0,4.800000000000001,0
2025-12-01,7.7,2.0,84.0,1011.3,17.5,91.0,5.7,0
2025-12-02,9.9,7.0,78.0,1004.0,17.6,98.0,2.9000000000000004,0
2025-12-03,10.0,6.0,88.0,1007.0,9.2,81.0,4.0,1
2025-12-04,9.0,4.7,92.0,1000.7,19.2,80.0,4.3,1
2025-12-05,6.8,-0.2,91.0,1005.3,22.6,64.0,7.0,1
2025-12-06,12.3,6.2,85.0,1001.2,25.5,75.0,6.1000000000000005,1
2025-12-07,14.9,10.1,91.0,1004.7,21.9,100.0,4.800000000000001,1
2025-12-08,15.8,12.0,85.0,1010.2,18.7,99.0,3.8000000000000007,0
2025-12-09,14.8,9.0,83.0,1008.8,15.7,93.0,5.800000000000001,0
2025-12-10,13.7,8.3,90.0,1015.1,14.0,97.0,5.399999999999999,0
2025-12-11,10.1,4.4,97.0,1018.7,12.0,81.0,5.699999999999999,0
2025-12-12,11.3,7.7,95.0,1015.9,9.4,96.0,3.6000000000000005,0
2025-12-13,9.6,6.9,98.0,1023.5,7.5,99.0,2.6999999999999993,0
2025-12-14,7.8,6.2,96.0,1020.6,12.1,100.0,1.5999999999999996,0
2025-12-15,10.7,4.9,90.0,1009.6,14.7,71.0,5.799999999999999,0
2025-12-16,13.2,8.0,88.0,1006.3,15.5,57.0,5.199999999999999,0
2025-12-17,10.3,7.3,91.0,1014.6,12.3,80.0,3.000000000000001,0
2025-12-18,14.5,6.3,79.0,1011.1,21.9,96.0,8.2,1
2025-12-19,13.2,7.4,90.0,1013.7,19.5,100.0,5.799999999999999,1
2025-12-20,9.8,5.9,97.0,1010.4,11.4,98.0,3.9000000000000004,1
2025-12-21,11.2,7.7,96.0,1002.6,21.4,95.0,3.499999999999999,0
2025-12-22,10.8,7.0,89.0,1002.6,14.9,100.0,3.8000000000000007,0
2025-12-23,8.1,3.4,86.0,1008.6,13.1,97.0,4.699999999999999,0
2025-12-24,5.2,-0.4,71.0,1017.9,21.1,66.0,5.6000000000000005,0
2025-12-25,1.7,-1.2,73.0,1018.3,20.5,35.0,2.9,0
2025-12-26,2.8,-2.6,83.0,1021.1,9.4,12.0,5.4,0
2025-12-27,3.3,-1.3,84.0,1024.7,10.0,4.0,4.6,0
2025-12-28,2.7,-1.6,90.0,1024.6,12.8,50.0,4.300000000000001,0
2025-12-29,2.9,-4.1,84.0,1021.2,11.4,15.0,7.0,0
2025-12-30,5.1,0.4,85.0,1024.9,11.9,42.0,4.699999999999999,0
2025-12-31,3.5,-2.7,90.0,1024.5,9.3,18.0,6.2,0
2026-01-01,3.8,-3.5,90.0,1011.7,15.8,70.0,7.3,1
2026-01-02,4.2,-1.3,93.0,1003.7,17.8,60.0,5.5,0
2026-01-03,3.1,-2.0,83.0,1006.2,14.8,12.0,5.1,0
2026-01-04,2.8,-4.1,81.0,1010.3,9.0,27.0,6.8999999999999995,1
2026-01-05,-0.5,-3.6,90.0,1009.9,12.1,56.0,3.1,0
2026-01-06,0.3,-6.3,90.0,1014.4,10.7,27.0,6.6,1
2026-01-07,2.5,-1.8,89.0,1008.0,21.3,85.0,4.3,1
2026-01-08,10.1,2.2,94.0,1000.8,29.4,100.0,7.8999999999999995,1
2026-01-09,10.0,3.9,81.0,990.0,33.6,95.0,6.1,1
2026-01-10,4.3,2.0,79.0,1007.6,24.2,90.0,2.3,0
2026-01-11,4.6,-0.8,84.0,1017.8,17.2,99.0,5.3999999999999995,1
2026-01-12,11.6,4.1,85.0,1007.1,21.5,100.0,7.5,1
2026-01-13,11.8,7.6,80.0,1005.9,15.8,99.0,4.200000000000001,1
2026-01-14,12.3,8.3,87.0,1009.2,14.6,95.0,4.0,1
2026-01-15,12.2,8.0,84.0,1005.1,21.3,96.0,4.199999999999999,1
2026-01-16,10.8,7.2,88.0,1006.3,22.2,94.0,3.6000000000000005,0
2026-01-17,11.1,6.4,93.0,1010.4,9.7,98.0,4.699999999999999,0
2026-01-18,9.7,6.3,85.0,1013.0,9.7,80.0,3.3999999999999995,0
2026-01-19,9.6,2.4,89.0,1013.3,10.1,84.0,7.199999999999999,0
2026-01-20,9.2,5.3,89.0,1010.6,18.1,83.0,3.8999999999999995,1
2026-01-21,12.6,7.9,79.0,995.4,18.0,93.0,4.699999999999999,1
2026-01-22,11.3,7.0,87.0,987.7,17.8,76.0,4.300000000000001,1
2026-01-23,9.1,5.2,87.0,986.7,19.6,88.0,3.8999999999999995,0
2026-01-24,8.7,3.1,85.0,993.0,14.1,55.0,5.6,1
2026-01-25,7.5,3.4,92.0,990.8,15.9,89.0,4.1,0
2026-01-26,8.3,3.0,93.0,997.0,11.7,81.0,5.300000000000001,1
2026-01-27,9.0,4.7,91.0,988.7,20.4,100.0,4.3,0
2026-01-28,7.1,2.1,93.0,990.9,10.1,100.0,5.0,0
2026-01-29,5.1,0.0,95.0,994.2,11.9,92.0,5.1,1
2026-01-30,10.8,3.7,88.0,989.7,18.6,87.0,7.1000000000000005,0
2026-01-31,8.2,5.4,92.0,995.6,15.3,88.0,2.799999999999999,1
2026-02-01,8.8,4.4,96.0,999.6,13.9,81.0,4.4,1
2026-02-02,10.2,2.4,89.0,992.5,13.7,97.0,7.799999999999999,1
2026-02-03,9.8,6.6,91.0,988.4,18.5,92.0,3.200000000000001,0
2026-02-04,10.6,3.3,85.0,988.1,15.9,50.0,7.3,1
2026-02-05,11.3,7.6,90.0,981.0,15.4,100.0,3.700000000000001,1
2026-02-06,12.7,8.1,86.0,984.6,16.2,79.0,4.6,0
2026-02-07,12.6,6.1,83.0,996.7,19.8,71.0,6.5,1
2026-02-08,12.4,4.1,84.0,1001.2,10.8,78.0,8.3,1
2026-02-09,10.2,3.4,89.0,998.6,16.5,93.0,6.799999999999999,1
2026-02-10,13.0,8.1,90.0,987.7,21.6,96.0,4.9,1
2026-02-11,12.9,9.8,86.0,983.0,24.4,96.0,3.0999999999999996,1
2026-02-12,11.9,8.3,81.0,980.7,26.0,88.0,3.5999999999999996,1
2026-02-13,9.7,6.9,92.0,988.2,15.1,88.0,2.799999999999999,1
2026-02-14,7.5,-0.1,78.0,1004.1,21.8,89.0,7.6,1
2026-02-15,9.1,-0.8,88.0,1006.9,25.8,94.0,9.9,1
2026-02-16,10.1,6.5,78.0,997.9,25.6,52.0,3.5999999999999996,0
2026-02-17,7.8,4.0,73.0,1009.2,19.4,80.0,3.8,1
2026-02-18,8.6,2.8,90.0,1001.6,19.1,100.0,5.8,1
2026-02-19,11.0,6.0,90.0,992.8,17.8,98.0,5.0,0
2026-02-20,11.3,5.3,78.0,1016.6,18.0,96.0,6.000000000000001,0
2026-02-21,15.6,9.7,80.0,1020.6,18.4,97.0,5.9,1
2026-02-22,13.7,10.8,87.0,1019.5,18.9,100.0,2.8999999999999986,0
2026-02-23,14.8,9.5,78.0,1016.9,18.9,93.0,5.300000000000001,0
2026-02-24,15.4,10.8,86.0,1015.8,15.0,75.0,4.6,0
2026-02-25,18.9,6.9,84.0,1013.8,9.0,33.0,11.999999999999998,0
2026-02-26,17.9,9.3,77.0,1017.3,12.4,35.0,8.599999999999998,1
2026-02-27,14.4,9.7,82.0,1012.7,18.3,48.0,4.700000000000001,0
2026-02-28,12.4,7.1,73.0,1016.3,24.2,46.0,5.300000000000001,0
2026-03-01,12.5,4.3,77.0,1019.0,18.6,45.0,8.2,0
2026-03-02,16.6,5.7,71.0,1014.5,10.8,10.0,10.900000000000002,0
2026-03-03,17.0,5.0,77.0,1019.6,6.5,33.0,12.0,0
2026-03-04,17.8,5.8,72.0,1019.8,11.0,0.0,12.0,0
2026-03-05,17.2,5.8,73.0,1013.4,8.0,34.0,11.399999999999999,0
2026-03-06,17.4,7.4,80.0,1015.6,5.8,86.0,9.999999999999998,0
2026-03-07,17.6,8.0,83.0,1019.1,8.7,61.0,9.600000000000001,0
2026-03-08,16.4,6.8,89.0,1018.4,6.0,39.0,9.599999999999998,0
2026-03-09,17.0,6.8,81.0,1015.7,9.9,17.0,10.2,1
2026-03-10,15.5,9.0,82.0,1013.8,11.8,77.0,6.5,1
2026-03-11,12.8,7.7,81.0,1011.8,23.0,67.0,5.1000000000000005,0
2026-03-12,12.6,4.3,77.0,1017.5,21.8,42.0,8.3,1
2026-03-13,11.7,6.1,88.0,1004.0,24.1,91.0,5.6,1
2026-03-14,9.2,2.3,80.0,1001.1,14.7,63.0,6.8999999999999995,0
2026-03-15,12.2,1.1,73.0,1011.8,13.5,26.0,11.1,0
2026-03-16,11.8,7.1,72.0,1015.2,17.0,95.0,4.700000000000001,0
2026-03-17,15.9,5.6,75.0,1015.5,10.5,40.0,10.3,0
2026-03-18,15.0,7.2,63.0,1014.5,19.0,0.0,7.8,0
2026-03-19,16.2,5.8,63.0,1017.7,13.7,6.0,10.399999999999999,0
2026-03-20,16.4,4.0,65.0,1015.2,10.4,43.0,12.399999999999999,0
2026-03-21,16.2,5.9,71.0,1011.3,11.0,26.0,10.299999999999999,0
2026-03-22,14.8,4.5,71.0,1009.5,12.0,29.0,10.3,0
2026-03-23,15.8,4.6,71.0,1015.3,8.6,76.0,11.200000000000001,0
2026-03-24,17.2,5.3,70.0,1015.8,18.1,81.0,11.899999999999999,1
2026-03-25,11.5,4.6,71.0,1007.3,28.7,67.0,6.9,1
2026-03-26,9.2,2.3,69.0,1016.1,16.8,30.0,6.8999999999999995,0
2026-03-27,10.3,0.3,73.0,1019.8,8.4,61.0,10.0,1
2026-03-28,10.4,5.1,74.0,1019.0,19.6,61.0,5.300000000000001,0
2026-03-29,11.0,2.2,71.0,1026.4,13.5,50.0,8.8,0
2026-03-30,12.3,7.6,71.0,1020.1,22.9,69.0,4.700000000000001,1
2026-03-31,10.7,5.3,81.0,1025.5,12.6,89.0,5.3999999999999995,1
2026-04-01,11.9,7.8,91.0,1020.6,7.3,97.0,4.1000000000000005,1
2026-04-02,13.5,6.8,82.0,1015.4,13.0,74.0,6.7,1
2026-04-03,13.3,3.1,83.0,1015.4,19.2,76.0,10.200000000000001,1
2026-04-04,17.9,11.5,78.0,1016.3,17.3,77.0,6.399999999999999,1
2026-04-05,15.3,8.9,69.0,1016.2,19.1,77.0,6.4,0
2026-04-06,16.7,3.8,72.0,1022.3,8.8,45.0,12.899999999999999,0
2026-04-07,23.1,6.7,67.0,1017.7,11.5,4.0,16.400000000000002,0
2026-04-08,24.3,8.3,60.0,1017.8,6.5,0.0,16.0,1
2026-04-09,26.5,8.9,65.0,1015.0,19.0,36.0,17.6,0
2026-04-10,17.2,8.2,51.0,1015.1,17.2,92.0,9.0,1
2026-04-11,16.5,8.4,71.0,1006.7,20.6,99.0,8.1,0
2026-04-12,14.0,5.8,66.0,1011.6,9.8,100.0,8.2,1
2026-04-13,14.3,7.4,76.0,1009.7,9.0,80.0,6.9,0
2026-04-14,17.8,4.0,64.0,1015.6,10.2,42.0,13.8,0
2026-04-15,18.1,6.8,60.0,1016.3,14.7,46.0,11.3,0
2026-04-16,19.0,9.0,63.0,1018.0,10.5,64.0,10.0,0
2026-04-17,21.2,8.5,56.0,1017.4,9.0,72.0,12.7,1
2026-04-18,21.6,11.3,61.0,1016.7,16.7,51.0,10.3,0
2026-04-19,18.0,6.3,62.0,1018.6,13.4,44.0,11.7,0
2026-04-20,15.8,6.2,57.0,1016.4,16.4,67.0,9.600000000000001,0
2026-04-21,15.4,5.0,56.0,1016.1,21.1,28.0,10.4,0
2026-04-22,18.8,7.5,44.0,1016.8,19.7,25.0,11.3,0
2026-04-23,22.1,7.7,38.0,1020.8,16.5,0.0,14.400000000000002,0
2026-04-24,23.1,8.1,36.0,1017.8,14.7,2.0,15.000000000000002,0
2026-04-25,23.8,6.8,42.0,1015.5,13.8,29.0,17.0,0
2026-04-26,22.8,7.5,37.0,1018.0,10.3,49.0,15.3,0
2026-04-27,22.5,8.4,47.0,1016.9,11.9,94.0,14.1,0
2026-04-28,20.9,10.2,48.0,1012.8,15.6,46.0,10.7,0
2026-04-29,24.5,12.9,38.0,1012.5,22.3,58.0,11.6,0
2026-04-30,24.2,12.4,28.0,1015.2,18.4,0.0,11.799999999999999,1
2026-05-01,26.0,11.9,42.0,1016.8,11.5,26.0,14.1,1
2026-05-02,25.6,13.5,67.0,1013.1,17.2,79.0,12.100000000000001,1
2026-05-03,19.3,14.5,78.0,1007.8,12.6,91.0,4.800000000000001,1
2026-05-04,17.2,12.7,89.0,1008.1,7.5,100.0,4.5,1
2026-05-05,15.6,12.0,92.0,1004.5,14.0,100.0,3.5999999999999996,1
2026-05-06,14.4,9.4,81.0,1005.7,15.2,97.0,5.0,0
2026-05-07,16.1,9.5,71.0,1010.8,8.5,63.0,6.600000000000001,0
2026-05-08,19.5,7.4,69.0,1011.4,9.5,9.0,12.1,1
2026-05-09,23.4,9.4,70.0,1010.0,10.5,61.0,13.999999999999998,1
2026-05-10,17.2,12.7,80.0,1005.7,14.8,100.0,4.5,1
2026-05-11,13.5,8.8,79.0,1004.8,17.3,87.0,4.699999999999999,0
2026-05-12,14.3,5.8,70.0,1012.0,10.5,59.0,8.5,1
2026-05-13,13.1,9.2,75.0,1003.9,23.1,62.0,3.9000000000000004,1
2026-05-14,12.0,7.1,77.0,997.8,15.4,53.0,4.9,1
2026-05-15,12.9,4.8,77.0,1001.8,17.3,53.0,8.100000000000001,1
2026-05-16,14.6,5.7,72.0,1006.6,13.3,58.0,8.899999999999999,1
2026-05-17,15.8,10.4,84.0,1008.6,11.4,99.0,5.4,1
2026-05-18,15.0,8.3,78.0,1011.1,14.8,84.0,6.699999999999999,1
2026-05-19,17.4,10.3,82.0,1011.8,20.6,84.0,7.099999999999998,1
2026-05-20,19.4,12.9,74.0,1018.4,19.0,62.0,6.499999999999998,0
2026-05-21,23.4,11.0,73.0,1023.3,8.3,38.0,12.399999999999999,0
2026-05-22,27.1,12.8,68.0,1021.9,6.4,14.0,14.3,0
2026-05-23,29.1,15.3,64.0,1022.8,5.9,23.0,13.8,0
2026-05-24,30.4,17.1,65.0,1024.5,11.3,9.0,13.299999999999997,0
2026-05-25,31.8,18.4,61.0,1025.1,13.0,25.0,13.400000000000002,0
2026-05-26,32.3,17.3,48.0,1022.5,9.8,5.0,14.999999999999996,0
2026-05-27,31.7,18.0,49.0,1019.0,10.9,4.0,13.7,0
2026-05-28,31.9,19.7,52.0,1017.9,10.6,43.0,12.2,0
2026-05-29,33.1,20.1,52.0,1017.9,10.0,66.0,13.0,0
2026-05-30,32.2,20.6,63.0,1014.9,13.6,60.0,11.600000000000001,1
2026-05-31,22.4,16.4,64.0,1014.1,15.1,80.0,6.0,0
2026-06-01,25.0,13.8,60.0,1013.1,11.1,77.0,11.2,1
2026-06-02,21.1,14.5,75.0,1004.7,21.4,82.0,6.600000000000001,1
2026-06-03,19.7,12.9,75.0,1006.4,25.5,73.0,6.799999999999999,1
2026-06-04,19.6,14.8,74.0,1001.5,22.8,81.0,4.800000000000001,0
2026-06-05,18.3,11.4,68.0,1010.1,13.7,54.0,6.9,1
2026-06-06,20.1,13.0,65.0,1010.2,22.2,73.0,7.100000000000001,0
2026-06-07,21.9,11.2,63.0,1018.4,15.2,68.0,10.7,1
2026-06-08,21.8,13.8,71.0,1012.6,20.8,91.0,8.0,1
2026-06-09,18.9,10.2,65.0,1014.8,17.6,56.0,8.7,1
2026-06-10,17.6,11.9,70.0,1015.3,15.9,80.0,5.700000000000001,0
2026-06-11,17.9,9.7,69.0,1019.3,17.3,74.0,8.2,0
2026-06-12,25.2,16.1,68.0,1019.8,19.1,79.0,9.099999999999998,0
2026-06-13,27.4,15.7,60.0,1019.0,15.7,45.0,11.7,0
2026-06-14,25.9,13.3,48.0,1015.5,11.5,22.0,12.599999999999998,1
2026-06-15,29.5,14.6,50.0,1012.1,14.3,51.0,14.9,0
2026-06-16,26.5,20.4,57.0,1011.0,12.1,66.0,6.100000000000001,0
2026-06-17,32.4,17.8,51.0,1015.0,9.9,18.0,14.599999999999998,1
2026-06-18,36.3,18.4,57.0,1013.2,20.2,35.0,17.9,1
2026-06-19,34.8,21.7,53.0,1009.9,17.2,42.0,13.099999999999998,1
2026-06-20,32.8,19.1,64.0,1014.3,12.0,40.0,13.699999999999996,0
2026-06-21,37.1,20.1,57.0,1018.2,14.5,23.0,17.0,0
2026-06-22,36.5,24.3,51.0,1018.4,14.0,26.0,12.2,0
2026-06-23,37.1,24.2,49.0,1015.3,17.0,38.0,12.900000000000002,0
2026-06-24,40.3,25.2,38.0,1012.1,12.7,29.0,15.099999999999998,0
2026-06-25,39.8,26.9,33.0,1010.5,16.2,54.0,12.899999999999999,1
2026-06-26,36.3,26.3,39.0,1010.9,15.2,47.0,9.999999999999996,1
2026-06-27,35.8,21.6,47.0,1011.5,19.3,37.0,14.199999999999996,1
2026-06-28,30.2,20.9,69.0,1014.6,12.8,45.0,9.3,1
2026-06-29,26.8,16.3,57.0,1021.1,13.8,66.0,10.5,0
2026-06-30,27.6,15.2,56.0,1018.8,15.7,46.0,12.400000000000002,0
2026-07-01,24.5,15.6,56.0,1019.7,14.8,45.0,8.9,0
2026-07-02,25.7,15.3,65.0,1020.7,18.9,38.0,10.399999999999999,0
2026-07-03,27.8,15.1,56.0,1023.1,14.4,29.0,12.700000000000001,0
2026-07-04,30.1,14.0,44.0,1023.5,15.2,0.0,16.1,0
2026-07-05,29.1,16.9,59.0,1020.7,13.9,41.0,12.200000000000003,0
2026-07-06,33.7,17.6,46.0,1016.9,10.8,63.0,16.1,0
2026-07-07,33.8,21.1,32.0,1013.2,16.6,70.0,12.699999999999996,0
2026-07-08,33.9,18.7,38.0,1014.0,12.9,11.0,15.2,0
2026-07-09,33.0,21.9,44.0,1012.6,13.6,1.0,11.100000000000001,0
2026-07-10,33.7,21.7,41.0,1009.8,17.5,48.0,12.000000000000004,0
2026-07-11,35.3,22.9,34.0,1011.5,15.6,23.0,12.399999999999999,0
2026-07-12,34.9,22.8,34.0,1013.4,18.6,49.0,12.099999999999998,0
2026-07-13,34.7,23.8,35.0,1011.1,18.5,64.0,10.900000000000002,0
2026-07-14,34.4,21.3,46.0,1011.7,13.7,74.0,13.099999999999998,0
2026-07-15,32.0,23.8,37.0,1013.3,13.6,75.0,8.2,1
2026-07-16,33.1,21.5,44.0,1011.9,11.2,59.0,11.600000000000001,1
2026-07-17,24.7,18.4,75.0,1010.8,14.4,72.0,6.300000000000001,1
2026-07-18,27.9,17.1,61.0,1012.8,16.1,20.0,10.799999999999997,0
2026-07-19,23.7,13.9,54.0,1016.9,15.9,52.0,9.799999999999999,0
2026-07-20,24.0,13.0,50.0,1019.6,15.8,46.0,11.0,0
2026-07-21,25.5,13.6,49.0,1020.9,13.5,5.0,11.9,0
2026-07-22,25.3,14.6,54.0,1020.2,16.3,32.0,10.700000000000001,0
2026-07-23,24.8,15.6,51.0,1018.3,14.0,38.0,9.200000000000001,0
2026-07-24,27.7,15.5,50.0,1013.8,13.1,49.0,12.2,0
2026-07-25,30.1,17.1,47.0,1006.3,16.5,16.0,13.0,0
2026-07-26,24.8,16.5,63.0,1006.2,22.9,51.0,8.3,0
2026-07-27,26.7,16.1,55.0,1013.8,14.5,24.0,10.599999999999998,0
2026-07-28,32.4,16.7,47.0,1015.8,10.5,0.0,15.7,0
2026-07-29,38.1,20.9,33.0,1011.2,15.4,0.0,17.200000000000003,1
2026-07-30,30.8,20.0,60.0,1011.8,11.1,44.0,10.8,0
2026-07-31,27.3,18.2,65.0,1012.8,13.3,65.0,9.100000000000001,0
2026-08-01,27.5,17.2,59.0,1013.8,10.2,63.0,10.3,0
2026-08-02,31.6,16.2,42.0,1010.4,10.1,44.0,15.400000000000002,1
2026-08-03,34.3,20.7,46.0,1006.1,15.0,64.0,13.599999999999998,1
2026-08-04,31.0,21.3,59.0,1008.2,16.4,47.0,9.7,0
2026-08-05,27.3,19.8,54.0,1012.9,15.7,38.0,7.5,0
2026-08-06,24.8,16.2,51.0,1018.5,15.0,34.0,8.600000000000001,0
2026-08-07,26.9,12.9,46.0,1019.0,11.8,0.0,13.999999999999998,0
2026-08-08,31.1,15.3,36.0,1014.6,8.3,14.0,15.8,0
2026-08-09,32.9,19.6,34.0,1010.4,19.0,47.0,13.299999999999997,0
2026-08-10,31.3,19.1,45.0,1013.0,13.7,2.0,12.2,0
2026-08-11,32.2,18.4,46.0,1016.6,12.8,0.0,13.800000000000004,0
2026-08-12,35.1,20.7,28.0,1017.0,10.9,0.0,14.400000000000002,0
2026-08-13,37.6,22.3,27.0,1015.9,8.8,2.0,15.3,0
2026-08-14,39.1,23.7,26.0,1012.3,12.5,14.0,15.400000000000002,0
2026-08-15,29.8,20.8,59.0,1010.5,19.5,56.0,9.0,1
2026-08-16,30.0,20.0,65.0,1011.8,9.9,49.0,10.0,0
