id_prediction,date_execution,date_cible,probabilite,niveau_risque,confiance,version_modele,source_features,y_reel
1,2019-12-31T06:00:00,2020-01-02,0.6218,élevé,faible,1.0.0,proxy_saisonnier,1
2,2020-01-01T06:00:00,2020-01-02,0.373,modéré,faible,1.0.0,observee,1
3,2020-01-01T06:00:00,2020-01-03,0.6218,élevé,faible,1.0.0,proxy_saisonnier,0
4,2020-01-02T06:00:00,2020-01-03,0.7157,élevé,modérée,1.0.0,observee,0
5,2020-01-02T06:00:00,2020-01-04,0.6218,élevé,faible,1.0.0,proxy_saisonnier,0
6,2020-01-03T06:00:00,2020-01-04,0.5491,modéré,faible,1.0.0,observee,0
7,2020-01-03T06:00:00,2020-01-05,0.6218,élevé,faible,1.0.0,proxy_saisonnier,0
8,2020-01-04T06:00:00,2020-01-05,0.2741,faible,modérée,1.0.0,observee,0
9,2020-01-04T06:00:00,2020-01-06,0.6218,élevé,faible,1.0.0,proxy_saisonnier,0
10,2020-01-05T06:00:00,2020-01-06,0.1478,faible,haute,1.0.0,observee,0
11,2020-01-05T06:00:00,2020-01-07,0.6218,élevé,faible,1.0.0,proxy_saisonnier,0
12,2020-01-06T06:00:00,2020-01-07,0.1571,faible,haute,1.0.0,observee,0
13,2020-01-06T06:00:00,2020-01-08,0.6218,élevé,faible,1.0.0,proxy_saisonnier,1
14,2020-01-07T06:00:00,2020-01-08,0.3277,faible,modérée,1.0.0,observee,1
15,2020-01-07T06:00:00,2020-01-09,0.6218,élevé,faible,1.0.0,proxy_saisonnier,1
16,2020-01-08T06:00:00,2020-01-09,0.6457,élevé,faible,1.0.0,observee,1
17,2020-01-08T06:00:00,2020-01-10,0.6218,élevé,faible,1.0.0,proxy_saisonnier,0
18,2020-01-09T06:00:00,2020-01-10,0.7542,élevé,modérée,1.0.0,observee,0
19,2020-01-09T06:00:00,2020-01-11,0.6218,élevé,faible,1.0.0,proxy_saisonnier,0
20,2020-01-10T06:00:00,2020-01-11,0.4935,modéré,faible,1.0.0,observee,0
21,2020-01-10T06:00:00,2020-01-12,0.6218,élevé,faible,1.0.0,proxy_saisonnier,0
22,2020-01-11T06:00:00,2020-01-12,0.1554,faible,haute,1.0.0,observee,0
23,2020-01-11T06:00:00,2020-01-13,0.6218,élevé,faible,1.0.0,proxy_saisonnier,1
24,2020-01-12T06:00:00,2020-01-13,0.3638,modéré,faible,1.0.0,observee,1
25,2020-01-12T06:00:00,2020-01-14,0.6218,élevé,faible,1.0.0,proxy_saisonnier,1
26,2020-01-13T06:00:00,2020-01-14,0.8604,élevé,haute,1.0.0,observee,1
27,2020-01-13T06:00:00,2020-01-15,0.6218,élevé,faible,1.0.0,proxy_saisonnier,0
28,2020-01-14T06:00:00,2020-01-15,0.8308,élevé,haute,1.0.0,observee,0
29,2020-01-14T06:00:00,2020-01-16,0.6218,élevé,faible,1.0.0,proxy_saisonnier,1
30,2020-01-15T06:00:00,2020-01-16,0.5111,modéré,faible,1.0.0,observee,1
31,2020-01-15T06:00:00,2020-01-17,0.6218,élevé,faible,1.0.0,proxy_saisonnier,0
32,2020-01-16T06:00:00,2020-01-17,0.5215,modéré,faible,1.0.0,observee,0
33,2020-01-16T06:00:00,2020-01-18,0.6218,élevé,faible,1.0.0,proxy_saisonnier,0
34,2020-01-17T06:00:00,2020-01-18,0.4715,modéré,faible,1.0.0,observee,0
35,2020-01-17T06:00:00,2020-01-19,0.6218,élevé,faible,1.0.0,proxy_saisonnier,0
36,2020-01-18T06:00:00,2020-01-19,0.0963,faible,haute,1.0.0,observee,0
37,2020-01-18T06:00:00,2020-01-20,0.6218,élevé,faible,1.0.0,proxy_saisonnier,0
38,2020-01-19T06:00:00,2020-01-20,0.0836,faible,haute,1.0.0,observee,0
39,2020-01-19T06:00:00,2020-01-21,0.6218,élevé,faible,1.0.0,proxy_saisonnier,0
40,2020-01-20T06:00:00,2020-01-21,0.0506,faible,haute,1.0.0,observee,0
41,2020-01-20T06:00:00,2020-01-22,0.6218,élevé,faible,1.0.0,proxy_saisonnier,0
42,2020-01-21T06:00:00,2020-01-22,0.0432,faible,haute,1.0.0,observee,0
43,2020-01-21T06:00:00,2020-01-23,0.6218,élevé,faible,1.0.0,proxy_saisonnier,0
44,2020-01-22T06:00:00,2020-01-23,0.0561,faible,haute,1.0.0,observee,0
45,2020-01-22T06:00:00,2020-01-24,0.6218,élevé,faible,1.0.0,proxy_saisonnier,0
46,2020-01-23T06:00:00,2020-01-24,0.0296,faible,haute,1.0.0,observee,0
47,2020-01-23T06:00:00,2020-01-25,0.6218,élevé,faible,1.0.0,proxy_saisonnier,1
48,2020-01-24T06:00:00,2020-01-25,0.1294,faible,haute,1.0.0,observee,1
49,2020-01-24T06:00:00,2020-01-26,0.6218,élevé,faible,1.0.0,proxy_saisonnier,1
50,2020-01-25T06:00:00,2020-01-26,0.4329,modéré,faible,1.0.0,observee,1
51,2020-01-25T06:00:00,2020-01-27,0.6218,élevé,faible,1.0.0,proxy_saisonnier,1
52,2020-01-26T06:00:00,2020-01-27,0.7335,élevé,modérée,1.0.0,observee,1
53,2020-01-26T06:00:00,2020-01-28,0.6218,élevé,faible,1.0.0,proxy_saisonnier,0
54,2020-01-27T06:00:00,2020-01-28,0.8959,élevé,haute,1.0.0,observee,0
55,2020-01-27T06:00:00,2020-01-29,0.6218,élevé,faible,1.0.0,proxy_saisonnier,1
56,2020-01-28T06:00:00,2020-01-29,0.5693,modéré,faible,1.0.0,observee,1
57,2020-01-28T06:00:00,2020-01-30,0.6218,élevé,faible,1.0.0,proxy_saisonnier,0
58,2020-01-29T06:00:00,2020-01-30,0.7465,élevé,modérée,1.0.0,observee,0
59,2020-01-29T06:00:00,2020-01-31,0.6218,élevé,faible,1.0.0,proxy_saisonnier,1
60,2020-01-30T06:00:00,2020-01-31,0.6699,élevé,modérée,1.0.0,observee,1
61,2020-01-30T06:00:00,2020-02-01,0.5473,modéré,faible,1.0.0,proxy_saisonnier,1
62,2020-01-31T06:00:00,2020-02-01,0.8579,élevé,haute,1.0.0,observee,1
63,2020-01-31T06:00:00,2020-02-02,0.5473,modéré,faible,1.0.0,proxy_saisonnier,1
64,2020-02-01T06:00:00,2020-02-02,0.8445,élevé,haute,1.0.0,observee,1
65,2020-02-01T06:00:00,2020-02-03,0.5473,modéré,faible,1.0.0,proxy_saisonnier,1
66,2020-02-02T06:00:00,2020-02-03,0.8826,élevé,haute,1.0.0,observee,1
67,2020-02-02T06:00:00,2020-02-04,0.5473,modéré,faible,1.0.0,proxy_saisonnier,0
68,2020-02-03T06:00:00,2020-02-04,0.8042,élevé,haute,1.0.0,observee,0
69,2020-02-03T06:00:00,2020-02-05,0.5473,modéré,faible,1.0.0,proxy_saisonnier,0
70,2020-02-04T06:00:00,2020-02-05,0.4647,modéré,faible,1.0.0,observee,0
71,2020-02-04T06:00:00,2020-02-06,0.5473,modéré,faible,1.0.0,proxy_saisonnier,0
72,2020-02-05T06:00:00,2020-02-06,0.1965,faible,haute,1.0.0,observee,0
73,2020-02-05T06:00:00,2020-02-07,0.5473,modéré,faible,1.0.0,proxy_saisonnier,1
74,2020-02-06T06:00:00,2020-02-07,0.0746,faible,haute,1.0.0,observee,1
75,2020-02-06T06:00:00,2020-02-08,0.5473,modéré,faible,1.0.0,proxy_saisonnier,1
76,2020-02-07T06:00:00,2020-02-08,0.5371,modéré,faible,1.0.0,observee,1
77,2020-02-07T06:00:00,2020-02-09,0.5473,modéré,faible,1.0.0,proxy_saisonnier,1
78,2020-02-08T06:00:00,2020-02-09,0.6435,élevé,faible,1.0.0,observee,1
79,2020-02-08T06:00:00,2020-02-10,0.5473,modéré,faible,1.0.0,proxy_saisonnier,1
80,2020-02-09T06:00:00,2020-02-10,0.7749,élevé,modérée,1.0.0,observee,1
81,2020-02-09T06:00:00,2020-02-11,0.5473,modéré,faible,1.0.0,proxy_saisonnier,0
82,2020-02-10T06:00:00,2020-02-11,0.7731,élevé,modérée,1.0.0,observee,0
83,2020-02-10T06:00:00,2020-02-12,0.5473,modéré,faible,1.0.0,proxy_saisonnier,1
84,2020-02-11T06:00:00,2020-02-12,0.4046,modéré,faible,1.0.0,observee,1
85,2020-02-11T06:00:00,2020-02-13,0.5473,modéré,faible,1.0.0,proxy_saisonnier,0
86,2020-02-12T06:00:00,2020-02-13,0.6354,élevé,faible,1.0.0,observee,0
87,2020-02-12T06:00:00,2020-02-14,0.5473,modéré,faible,1.0.0,proxy_saisonnier,1
88,2020-02-13T06:00:00,2020-02-14,0.6759,élevé,modérée,1.0.0,observee,1
89,2020-02-13T06:00:00,2020-02-15,0.5473,modéré,faible,1.0.0,proxy_saisonnier,1
90,2020-02-14T06:00:00,2020-02-15,0.6005,élevé,faible,1.0.0,observee,1
91,2020-02-14T06:00:00,2020-02-16,0.5473,modéré,faible,1.0.0,proxy_saisonnier,1
92,2020-02-15T06:00:00,2020-02-16,0.7284,élevé,modérée,1.0.0,observee,1
93,2020-02-15T06:00:00,2020-02-17,0.5473,modéré,faible,1.0.0,proxy_saisonnier,0
94,2020-02-16T06:00:00,2020-02-17,0.8151,élevé,haute,1.0.0,observee,0
95,2020-02-16T06:00:00,2020-02-18,0.5473,modéré,faible,1.0.0,proxy_saisonnier,1
96,2020-02-17T06:00:00,2020-02-18,0.4429,modéré,faible,1.0.0,observee,1
97,2020-02-17T06:00:00,2020-02-19,0.5473,modéré,faible,1.0.0,proxy_saisonnier,1
98,2020-02-18T06:00:00,2020-02-19,0.6392,élevé,faible,1.0.0,observee,1
99,2020-02-18T06:00:00,2020-02-20,0.5473,modéré,faible,1.0.0,proxy_saisonnier,0
100,2020-02-19T06:00:00,2020-02-20,0.6766,élevé,modérée,1.0.0,observee,0
101,2020-02-19T06:00:00,2020-02-21,0.5473,modéré,faible,1.0.0,proxy_saisonnier,0
102,2020-02-20T06:00:00,2020-02-21,0.572,modéré,faible,1.0.0,observee,0
103,2020-02-20T06:00:00,2020-02-22,0.5473,modéré,faible,1.0.0,proxy_saisonnier,1
104,2020-02-21T06:00:00,2020-02-22,0.112,faible,haute,1.0.0,observee,1
105,2020-02-21T06:00:00,2020-02-23,0.5473,modéré,faible,1.0.0,proxy_saisonnier,1
106,2020-02-22T06:00:00,2020-02-23,0.511,modéré,faible,1.0.0,observee,1
107,2020-02-22T06:00:00,2020-02-24,0.5473,modéré,faible,1.0.0,proxy_saisonnier,1
108,2020-02-23T06:00:00,2020-02-24,0.6516,élevé,modérée,1.0.0,observee,1
109,2020-02-23T06:00:00,2020-02-25,0.5473,modéré,faible,1.0.0,proxy_saisonnier,1
110,2020-02-24T06:00:00,2020-02-25,0.6804,élevé,modérée,1.0.0,observee,1
111,2020-02-24T06:00:00,2020-02-26,0.5473,modéré,faible,1.0.0,proxy_saisonnier,1
112,2020-02-25T06:00:00,2020-02-26,0.8745,élevé,haute,1.0.0,observee,1
113,2020-02-25T06:00:00,2020-02-27,0.5473,modéré,faible,1.0.0,proxy_saisonnier,1
114,2020-02-26T06:00:00,2020-02-27,0.7443,élevé,modérée,1.0.0,observee,1
115,2020-02-26T06:00:00,2020-02-28,0.5473,modéré,faible,1.0.0,proxy_saisonnier,1
116,2020-02-27T06:00:00,2020-02-28,0.7931,élevé,modérée,1.0.0,observee,1
117,2020-02-27T06:00:00,2020-02-29,0.5473,modéré,faible,1.0.0,proxy_saisonnier,1
118,2020-02-28T06:00:00,2020-02-29,0.7159,élevé,modérée,1.0.0,observee,1
119,2020-02-28T06:00:00,2020-03-01,0.4438,modéré,faible,1.0.0,proxy_saisonnier,1
120,2020-02-29T06:00:00,2020-03-01,0.8737,élevé,haute,1.0.0,observee,1
121,2020-02-29T06:00:00,2020-03-02,0.4438,modéré,faible,1.0.0,proxy_saisonnier,1
122,2020-03-01T06:00:00,2020-03-02,0.8918,élevé,haute,1.0.0,observee,1
123,2020-03-01T06:00:00,2020-03-03,0.4438,modéré,faible,1.0.0,proxy_saisonnier,1
124,2020-03-02T06:00:00,2020-03-03,0.8646,élevé,haute,1.0.0,observee,1
125,2020-03-02T06:00:00,2020-03-04,0.4438,modéré,faible,1.0.0,proxy_saisonnier,1
126,2020-03-03T06:00:00,2020-03-04,0.7934,élevé,modérée,1.0.0,observee,1
127,2020-03-03T06:00:00,2020-03-05,0.4438,modéré,faible,1.0.0,proxy_saisonnier,1
128,2020-03-04T06:00:00,2020-03-05,0.7836,élevé,modérée,1.0.0,observee,1
129,2020-03-04T06:00:00,2020-03-06,0.4438,modéré,faible,1.0.0,proxy_saisonnier,0
130,2020-03-05T06:00:00,2020-03-06,0.9266,élevé,haute,1.0.0,observee,0
131,2020-03-05T06:00:00,2020-03-07,0.4438,modéré,faible,1.0.0,proxy_saisonnier,1
132,2020-03-06T06:00:00,2020-03-07,0.7649,élevé,modérée,1.0.0,observee,1
133,2020-03-06T06:00:00,2020-03-08,0.4438,modéré,faible,1.0.0,proxy_saisonnier,1
134,2020-03-07T06:00:00,2020-03-08,0.7252,élevé,modérée,1.0.0,observee,1
135,2020-03-07T06:00:00,2020-03-09,0.4438,modéré,faible,1.0.0,proxy_saisonnier,1
136,2020-03-08T06:00:00,2020-03-09,0.7422,élevé,modérée,1.0.0,observee,1
137,2020-03-08T06:00:00,2020-03-10,0.4438,modéré,faible,1.0.0,proxy_saisonnier,0
138,2020-03-09T06:00:00,2020-03-10,0.6489,élevé,faible,1.0.0,observee,0
139,2020-03-09T06:00:00,2020-03-11,0.4438,modéré,faible,1.0.0,proxy_saisonnier,1
140,2020-03-10T06:00:00,2020-03-11,0.7411,élevé,modérée,1.0.0,observee,1
141,2020-03-10T06:00:00,2020-03-12,0.4438,modéré,faible,1.0.0,proxy_saisonnier,0
142,2020-03-11T06:00:00,2020-03-12,0.689,élevé,modérée,1.0.0,observee,0
143,2020-03-11T06:00:00,2020-03-13,0.4438,modéré,faible,1.0.0,proxy_saisonnier,1
144,2020-03-12T06:00:00,2020-03-13,0.4574,modéré,faible,1.0.0,observee,1
145,2020-03-12T06:00:00,2020-03-14,0.4438,modéré,faible,1.0.0,proxy_saisonnier,0
146,2020-03-13T06:00:00,2020-03-14,0.3657,modéré,faible,1.0.0,observee,0
147,2020-03-13T06:00:00,2020-03-15,0.4438,modéré,faible,1.0.0,proxy_saisonnier,1
148,2020-03-14T06:00:00,2020-03-15,0.4734,modéré,faible,1.0.0,observee,1
149,2020-03-14T06:00:00,2020-03-16,0.4438,modéré,faible,1.0.0,proxy_saisonnier,0
150,2020-03-15T06:00:00,2020-03-16,0.789,élevé,modérée,1.0.0,observee,0
151,2020-03-15T06:00:00,2020-03-17,0.4438,modéré,faible,1.0.0,proxy_saisonnier,0
152,2020-03-16T06:00:00,2020-03-17,0.422,modéré,faible,1.0.0,observee,0
153,2020-03-16T06:00:00,2020-03-18,0.4438,modéré,faible,1.0.0,proxy_saisonnier,0
154,2020-03-17T06:00:00,2020-03-18,0.2367,faible,modérée,1.0.0,observee,0
155,2020-03-17T06:00:00,2020-03-19,0.4438,modéré,faible,1.0.0,proxy_saisonnier,1
156,2020-03-18T06:00:00,2020-03-19,0.1648,faible,haute,1.0.0,observee,1
157,2020-03-18T06:00:00,2020-03-20,0.4438,modéré,faible,1.0.0,proxy_saisonnier,0
158,2020-03-19T06:00:00,2020-03-20,0.5957,modéré,faible,1.0.0,observee,0
159,2020-03-19T06:00:00,2020-03-21,0.4438,modéré,faible,1.0.0,proxy_saisonnier,0
160,2020-03-20T06:00:00,2020-03-21,0.4226,modéré,faible,1.0.0,observee,0
161,2020-03-20T06:00:00,2020-03-22,0.4438,modéré,faible,1.0.0,proxy_saisonnier,0
162,2020-03-21T06:00:00,2020-03-22,0.4509,modéré,faible,1.0.0,observee,0
163,2020-03-21T06:00:00,2020-03-23,0.4438,modéré,faible,1.0.0,proxy_saisonnier,0
164,2020-03-22T06:00:00,2020-03-23,0.279,faible,modérée,1.0.0,observee,0
165,2020-03-22T06:00:00,2020-03-24,0.4438,modéré,faible,1.0.0,proxy_saisonnier,0
166,2020-03-23T06:00:00,2020-03-24,0.0584,faible,haute,1.0.0,observee,0
167,2020-03-23T06:00:00,2020-03-25,0.4438,modéré,faible,1.0.0,proxy_saisonnier,0
168,2020-03-24T06:00:00,2020-03-25,0.0149,faible,haute,1.0.0,observee,0
169,2020-03-24T06:00:00,2020-03-26,0.4438,modéré,faible,1.0.0,proxy_saisonnier,0
170,2020-03-25T06:00:00,2020-03-26,0.0439,faible,haute,1.0.0,observee,0
171,2020-03-25T06:00:00,2020-03-27,0.4438,modéré,faible,1.0.0,proxy_saisonnier,0
172,2020-03-26T06:00:00,2020-03-27,0.0525,faible,haute,1.0.0,observee,0
173,2020-03-26T06:00:00,2020-03-28,0.4438,modéré,faible,1.0.0,proxy_saisonnier,0
174,2020-03-27T06:00:00,2020-03-28,0.3144,faible,modérée,1.0.0,observee,0
175,2020-03-27T06:00:00,2020-03-29,0.4438,modéré,faible,1.0.0,proxy_saisonnier,0
176,2020-03-28T06:00:00,2020-03-29,0.1469,faible,haute,1.0.0,observee,0
177,2020-03-28T06:00:00,2020-03-30,0.4438,modéré,faible,1.0.0,proxy_saisonnier,0
178,2020-03-29T06:00:00,2020-03-30,0.2972,faible,modérée,1.0.0,observee,0
179,2020-03-29T06:00:00,2020-03-31,0.4438,modéré,faible,1.0.0,proxy_saisonnier,0
180,2020-03-30T06:00:00,2020-03-31,0.047,faible,haute,1.0.0,observee,0
181,2020-03-30T06:00:00,2020-04-01,0.3682,modéré,faible,1.0.0,proxy_saisonnier,0
182,2020-03-31T06:00:00,2020-04-01,0.0712,faible,haute,1.0.0,observee,0
183,2020-03-31T06:00:00,2020-04-02,0.3682,modéré,faible,1.0.0,proxy_saisonnier,0
184,2020-04-01T06:00:00,2020-04-02,0.0777,faible,haute,1.0.0,observee,0
185,2020-04-01T06:00:00,2020-04-03,0.3682,modéré,faible,1.0.0,proxy_saisonnier,0
186,2020-04-02T06:00:00,2020-04-03,0.2111,faible,modérée,1.0.0,observee,0
187,2020-04-02T06:00:00,2020-04-04,0.3682,modéré,faible,1.0.0,proxy_saisonnier,0
188,2020-04-03T06:00:00,2020-04-04,0.4653,modéré,faible,1.0.0,observee,0
189,2020-04-03T06:00:00,2020-04-05,0.3682,modéré,faible,1.0.0,proxy_saisonnier,1
190,2020-04-04T06:00:00,2020-04-05,0.1892,faible,haute,1.0.0,observee,1
191,2020-04-04T06:00:00,2020-04-06,0.3682,modéré,faible,1.0.0,proxy_saisonnier,0
192,2020-04-05T06:00:00,2020-04-06,0.3432,faible,modérée,1.0.0,observee,0
193,2020-04-05T06:00:00,2020-04-07,0.3682,modéré,faible,1.0.0,proxy_saisonnier,0
194,2020-04-06T06:00:00,2020-04-07,0.3235,faible,modérée,1.0.0,observee,0
195,2020-04-06T06:00:00,2020-04-08,0.3682,modéré,faible,1.0.0,proxy_saisonnier,0
196,2020-04-07T06:00:00,2020-04-08,0.1848,faible,haute,1.0.0,observee,0
197,2020-04-07T06:00:00,2020-04-09,0.3682,modéré,faible,1.0.0,proxy_saisonnier,0
198,2020-04-08T06:00:00,2020-04-09,0.2732,faible,modérée,1.0.0,observee,0
199,2020-04-08T06:00:00,2020-04-10,0.3682,modéré,faible,1.0.0,proxy_saisonnier,0
200,2020-04-09T06:00:00,2020-04-10,0.0929,faible,haute,1.0.0,observee,0
201,2020-04-09T06:00:00,2020-04-11,0.3682,modéré,faible,1.0.0,proxy_saisonnier,0
202,2020-04-10T06:00:00,2020-04-11,0.1324,faible,haute,1.0.0,observee,0
203,2020-04-10T06:00:00,2020-04-12,0.3682,modéré,faible,1.0.0,proxy_saisonnier,0
204,2020-04-11T06:00:00,2020-04-12,0.0569,faible,haute,1.0.0,observee,0
205,2020-04-11T06:00:00,2020-04-13,0.3682,modéré,faible,1.0.0,proxy_saisonnier,0
206,2020-04-12T06:00:00,2020-04-13,0.2175,faible,modérée,1.0.0,observee,0
207,2020-04-12T06:00:00,2020-04-14,0.3682,modéré,faible,1.0.0,proxy_saisonnier,0
208,2020-04-13T06:00:00,2020-04-14,0.1061,faible,haute,1.0.0,observee,0
209,2020-04-13T06:00:00,2020-04-15,0.3682,modéré,faible,1.0.0,proxy_saisonnier,0
210,2020-04-14T06:00:00,2020-04-15,0.0663,faible,haute,1.0.0,observee,0
211,2020-04-14T06:00:00,2020-04-16,0.3682,modéré,faible,1.0.0,proxy_saisonnier,1
212,2020-04-15T06:00:00,2020-04-16,0.1581,faible,haute,1.0.0,observee,1
213,2020-04-15T06:00:00,2020-04-17,0.3682,modéré,faible,1.0.0,proxy_saisonnier,1
214,2020-04-16T06:00:00,2020-04-17,0.5799,modéré,faible,1.0.0,observee,1
215,2020-04-16T06:00:00,2020-04-18,0.3682,modéré,faible,1.0.0,proxy_saisonnier,0
216,2020-04-17T06:00:00,2020-04-18,0.7365,élevé,modérée,1.0.0,observee,0
217,2020-04-17T06:00:00,2020-04-19,0.3682,modéré,faible,1.0.0,proxy_saisonnier,0
218,2020-04-18T06:00:00,2020-04-19,0.5403,modéré,faible,1.0.0,observee,0
219,2020-04-18T06:00:00,2020-04-20,0.3682,modéré,faible,1.0.0,proxy_saisonnier,0
220,2020-04-19T06:00:00,2020-04-20,0.5487,modéré,faible,1.0.0,observee,0
221,2020-04-19T06:00:00,2020-04-21,0.3682,modéré,faible,1.0.0,proxy_saisonnier,0
222,2020-04-20T06:00:00,2020-04-21,0.3634,modéré,faible,1.0.0,observee,0
223,2020-04-20T06:00:00,2020-04-22,0.3682,modéré,faible,1.0.0,proxy_saisonnier,0
224,2020-04-21T06:00:00,2020-04-22,0.3757,modéré,faible,1.0.0,observee,0
225,2020-04-21T06:00:00,2020-04-23,0.3682,modéré,faible,1.0.0,proxy_saisonnier,0
226,2020-04-22T06:00:00,2020-04-23,0.2448,faible,modérée,1.0.0,observee,0
227,2020-04-22T06:00:00,2020-04-24,0.3682,modéré,faible,1.0.0,proxy_saisonnier,0
228,2020-04-23T06:00:00,2020-04-24,0.1503,faible,haute,1.0.0,observee,0
229,2020-04-23T06:00:00,2020-04-25,0.3682,modéré,faible,1.0.0,proxy_saisonnier,0
230,2020-04-24T06:00:00,2020-04-25,0.3227,faible,modérée,1.0.0,observee,0
231,2020-04-24T06:00:00,2020-04-26,0.3682,modéré,faible,1.0.0,proxy_saisonnier,1
232,2020-04-25T06:00:00,2020-04-26,0.3961,modéré,faible,1.0.0,observee,1
233,2020-04-25T06:00:00,2020-04-27,0.3682,modéré,faible,1.0.0,proxy_saisonnier,1
234,2020-04-26T06:00:00,2020-04-27,0.6146,élevé,faible,1.0.0,observee,1
235,2020-04-26T06:00:00,2020-04-28,0.3682,modéré,faible,1.0.0,proxy_saisonnier,1
236,2020-04-27T06:00:00,2020-04-28,0.8172,élevé,haute,1.0.0,observee,1
237,2020-04-27T06:00:00,2020-04-29,0.3682,modéré,faible,1.0.0,proxy_saisonnier,1
238,2020-04-28T06:00:00,2020-04-29,0.8307,élevé,haute,1.0.0,observee,1
239,2020-04-28T06:00:00,2020-04-30,0.3682,modéré,faible,1.0.0,proxy_saisonnier,1
240,2020-04-29T06:00:00,2020-04-30,0.914,élevé,haute,1.0.0,observee,1
241,2020-04-29T06:00:00,2020-05-01,0.4796,modéré,faible,1.0.0,proxy_saisonnier,1
242,2020-04-30T06:00:00,2020-05-01,0.9272,élevé,haute,1.0.0,observee,1
243,2020-04-30T06:00:00,2020-05-02,0.4796,modéré,faible,1.0.0,proxy_saisonnier,1
244,2020-05-01T06:00:00,2020-05-02,0.9309,élevé,haute,1.0.0,observee,1
245,2020-05-01T06:00:00,2020-05-03,0.4796,modéré,faible,1.0.0,proxy_saisonnier,1
246,2020-05-02T06:00:00,2020-05-03,0.6764,élevé,modérée,1.0.0,observee,1
247,2020-05-02T06:00:00,2020-05-04,0.4796,modéré,faible,1.0.0,proxy_saisonnier,1
248,2020-05-03T06:00:00,2020-05-04,0.6941,élevé,modérée,1.0.0,observee,1
249,2020-05-03T06:00:00,2020-05-05,0.4796,modéré,faible,1.0.0,proxy_saisonnier,0
250,2020-05-04T06:00:00,2020-05-05,0.6596,élevé,modérée,1.0.0,observee,0
251,2020-05-04T06:00:00,2020-05-06,0.4796,modéré,faible,1.0.0,proxy_saisonnier,0
252,2020-05-05T06:00:00,2020-05-06,0.463,modéré,faible,1.0.0,observee,0
253,2020-05-05T06:00:00,2020-05-07,0.4796,modéré,faible,1.0.0,proxy_saisonnier,0
254,2020-05-06T06:00:00,2020-05-07,0.0268,faible,haute,1.0.0,observee,0
255,2020-05-06T06:00:00,2020-05-08,0.4796,modéré,faible,1.0.0,proxy_saisonnier,1
256,2020-05-07T06:00:00,2020-05-08,0.2836,faible,modérée,1.0.0,observee,1
257,2020-05-07T06:00:00,2020-05-09,0.4796,modéré,faible,1.0.0,proxy_saisonnier,1
258,2020-05-08T06:00:00,2020-05-09,0.6044,élevé,faible,1.0.0,observee,1
259,2020-05-08T06:00:00,2020-05-10,0.4796,modéré,faible,1.0.0,proxy_saisonnier,1
260,2020-05-09T06:00:00,2020-05-10,0.933,élevé,haute,1.0.0,observee,1
261,2020-05-09T06:00:00,2020-05-11,0.4796,modéré,faible,1.0.0,proxy_saisonnier,0
262,2020-05-10T06:00:00,2020-05-11,0.9288,élevé,haute,1.0.0,observee,0
263,2020-05-10T06:00:00,2020-05-12,0.4796,modéré,faible,1.0.0,proxy_saisonnier,0
264,2020-05-11T06:00:00,2020-05-12,0.5739,modéré,faible,1.0.0,observee,0
265,2020-05-11T06:00:00,2020-05-13,0.4796,modéré,faible,1.0.0,proxy_saisonnier,0
266,2020-05-12T06:00:00,2020-05-13,0.2402,faible,modérée,1.0.0,observee,0
267,2020-05-12T06:00:00,2020-05-14,0.4796,modéré,faible,1.0.0,proxy_saisonnier,0
268,2020-05-13T06:00:00,2020-05-14,0.4302,modéré,faible,1.0.0,observee,0
269,2020-05-13T06:00:00,2020-05-15,0.4796,modéré,faible,1.0.0,proxy_saisonnier,0
270,2020-05-14T06:00:00,2020-05-15,0.1724,faible,haute,1.0.0,observee,0
271,2020-05-14T06:00:00,2020-05-16,0.4796,modéré,faible,1.0.0,proxy_saisonnier,0
272,2020-05-15T06:00:00,2020-05-16,0.0249,faible,haute,1.0.0,observee,0
273,2020-05-15T06:00:00,2020-05-17,0.4796,modéré,faible,1.0.0,proxy_saisonnier,0
274,2020-05-16T06:00:00,2020-05-17,0.0351,faible,haute,1.0.0,observee,0
275,2020-05-16T06:00:00,2020-05-18,0.4796,modéré,faible,1.0.0,proxy_saisonnier,0
276,2020-05-17T06:00:00,2020-05-18,0.0923,faible,haute,1.0.0,observee,0
277,2020-05-17T06:00:00,2020-05-19,0.4796,modéré,faible,1.0.0,proxy_saisonnier,0
278,2020-05-18T06:00:00,2020-05-19,0.0904,faible,haute,1.0.0,observee,0
279,2020-05-18T06:00:00,2020-05-20,0.4796,modéré,faible,1.0.0,proxy_saisonnier,0
280,2020-05-19T06:00:00,2020-05-20,0.0663,faible,haute,1.0.0,observee,0
281,2020-05-19T06:00:00,2020-05-21,0.4796,modéré,faible,1.0.0,proxy_saisonnier,1
282,2020-05-20T06:00:00,2020-05-21,0.031,faible,haute,1.0.0,observee,1
283,2020-05-20T06:00:00,2020-05-22,0.4796,modéré,faible,1.0.0,proxy_saisonnier,1
284,2020-05-21T06:00:00,2020-05-22,0.4468,modéré,faible,1.0.0,observee,1
285,2020-05-21T06:00:00,2020-05-23,0.4796,modéré,faible,1.0.0,proxy_saisonnier,0
286,2020-05-22T06:00:00,2020-05-23,0.5094,modéré,faible,1.0.0,observee,0
287,2020-05-22T06:00:00,2020-05-24,0.4796,modéré,faible,1.0.0,proxy_saisonnier,0
288,2020-05-23T06:00:00,2020-05-24,0.2485,faible,modérée,1.0.0,observee,0
289,2020-05-23T06:00:00,2020-05-25,0.4796,modéré,faible,1.0.0,proxy_saisonnier,0
290,2020-05-24T06:00:00,2020-05-25,0.1032,faible,haute,1.0.0,observee,0
291,2020-05-24T06:00:00,2020-05-26,0.4796,modéré,faible,1.0.0,proxy_saisonnier,0
292,2020-05-25T06:00:00,2020-05-26,0.1084,faible,haute,1.0.0,observee,0
293,2020-05-25T06:00:00,2020-05-27,0.4796,modéré,faible,1.0.0,proxy_saisonnier,0
294,2020-05-26T06:00:00,2020-05-27,0.0202,faible,haute,1.0.0,observee,0
295,2020-05-26T06:00:00,2020-05-28,0.4796,modéré,faible,1.0.0,proxy_saisonnier,0
296,2020-05-27T06:00:00,2020-05-28,0.0172,faible,haute,1.0.0,observee,0
297,2020-05-27T06:00:00,2020-05-29,0.4796,modéré,faible,1.0.0,proxy_saisonnier,0
298,2020-05-28T06:00:00,2020-05-29,0.011,faible,haute,1.0.0,observee,0
299,2020-05-28T06:00:00,2020-05-30,0.4796,modéré,faible,1.0.0,proxy_saisonnier,0
300,2020-05-29T06:00:00,2020-05-30,0.0167,faible,haute,1.0.0,observee,0
301,2020-05-29T06:00:00,2020-05-31,0.4796,modéré,faible,1.0.0,proxy_saisonnier,0
302,2020-05-30T06:00:00,2020-05-31,0.0196,faible,haute,1.0.0,observee,0
303,2020-05-30T06:00:00,2020-06-01,0.5901,modéré,faible,1.0.0,proxy_saisonnier,0
304,2020-05-31T06:00:00,2020-06-01,0.0264,faible,haute,1.0.0,observee,0
305,2020-05-31T06:00:00,2020-06-02,0.5901,modéré,faible,1.0.0,proxy_saisonnier,1
306,2020-06-01T06:00:00,2020-06-02,0.0198,faible,haute,1.0.0,observee,1
307,2020-06-01T06:00:00,2020-06-03,0.5901,modéré,faible,1.0.0,proxy_saisonnier,1
308,2020-06-02T06:00:00,2020-06-03,0.5477,modéré,faible,1.0.0,observee,1
309,2020-06-02T06:00:00,2020-06-04,0.5901,modéré,faible,1.0.0,proxy_saisonnier,1
310,2020-06-03T06:00:00,2020-06-04,0.7951,élevé,modérée,1.0.0,observee,1
311,2020-06-03T06:00:00,2020-06-05,0.5901,modéré,faible,1.0.0,proxy_saisonnier,1
312,2020-06-04T06:00:00,2020-06-05,0.9185,élevé,haute,1.0.0,observee,1
313,2020-06-04T06:00:00,2020-06-06,0.5901,modéré,faible,1.0.0,proxy_saisonnier,1
314,2020-06-05T06:00:00,2020-06-06,0.8591,élevé,haute,1.0.0,observee,1
315,2020-06-05T06:00:00,2020-06-07,0.5901,modéré,faible,1.0.0,proxy_saisonnier,1
316,2020-06-06T06:00:00,2020-06-07,0.745,élevé,modérée,1.0.0,observee,1
317,2020-06-06T06:00:00,2020-06-08,0.5901,modéré,faible,1.0.0,proxy_saisonnier,0
318,2020-06-07T06:00:00,2020-06-08,0.7856,élevé,modérée,1.0.0,observee,0
319,2020-06-07T06:00:00,2020-06-09,0.5901,modéré,faible,1.0.0,proxy_saisonnier,0
320,2020-06-08T06:00:00,2020-06-09,0.4526,modéré,faible,1.0.0,observee,0
321,2020-06-08T06:00:00,2020-06-10,0.5901,modéré,faible,1.0.0,proxy_saisonnier,1
322,2020-06-09T06:00:00,2020-06-10,0.2371,faible,modérée,1.0.0,observee,1
323,2020-06-09T06:00:00,2020-06-11,0.5901,modéré,faible,1.0.0,proxy_saisonnier,1
324,2020-06-10T06:00:00,2020-06-11,0.5905,modéré,faible,1.0.0,observee,1
325,2020-06-10T06:00:00,2020-06-12,0.5901,modéré,faible,1.0.0,proxy_saisonnier,0
326,2020-06-11T06:00:00,2020-06-12,0.8193,élevé,haute,1.0.0,observee,0
327,2020-06-11T06:00:00,2020-06-13,0.5901,modéré,faible,1.0.0,proxy_saisonnier,0
328,2020-06-12T06:00:00,2020-06-13,0.6733,élevé,modérée,1.0.0,observee,0
329,2020-06-12T06:00:00,2020-06-14,0.5901,modéré,faible,1.0.0,proxy_saisonnier,1
330,2020-06-13T06:00:00,2020-06-14,0.4293,modéré,faible,1.0.0,observee,1
331,2020-06-13T06:00:00,2020-06-15,0.5901,modéré,faible,1.0.0,proxy_saisonnier,1
332,2020-06-14T06:00:00,2020-06-15,0.621,élevé,faible,1.0.0,observee,1
333,2020-06-14T06:00:00,2020-06-16,0.5901,modéré,faible,1.0.0,proxy_saisonnier,1
334,2020-06-15T06:00:00,2020-06-16,0.452,modéré,faible,1.0.0,observee,1
335,2020-06-15T06:00:00,2020-06-17,0.5901,modéré,faible,1.0.0,proxy_saisonnier,1
336,2020-06-16T06:00:00,2020-06-17,0.7393,élevé,modérée,1.0.0,observee,1
337,2020-06-16T06:00:00,2020-06-18,0.5901,modéré,faible,1.0.0,proxy_saisonnier,1
338,2020-06-17T06:00:00,2020-06-18,0.8811,élevé,haute,1.0.0,observee,1
339,2020-06-17T06:00:00,2020-06-19,0.5901,modéré,faible,1.0.0,proxy_saisonnier,1
340,2020-06-18T06:00:00,2020-06-19,0.8395,élevé,haute,1.0.0,observee,1
341,2020-06-18T06:00:00,2020-06-20,0.5901,modéré,faible,1.0.0,proxy_saisonnier,1
342,2020-06-19T06:00:00,2020-06-20,0.6678,élevé,modérée,1.0.0,observee,1
343,2020-06-19T06:00:00,2020-06-21,0.5901,modéré,faible,1.0.0,proxy_saisonnier,0
344,2020-06-20T06:00:00,2020-06-21,0.5416,modéré,faible,1.0.0,observee,0
345,2020-06-20T06:00:00,2020-06-22,0.5901,modéré,faible,1.0.0,proxy_saisonnier,0
346,2020-06-21T06:00:00,2020-06-22,0.2728,faible,modérée,1.0.0,observee,0
347,2020-06-21T06:00:00,2020-06-23,0.5901,modéré,faible,1.0.0,proxy_saisonnier,0
348,2020-06-22T06:00:00,2020-06-23,0.0148,faible,haute,1.0.0,observee,0
349,2020-06-22T06:00:00,2020-06-24,0.5901,modéré,faible,1.0.0,proxy_saisonnier,0
350,2020-06-23T06:00:00,2020-06-24,0.0496,faible,haute,1.0.0,observee,0
351,2020-06-23T06:00:00,2020-06-25,0.5901,modéré,faible,1.0.0,proxy_saisonnier,1
352,2020-06-24T06:00:00,2020-06-25,0.0429,faible,haute,1.0.0,observee,1
353,2020-06-24T06:00:00,2020-06-26,0.5901,modéré,faible,1.0.0,proxy_saisonnier,1
354,2020-06-25T06:00:00,2020-06-26,0.8306,élevé,haute,1.0.0,observee,1
355,2020-06-25T06:00:00,2020-06-27,0.5901,modéré,faible,1.0.0,proxy_saisonnier,0
356,2020-06-26T06:00:00,2020-06-27,0.7141,élevé,modérée,1.0.0,observee,0
357,2020-06-26T06:00:00,2020-06-28,0.5901,modéré,faible,1.0.0,proxy_saisonnier,1
358,2020-06-27T06:00:00,2020-06-28,0.6174,élevé,faible,1.0.0,observee,1
359,2020-06-27T06:00:00,2020-06-29,0.5901,modéré,faible,1.0.0,proxy_saisonnier,0
360,2020-06-28T06:00:00,2020-06-29,0.4841,modéré,faible,1.0.0,observee,0
361,2020-06-28T06:00:00,2020-06-30,0.5901,modéré,faible,1.0.0,proxy_saisonnier,1
362,2020-06-29T06:00:00,2020-06-30,0.3293,faible,modérée,1.0.0,observee,1
363,2020-06-29T06:00:00,2020-07-01,0.437,modéré,faible,1.0.0,proxy_saisonnier,1
364,2020-06-30T06:00:00,2020-07-01,0.704,élevé,modérée,1.0.0,observee,1
365,2020-06-30T06:00:00,2020-07-02,0.437,modéré,faible,1.0.0,proxy_saisonnier,0
366,2020-07-01T06:00:00,2020-07-02,0.7187,élevé,modérée,1.0.0,observee,0
367,2020-07-01T06:00:00,2020-07-03,0.437,modéré,faible,1.0.0,proxy_saisonnier,0
368,2020-07-02T06:00:00,2020-07-03,0.4233,modéré,faible,1.0.0,observee,0
369,2020-07-02T06:00:00,2020-07-04,0.437,modéré,faible,1.0.0,proxy_saisonnier,0
370,2020-07-03T06:00:00,2020-07-04,0.1019,faible,haute,1.0.0,observee,0
371,2020-07-03T06:00:00,2020-07-05,0.437,modéré,faible,1.0.0,proxy_saisonnier,0
372,2020-07-04T06:00:00,2020-07-05,0.3525,modéré,faible,1.0.0,observee,0
373,2020-07-04T06:00:00,2020-07-06,0.437,modéré,faible,1.0.0,proxy_saisonnier,0
374,2020-07-05T06:00:00,2020-07-06,0.2908,faible,modérée,1.0.0,observee,0
375,2020-07-05T06:00:00,2020-07-07,0.437,modéré,faible,1.0.0,proxy_saisonnier,0
376,2020-07-06T06:00:00,2020-07-07,0.057,faible,haute,1.0.0,observee,0
377,2020-07-06T06:00:00,2020-07-08,0.437,modéré,faible,1.0.0,proxy_saisonnier,0
378,2020-07-07T06:00:00,2020-07-08,0.0122,faible,haute,1.0.0,observee,0
379,2020-07-07T06:00:00,2020-07-09,0.437,modéré,faible,1.0.0,proxy_saisonnier,0
380,2020-07-08T06:00:00,2020-07-09,0.1291,faible,haute,1.0.0,observee,0
381,2020-07-08T06:00:00,2020-07-10,0.437,modéré,faible,1.0.0,proxy_saisonnier,0
382,2020-07-09T06:00:00,2020-07-10,0.3029,faible,modérée,1.0.0,observee,0
383,2020-07-09T06:00:00,2020-07-11,0.437,modéré,faible,1.0.0,proxy_saisonnier,0
384,2020-07-10T06:00:00,2020-07-11,0.2287,faible,modérée,1.0.0,observee,0
385,2020-07-10T06:00:00,2020-07-12,0.437,modéré,faible,1.0.0,proxy_saisonnier,0
386,2020-07-11T06:00:00,2020-07-12,0.0199,faible,haute,1.0.0,observee,0
387,2020-07-11T06:00:00,2020-07-13,0.437,modéré,faible,1.0.0,proxy_saisonnier,1
388,2020-07-12T06:00:00,2020-07-13,0.1173,faible,haute,1.0.0,observee,1
389,2020-07-12T06:00:00,2020-07-14,0.437,modéré,faible,1.0.0,proxy_saisonnier,1
390,2020-07-13T06:00:00,2020-07-14,0.2732,faible,modérée,1.0.0,observee,1
391,2020-07-13T06:00:00,2020-07-15,0.437,modéré,faible,1.0.0,proxy_saisonnier,0
392,2020-07-14T06:00:00,2020-07-15,0.5663,modéré,faible,1.0.0,observee,0
393,2020-07-14T06:00:00,2020-07-16,0.437,modéré,faible,1.0.0,proxy_saisonnier,0
394,2020-07-15T06:00:00,2020-07-16,0.3182,faible,modérée,1.0.0,observee,0
395,2020-07-15T06:00:00,2020-07-17,0.437,modéré,faible,1.0.0,proxy_saisonnier,0
396,2020-07-16T06:00:00,2020-07-17,0.2821,faible,modérée,1.0.0,observee,0
397,2020-07-16T06:00:00,2020-07-18,0.437,modéré,faible,1.0.0,proxy_saisonnier,0
398,2020-07-17T06:00:00,2020-07-18,0.2968,faible,modérée,1.0.0,observee,0
399,2020-07-17T06:00:00,2020-07-19,0.437,modéré,faible,1.0.0,proxy_saisonnier,0
400,2020-07-18T06:00:00,2020-07-19,0.0468,faible,haute,1.0.0,observee,0
401,2020-07-18T06:00:00,2020-07-20,0.437,modéré,faible,1.0.0,proxy_saisonnier,0
402,2020-07-19T06:00:00,2020-07-20,0.3142,faible,modérée,1.0.0,observee,0
403,2020-07-19T06:00:00,2020-07-21,0.437,modéré,faible,1.0.0,proxy_saisonnier,0
404,2020-07-20T06:00:00,2020-07-21,0.0201,faible,haute,1.0.0,observee,0
405,2020-07-20T06:00:00,2020-07-22,0.437,modéré,faible,1.0.0,proxy_saisonnier,0
406,2020-07-21T06:00:00,2020-07-22,0.0136,faible,haute,1.0.0,observee,0
407,2020-07-21T06:00:00,2020-07-23,0.437,modéré,faible,1.0.0,proxy_saisonnier,1
408,2020-07-22T06:00:00,2020-07-23,0.1499,faible,haute,1.0.0,observee,1
409,2020-07-22T06:00:00,2020-07-24,0.437,modéré,faible,1.0.0,proxy_saisonnier,0
410,2020-07-23T06:00:00,2020-07-24,0.5657,modéré,faible,1.0.0,observee,0
411,2020-07-23T06:00:00,2020-07-25,0.437,modéré,faible,1.0.0,proxy_saisonnier,1
412,2020-07-24T06:00:00,2020-07-25,0.2788,faible,modérée,1.0.0,observee,1
413,2020-07-24T06:00:00,2020-07-26,0.437,modéré,faible,1.0.0,proxy_saisonnier,0
414,2020-07-25T06:00:00,2020-07-26,0.6746,élevé,modérée,1.0.0,observee,0
415,2020-07-25T06:00:00,2020-07-27,0.437,modéré,faible,1.0.0,proxy_saisonnier,0
416,2020-07-26T06:00:00,2020-07-27,0.3754,modéré,faible,1.0.0,observee,0
417,2020-07-26T06:00:00,2020-07-28,0.437,modéré,faible,1.0.0,proxy_saisonnier,0
418,2020-07-27T06:00:00,2020-07-28,0.4413,modéré,faible,1.0.0,observee,0
419,2020-07-27T06:00:00,2020-07-29,0.437,modéré,faible,1.0.0,proxy_saisonnier,0
420,2020-07-28T06:00:00,2020-07-29,0.1651,faible,haute,1.0.0,observee,0
421,2020-07-28T06:00:00,2020-07-30,0.437,modéré,faible,1.0.0,proxy_saisonnier,0
422,2020-07-29T06:00:00,2020-07-30,0.0054,faible,haute,1.0.0,observee,0
423,2020-07-29T06:00:00,2020-07-31,0.437,modéré,faible,1.0.0,proxy_saisonnier,0
424,2020-07-30T06:00:00,2020-07-31,0.0791,faible,haute,1.0.0,observee,0
425,2020-07-30T06:00:00,2020-08-01,0.4705,modéré,faible,1.0.0,proxy_saisonnier,0
426,2020-07-31T06:00:00,2020-08-01,0.5881,modéré,faible,1.0.0,observee,0
427,2020-07-31T06:00:00,2020-08-02,0.4705,modéré,faible,1.0.0,proxy_saisonnier,0
428,2020-08-01T06:00:00,2020-08-02,0.2556,faible,modérée,1.0.0,observee,0
429,2020-08-01T06:00:00,2020-08-03,0.4705,modéré,faible,1.0.0,proxy_saisonnier,0
430,2020-08-02T06:00:00,2020-08-03,0.2137,faible,modérée,1.0.0,observee,0
431,2020-08-02T06:00:00,2020-08-04,0.4705,modéré,faible,1.0.0,proxy_saisonnier,0
432,2020-08-03T06:00:00,2020-08-04,0.3603,modéré,faible,1.0.0,observee,0
433,2020-08-03T06:00:00,2020-08-05,0.4705,modéré,faible,1.0.0,proxy_saisonnier,0
434,2020-08-04T06:00:00,2020-08-05,0.0397,faible,haute,1.0.0,observee,0
435,2020-08-04T06:00:00,2020-08-06,0.4705,modéré,faible,1.0.0,proxy_saisonnier,0
436,2020-08-05T06:00:00,2020-08-06,0.2325,faible,modérée,1.0.0,observee,0
437,2020-08-05T06:00:00,2020-08-07,0.4705,modéré,faible,1.0.0,proxy_saisonnier,0
438,2020-08-06T06:00:00,2020-08-07,0.1165,faible,haute,1.0.0,observee,0
439,2020-08-06T06:00:00,2020-08-08,0.4705,modéré,faible,1.0.0,proxy_saisonnier,0
440,2020-08-07T06:00:00,2020-08-08,0.1825,faible,haute,1.0.0,observee,0
441,2020-08-07T06:00:00,2020-08-09,0.4705,modéré,faible,1.0.0,proxy_saisonnier,1
442,2020-08-08T06:00:00,2020-08-09,0.1931,faible,haute,1.0.0,observee,1
443,2020-08-08T06:00:00,2020-08-10,0.4705,modéré,faible,1.0.0,proxy_saisonnier,0
444,2020-08-09T06:00:00,2020-08-10,0.7535,élevé,modérée,1.0.0,observee,0
445,2020-08-09T06:00:00,2020-08-11,0.4705,modéré,faible,1.0.0,proxy_saisonnier,1
446,2020-08-10T06:00:00,2020-08-11,0.5832,modéré,faible,1.0.0,observee,1
447,2020-08-10T06:00:00,2020-08-12,0.4705,modéré,faible,1.0.0,proxy_saisonnier,1
448,2020-08-11T06:00:00,2020-08-12,0.7628,élevé,modérée,1.0.0,observee,1
449,2020-08-11T06:00:00,2020-08-13,0.4705,modéré,faible,1.0.0,proxy_saisonnier,1
450,2020-08-12T06:00:00,2020-08-13,0.8953,élevé,haute,1.0.0,observee,1
451,2020-08-12T06:00:00,2020-08-14,0.4705,modéré,faible,1.0.0,proxy_saisonnier,0
452,2020-08-13T06:00:00,2020-08-14,0.775,élevé,modérée,1.0.0,observee,0
453,2020-08-13T06:00:00,2020-08-15,0.4705,modéré,faible,1.0.0,proxy_saisonnier,1
454,2020-08-14T06:00:00,2020-08-15,0.6407,élevé,faible,1.0.0,observee,1
455,2020-08-14T06:00:00,2020-08-16,0.4705,modéré,faible,1.0.0,proxy_saisonnier,1
456,2020-08-15T06:00:00,2020-08-16,0.7935,élevé,modérée,1.0.0,observee,1
457,2020-08-15T06:00:00,2020-08-17,0.4705,modéré,faible,1.0.0,proxy_saisonnier,0
458,2020-08-16T06:00:00,2020-08-17,0.852,élevé,haute,1.0.0,observee,0
459,2020-08-16T06:00:00,2020-08-18,0.4705,modéré,faible,1.0.0,proxy_saisonnier,1
460,2020-08-17T06:00:00,2020-08-18,0.6329,élevé,faible,1.0.0,observee,1
461,2020-08-17T06:00:00,2020-08-19,0.4705,modéré,faible,1.0.0,proxy_saisonnier,0
462,2020-08-18T06:00:00,2020-08-19,0.7719,élevé,modérée,1.0.0,observee,0
463,2020-08-18T06:00:00,2020-08-20,0.4705,modéré,faible,1.0.0,proxy_saisonnier,1
464,2020-08-19T06:00:00,2020-08-20,0.8202,élevé,haute,1.0.0,observee,1
465,2020-08-19T06:00:00,2020-08-21,0.4705,modéré,faible,1.0.0,proxy_saisonnier,0
466,2020-08-20T06:00:00,2020-08-21,0.8715,élevé,haute,1.0.0,observee,0
467,2020-08-20T06:00:00,2020-08-22,0.4705,modéré,faible,1.0.0,proxy_saisonnier,0
468,2020-08-21T06:00:00,2020-08-22,0.5408,modéré,faible,1.0.0,observee,0
469,2020-08-21T06:00:00,2020-08-23,0.4705,modéré,faible,1.0.0,proxy_saisonnier,0
470,2020-08-22T06:00:00,2020-08-23,0.2445,faible,modérée,1.0.0,observee,0
471,2020-08-22T06:00:00,2020-08-24,0.4705,modéré,faible,1.0.0,proxy_saisonnier,1
472,2020-08-23T06:00:00,2020-08-24,0.1571,faible,haute,1.0.0,observee,1
473,2020-08-23T06:00:00,2020-08-25,0.4705,modéré,faible,1.0.0,proxy_saisonnier,0
474,2020-08-24T06:00:00,2020-08-25,0.4738,modéré,faible,1.0.0,observee,0
475,2020-08-24T06:00:00,2020-08-26,0.4705,modéré,faible,1.0.0,proxy_saisonnier,1
476,2020-08-25T06:00:00,2020-08-26,0.5974,modéré,faible,1.0.0,observee,1
477,2020-08-25T06:00:00,2020-08-27,0.4705,modéré,faible,1.0.0,proxy_saisonnier,1
478,2020-08-26T06:00:00,2020-08-27,0.48,modéré,faible,1.0.0,observee,1
479,2020-08-26T06:00:00,2020-08-28,0.4705,modéré,faible,1.0.0,proxy_saisonnier,1
480,2020-08-27T06:00:00,2020-08-28,0.7645,élevé,modérée,1.0.0,observee,1
481,2020-08-27T06:00:00,2020-08-29,0.4705,modéré,faible,1.0.0,proxy_saisonnier,1
482,2020-08-28T06:00:00,2020-08-29,0.8382,élevé,haute,1.0.0,observee,1
483,2020-08-28T06:00:00,2020-08-30,0.4705,modéré,faible,1.0.0,proxy_saisonnier,0
484,2020-08-29T06:00:00,2020-08-30,0.6995,élevé,modérée,1.0.0,observee,0
485,2020-08-29T06:00:00,2020-08-31,0.4705,modéré,faible,1.0.0,proxy_saisonnier,0
486,2020-08-30T06:00:00,2020-08-31,0.6674,élevé,modérée,1.0.0,observee,0
487,2020-08-30T06:00:00,2020-09-01,0.6113,élevé,faible,1.0.0,proxy_saisonnier,0
488,2020-08-31T06:00:00,2020-09-01,0.2048,faible,modérée,1.0.0,observee,0
489,2020-08-31T06:00:00,2020-09-02,0.6113,élevé,faible,1.0.0,proxy_saisonnier,0
490,2020-09-01T06:00:00,2020-09-02,0.1711,faible,haute,1.0.0,observee,0
491,2020-09-01T06:00:00,2020-09-03,0.6113,élevé,faible,1.0.0,proxy_saisonnier,0
492,2020-09-02T06:00:00,2020-09-03,0.1497,faible,haute,1.0.0,observee,0
493,2020-09-02T06:00:00,2020-09-04,0.6113,élevé,faible,1.0.0,proxy_saisonnier,0
494,2020-09-03T06:00:00,2020-09-04,0.2354,faible,modérée,1.0.0,observee,0
495,2020-09-03T06:00:00,2020-09-05,0.6113,élevé,faible,1.0.0,proxy_saisonnier,0
496,2020-09-04T06:00:00,2020-09-05,0.0347,faible,haute,1.0.0,observee,0
497,2020-09-04T06:00:00,2020-09-06,0.6113,élevé,faible,1.0.0,proxy_saisonnier,0
498,2020-09-05T06:00:00,2020-09-06,0.1807,faible,haute,1.0.0,observee,0
499,2020-09-05T06:00:00,2020-09-07,0.6113,élevé,faible,1.0.0,proxy_saisonnier,0
500,2020-09-06T06:00:00,2020-09-07,0.2428,faible,modérée,1.0.0,observee,0
501,2020-09-06T06:00:00,2020-09-08,0.6113,élevé,faible,1.0.0,proxy_saisonnier,0
502,2020-09-07T06:00:00,2020-09-08,0.0628,faible,haute,1.0.0,observee,0
503,2020-09-07T06:00:00,2020-09-09,0.6113,élevé,faible,1.0.0,proxy_saisonnier,0
504,2020-09-08T06:00:00,2020-09-09,0.1061,faible,haute,1.0.0,observee,0
505,2020-09-08T06:00:00,2020-09-10,0.6113,élevé,faible,1.0.0,proxy_saisonnier,0
506,2020-09-09T06:00:00,2020-09-10,0.107,faible,haute,1.0.0,observee,0
507,2020-09-09T06:00:00,2020-09-11,0.6113,élevé,faible,1.0.0,proxy_saisonnier,0
508,2020-09-10T06:00:00,2020-09-11,0.254,faible,modérée,1.0.0,observee,0
509,2020-09-10T06:00:00,2020-09-12,0.6113,élevé,faible,1.0.0,proxy_saisonnier,0
510,2020-09-11T06:00:00,2020-09-12,0.2243,faible,modérée,1.0.0,observee,0
511,2020-09-11T06:00:00,2020-09-13,0.6113,élevé,faible,1.0.0,proxy_saisonnier,0
512,2020-09-12T06:00:00,2020-09-13,0.035,faible,haute,1.0.0,observee,0
513,2020-09-12T06:00:00,2020-09-14,0.6113,élevé,faible,1.0.0,proxy_saisonnier,0
514,2020-09-13T06:00:00,2020-09-14,0.0588,faible,haute,1.0.0,observee,0
515,2020-09-13T06:00:00,2020-09-15,0.6113,élevé,faible,1.0.0,proxy_saisonnier,0
516,2020-09-14T06:00:00,2020-09-15,0.0834,faible,haute,1.0.0,observee,0
517,2020-09-14T06:00:00,2020-09-16,0.6113,élevé,faible,1.0.0,proxy_saisonnier,0
518,2020-09-15T06:00:00,2020-09-16,0.1396,faible,haute,1.0.0,observee,0
519,2020-09-15T06:00:00,2020-09-17,0.6113,élevé,faible,1.0.0,proxy_saisonnier,0
520,2020-09-16T06:00:00,2020-09-17,0.1376,faible,haute,1.0.0,observee,0
521,2020-09-16T06:00:00,2020-09-18,0.6113,élevé,faible,1.0.0,proxy_saisonnier,0
522,2020-09-17T06:00:00,2020-09-18,0.085,faible,haute,1.0.0,observee,0
523,2020-09-17T06:00:00,2020-09-19,0.6113,élevé,faible,1.0.0,proxy_saisonnier,0
524,2020-09-18T06:00:00,2020-09-19,0.1007,faible,haute,1.0.0,observee,0
525,2020-09-18T06:00:00,2020-09-20,0.6113,élevé,faible,1.0.0,proxy_saisonnier,0
526,2020-09-19T06:00:00,2020-09-20,0.5235,modéré,faible,1.0.0,observee,0
527,2020-09-19T06:00:00,2020-09-21,0.6113,élevé,faible,1.0.0,proxy_saisonnier,0
528,2020-09-20T06:00:00,2020-09-21,0.3426,faible,modérée,1.0.0,observee,0
529,2020-09-20T06:00:00,2020-09-22,0.6113,élevé,faible,1.0.0,proxy_saisonnier,1
530,2020-09-21T06:00:00,2020-09-22,0.3325,faible,modérée,1.0.0,observee,1
531,2020-09-21T06:00:00,2020-09-23,0.6113,élevé,faible,1.0.0,proxy_saisonnier,1
532,2020-09-22T06:00:00,2020-09-23,0.7498,élevé,modérée,1.0.0,observee,1
533,2020-09-22T06:00:00,2020-09-24,0.6113,élevé,faible,1.0.0,proxy_saisonnier,1
534,2020-09-23T06:00:00,2020-09-24,0.8554,élevé,haute,1.0.0,observee,1
535,2020-09-23T06:00:00,2020-09-25,0.6113,élevé,faible,1.0.0,proxy_saisonnier,0
536,2020-09-24T06:00:00,2020-09-25,0.9004,élevé,haute,1.0.0,observee,0
537,2020-09-24T06:00:00,2020-09-26,0.6113,élevé,faible,1.0.0,proxy_saisonnier,1
538,2020-09-25T06:00:00,2020-09-26,0.5399,modéré,faible,1.0.0,observee,1
539,2020-09-25T06:00:00,2020-09-27,0.6113,élevé,faible,1.0.0,proxy_saisonnier,1
540,2020-09-26T06:00:00,2020-09-27,0.643,élevé,faible,1.0.0,observee,1
541,2020-09-26T06:00:00,2020-09-28,0.6113,élevé,faible,1.0.0,proxy_saisonnier,1
542,2020-09-27T06:00:00,2020-09-28,0.8988,élevé,haute,1.0.0,observee,1
543,2020-09-27T06:00:00,2020-09-29,0.6113,élevé,faible,1.0.0,proxy_saisonnier,0
544,2020-09-28T06:00:00,2020-09-29,0.7635,élevé,modérée,1.0.0,observee,0
545,2020-09-28T06:00:00,2020-09-30,0.6113,élevé,faible,1.0.0,proxy_saisonnier,1
546,2020-09-29T06:00:00,2020-09-30,0.3725,modéré,faible,1.0.0,observee,1
547,2020-09-29T06:00:00,2020-10-01,0.6772,élevé,faible,1.0.0,proxy_saisonnier,1
548,2020-09-30T06:00:00,2020-10-01,0.7419,élevé,modérée,1.0.0,observee,1
549,2020-09-30T06:00:00,2020-10-02,0.6772,élevé,faible,1.0.0,proxy_saisonnier,1
550,2020-10-01T06:00:00,2020-10-02,0.906,élevé,haute,1.0.0,observee,1
551,2020-10-01T06:00:00,2020-10-03,0.6772,élevé,faible,1.0.0,proxy_saisonnier,1
552,2020-10-02T06:00:00,2020-10-03,0.9278,élevé,haute,1.0.0,observee,1
553,2020-10-02T06:00:00,2020-10-04,0.6772,élevé,faible,1.0.0,proxy_saisonnier,1
554,2020-10-03T06:00:00,2020-10-04,0.8169,élevé,haute,1.0.0,observee,1
555,2020-10-03T06:00:00,2020-10-05,0.6772,élevé,faible,1.0.0,proxy_saisonnier,1
556,2020-10-04T06:00:00,2020-10-05,0.9359,élevé,haute,1.0.0,observee,1
557,2020-10-04T06:00:00,2020-10-06,0.6772,élevé,faible,1.0.0,proxy_saisonnier,1
558,2020-10-05T06:00:00,2020-10-06,0.91,élevé,haute,1.0.0,observee,1
559,2020-10-05T06:00:00,2020-10-07,0.6772,élevé,faible,1.0.0,proxy_saisonnier,0
560,2020-10-06T06:00:00,2020-10-07,0.7819,élevé,modérée,1.0.0,observee,0
561,2020-10-06T06:00:00,2020-10-08,0.6772,élevé,faible,1.0.0,proxy_saisonnier,1
562,2020-10-07T06:00:00,2020-10-08,0.5395,modéré,faible,1.0.0,observee,1
563,2020-10-07T06:00:00,2020-10-09,0.6772,élevé,faible,1.0.0,proxy_saisonnier,0
564,2020-10-08T06:00:00,2020-10-09,0.5575,modéré,faible,1.0.0,observee,0
565,2020-10-08T06:00:00,2020-10-10,0.6772,élevé,faible,1.0.0,proxy_saisonnier,1
566,2020-10-09T06:00:00,2020-10-10,0.4141,modéré,faible,1.0.0,observee,1
567,2020-10-09T06:00:00,2020-10-11,0.6772,élevé,faible,1.0.0,proxy_saisonnier,0
568,2020-10-10T06:00:00,2020-10-11,0.4115,modéré,faible,1.0.0,observee,0
569,2020-10-10T06:00:00,2020-10-12,0.6772,élevé,faible,1.0.0,proxy_saisonnier,1
570,2020-10-11T06:00:00,2020-10-12,0.1529,faible,haute,1.0.0,observee,1
571,2020-10-11T06:00:00,2020-10-13,0.6772,élevé,faible,1.0.0,proxy_saisonnier,1
572,2020-10-12T06:00:00,2020-10-13,0.4351,modéré,faible,1.0.0,observee,1
573,2020-10-12T06:00:00,2020-10-14,0.6772,élevé,faible,1.0.0,proxy_saisonnier,0
574,2020-10-13T06:00:00,2020-10-14,0.7869,élevé,modérée,1.0.0,observee,0
575,2020-10-13T06:00:00,2020-10-15,0.6772,élevé,faible,1.0.0,proxy_saisonnier,0
576,2020-10-14T06:00:00,2020-10-15,0.5771,modéré,faible,1.0.0,observee,0
577,2020-10-14T06:00:00,2020-10-16,0.6772,élevé,faible,1.0.0,proxy_saisonnier,0
578,2020-10-15T06:00:00,2020-10-16,0.484,modéré,faible,1.0.0,observee,0
579,2020-10-15T06:00:00,2020-10-17,0.6772,élevé,faible,1.0.0,proxy_saisonnier,0
580,2020-10-16T06:00:00,2020-10-17,0.2822,faible,modérée,1.0.0,observee,0
581,2020-10-16T06:00:00,2020-10-18,0.6772,élevé,faible,1.0.0,proxy_saisonnier,0
582,2020-10-17T06:00:00,2020-10-18,0.3119,faible,modérée,1.0.0,observee,0
583,2020-10-17T06:00:00,2020-10-19,0.6772,élevé,faible,1.0.0,proxy_saisonnier,1
584,2020-10-18T06:00:00,2020-10-19,0.1607,faible,haute,1.0.0,observee,1
585,2020-10-18T06:00:00,2020-10-20,0.6772,élevé,faible,1.0.0,proxy_saisonnier,1
586,2020-10-19T06:00:00,2020-10-20,0.6602,élevé,modérée,1.0.0,observee,1
587,2020-10-19T06:00:00,2020-10-21,0.6772,élevé,faible,1.0.0,proxy_saisonnier,1
588,2020-10-20T06:00:00,2020-10-21,0.8758,élevé,haute,1.0.0,observee,1
589,2020-10-20T06:00:00,2020-10-22,0.6772,élevé,faible,1.0.0,proxy_saisonnier,1
590,2020-10-21T06:00:00,2020-10-22,0.7673,élevé,modérée,1.0.0,observee,1
591,2020-10-21T06:00:00,2020-10-23,0.6772,élevé,faible,1.0.0,proxy_saisonnier,0
592,2020-10-22T06:00:00,2020-10-23,0.7778,élevé,modérée,1.0.0,observee,0
593,2020-10-22T06:00:00,2020-10-24,0.6772,élevé,faible,1.0.0,proxy_saisonnier,1
594,2020-10-23T06:00:00,2020-10-24,0.6679,élevé,modérée,1.0.0,observee,1
595,2020-10-23T06:00:00,2020-10-25,0.6772,élevé,faible,1.0.0,proxy_saisonnier,0
596,2020-10-24T06:00:00,2020-10-25,0.7707,élevé,modérée,1.0.0,observee,0
597,2020-10-24T06:00:00,2020-10-26,0.6772,élevé,faible,1.0.0,proxy_saisonnier,1
598,2020-10-25T06:00:00,2020-10-26,0.7536,élevé,modérée,1.0.0,observee,1
599,2020-10-25T06:00:00,2020-10-27,0.6772,élevé,faible,1.0.0,proxy_saisonnier,1
600,2020-10-26T06:00:00,2020-10-27,0.803,élevé,haute,1.0.0,observee,1
601,2020-10-26T06:00:00,2020-10-28,0.6772,élevé,faible,1.0.0,proxy_saisonnier,1
602,2020-10-27T06:00:00,2020-10-28,0.9428,élevé,haute,1.0.0,observee,1
603,2020-10-27T06:00:00,2020-10-29,0.6772,élevé,faible,1.0.0,proxy_saisonnier,0
604,2020-10-28T06:00:00,2020-10-29,0.7681,élevé,modérée,1.0.0,observee,0
605,2020-10-28T06:00:00,2020-10-30,0.6772,élevé,faible,1.0.0,proxy_saisonnier,1
606,2020-10-29T06:00:00,2020-10-30,0.4982,modéré,faible,1.0.0,observee,1
607,2020-10-29T06:00:00,2020-10-31,0.6772,élevé,faible,1.0.0,proxy_saisonnier,1
608,2020-10-30T06:00:00,2020-10-31,0.5072,modéré,faible,1.0.0,observee,1
609,2020-10-30T06:00:00,2020-11-01,0.596,modéré,faible,1.0.0,proxy_saisonnier,1
610,2020-10-31T06:00:00,2020-11-01,0.6869,élevé,modérée,1.0.0,observee,1
611,2020-10-31T06:00:00,2020-11-02,0.596,modéré,faible,1.0.0,proxy_saisonnier,0
612,2020-11-01T06:00:00,2020-11-02,0.7938,élevé,modérée,1.0.0,observee,0
613,2020-11-01T06:00:00,2020-11-03,0.596,modéré,faible,1.0.0,proxy_saisonnier,0
614,2020-11-02T06:00:00,2020-11-03,0.6333,élevé,faible,1.0.0,observee,0
615,2020-11-02T06:00:00,2020-11-04,0.596,modéré,faible,1.0.0,proxy_saisonnier,0
616,2020-11-03T06:00:00,2020-11-04,0.2354,faible,modérée,1.0.0,observee,0
617,2020-11-03T06:00:00,2020-11-05,0.596,modéré,faible,1.0.0,proxy_saisonnier,0
618,2020-11-04T06:00:00,2020-11-05,0.0555,faible,haute,1.0.0,observee,0
619,2020-11-04T06:00:00,2020-11-06,0.596,modéré,faible,1.0.0,proxy_saisonnier,0
620,2020-11-05T06:00:00,2020-11-06,0.0891,faible,haute,1.0.0,observee,0
621,2020-11-05T06:00:00,2020-11-07,0.596,modéré,faible,1.0.0,proxy_saisonnier,0
622,2020-11-06T06:00:00,2020-11-07,0.1035,faible,haute,1.0.0,observee,0
623,2020-11-06T06:00:00,2020-11-08,0.596,modéré,faible,1.0.0,proxy_saisonnier,0
624,2020-11-07T06:00:00,2020-11-08,0.3459,faible,modérée,1.0.0,observee,0
625,2020-11-07T06:00:00,2020-11-09,0.596,modéré,faible,1.0.0,proxy_saisonnier,1
626,2020-11-08T06:00:00,2020-11-09,0.3807,modéré,faible,1.0.0,observee,1
627,2020-11-08T06:00:00,2020-11-10,0.596,modéré,faible,1.0.0,proxy_saisonnier,0
628,2020-11-09T06:00:00,2020-11-10,0.4518,modéré,faible,1.0.0,observee,0
629,2020-11-09T06:00:00,2020-11-11,0.596,modéré,faible,1.0.0,proxy_saisonnier,1
630,2020-11-10T06:00:00,2020-11-11,0.1476,faible,haute,1.0.0,observee,1
631,2020-11-10T06:00:00,2020-11-12,0.596,modéré,faible,1.0.0,proxy_saisonnier,1
632,2020-11-11T06:00:00,2020-11-12,0.5306,modéré,faible,1.0.0,observee,1
633,2020-11-11T06:00:00,2020-11-13,0.596,modéré,faible,1.0.0,proxy_saisonnier,1
634,2020-11-12T06:00:00,2020-11-13,0.6266,élevé,faible,1.0.0,observee,1
635,2020-11-12T06:00:00,2020-11-14,0.596,modéré,faible,1.0.0,proxy_saisonnier,1
636,2020-11-13T06:00:00,2020-11-14,0.6544,élevé,modérée,1.0.0,observee,1
637,2020-11-13T06:00:00,2020-11-15,0.596,modéré,faible,1.0.0,proxy_saisonnier,0
638,2020-11-14T06:00:00,2020-11-15,0.6908,élevé,modérée,1.0.0,observee,0
639,2020-11-14T06:00:00,2020-11-16,0.596,modéré,faible,1.0.0,proxy_saisonnier,0
640,2020-11-15T06:00:00,2020-11-16,0.6706,élevé,modérée,1.0.0,observee,0
641,2020-11-15T06:00:00,2020-11-17,0.596,modéré,faible,1.0.0,proxy_saisonnier,0
642,2020-11-16T06:00:00,2020-11-17,0.3568,modéré,faible,1.0.0,observee,0
643,2020-11-16T06:00:00,2020-11-18,0.596,modéré,faible,1.0.0,proxy_saisonnier,1
644,2020-11-17T06:00:00,2020-11-18,0.2333,faible,modérée,1.0.0,observee,1
645,2020-11-17T06:00:00,2020-11-19,0.596,modéré,faible,1.0.0,proxy_saisonnier,0
646,2020-11-18T06:00:00,2020-11-19,0.455,modéré,faible,1.0.0,observee,0
647,2020-11-18T06:00:00,2020-11-20,0.596,modéré,faible,1.0.0,proxy_saisonnier,0
648,2020-11-19T06:00:00,2020-11-20,0.2061,faible,modérée,1.0.0,observee,0
649,2020-11-19T06:00:00,2020-11-21,0.596,modéré,faible,1.0.0,proxy_saisonnier,0
650,2020-11-20T06:00:00,2020-11-21,0.0728,faible,haute,1.0.0,observee,0
651,2020-11-20T06:00:00,2020-11-22,0.596,modéré,faible,1.0.0,proxy_saisonnier,0
652,2020-11-21T06:00:00,2020-11-22,0.1113,faible,haute,1.0.0,observee,0
653,2020-11-21T06:00:00,2020-11-23,0.596,modéré,faible,1.0.0,proxy_saisonnier,0
654,2020-11-22T06:00:00,2020-11-23,0.0849,faible,haute,1.0.0,observee,0
655,2020-11-22T06:00:00,2020-11-24,0.596,modéré,faible,1.0.0,proxy_saisonnier,0
656,2020-11-23T06:00:00,2020-11-24,0.0764,faible,haute,1.0.0,observee,0
657,2020-11-23T06:00:00,2020-11-25,0.596,modéré,faible,1.0.0,proxy_saisonnier,0
658,2020-11-24T06:00:00,2020-11-25,0.3212,faible,modérée,1.0.0,observee,0
659,2020-11-24T06:00:00,2020-11-26,0.596,modéré,faible,1.0.0,proxy_saisonnier,0
660,2020-11-25T06:00:00,2020-11-26,0.4862,modéré,faible,1.0.0,observee,0
661,2020-11-25T06:00:00,2020-11-27,0.596,modéré,faible,1.0.0,proxy_saisonnier,0
662,2020-11-26T06:00:00,2020-11-27,0.164,faible,haute,1.0.0,observee,0
663,2020-11-26T06:00:00,2020-11-28,0.596,modéré,faible,1.0.0,proxy_saisonnier,0
664,2020-11-27T06:00:00,2020-11-28,0.3539,modéré,faible,1.0.0,observee,0
665,2020-11-27T06:00:00,2020-11-29,0.596,modéré,faible,1.0.0,proxy_saisonnier,0
666,2020-11-28T06:00:00,2020-11-29,0.2925,faible,modérée,1.0.0,observee,0
667,2020-11-28T06:00:00,2020-11-30,0.596,modéré,faible,1.0.0,proxy_saisonnier,1
668,2020-11-29T06:00:00,2020-11-30,0.108,faible,haute,1.0.0,observee,1
669,2020-11-29T06:00:00,2020-12-01,0.6332,élevé,faible,1.0.0,proxy_saisonnier,1
670,2020-11-30T06:00:00,2020-12-01,0.5546,modéré,faible,1.0.0,observee,1
671,2020-11-30T06:00:00,2020-12-02,0.6332,élevé,faible,1.0.0,proxy_saisonnier,1
672,2020-12-01T06:00:00,2020-12-02,0.6324,élevé,faible,1.0.0,observee,1
673,2020-12-01T06:00:00,2020-12-03,0.6332,élevé,faible,1.0.0,proxy_saisonnier,1
674,2020-12-02T06:00:00,2020-12-03,0.683,élevé,modérée,1.0.0,observee,1
675,2020-12-02T06:00:00,2020-12-04,0.6332,élevé,faible,1.0.0,proxy_saisonnier,1
676,2020-12-03T06:00:00,2020-12-04,0.8251,élevé,haute,1.0.0,observee,1
677,2020-12-03T06:00:00,2020-12-05,0.6332,élevé,faible,1.0.0,proxy_saisonnier,1
678,2020-12-04T06:00:00,2020-12-05,0.7985,élevé,modérée,1.0.0,observee,1
679,2020-12-04T06:00:00,2020-12-06,0.6332,élevé,faible,1.0.0,proxy_saisonnier,0
680,2020-12-05T06:00:00,2020-12-06,0.8747,élevé,haute,1.0.0,observee,0
681,2020-12-05T06:00:00,2020-12-07,0.6332,élevé,faible,1.0.0,proxy_saisonnier,0
682,2020-12-06T06:00:00,2020-12-07,0.6406,élevé,faible,1.0.0,observee,0
683,2020-12-06T06:00:00,2020-12-08,0.6332,élevé,faible,1.0.0,proxy_saisonnier,0
684,2020-12-07T06:00:00,2020-12-08,0.4185,modéré,faible,1.0.0,observee,0
685,2020-12-07T06:00:00,2020-12-09,0.6332,élevé,faible,1.0.0,proxy_saisonnier,0
686,2020-12-08T06:00:00,2020-12-09,0.3631,modéré,faible,1.0.0,observee,0
687,2020-12-08T06:00:00,2020-12-10,0.6332,élevé,faible,1.0.0,proxy_saisonnier,1
688,2020-12-09T06:00:00,2020-12-10,0.2841,faible,modérée,1.0.0,observee,1
689,2020-12-09T06:00:00,2020-12-11,0.6332,élevé,faible,1.0.0,proxy_saisonnier,1
690,2020-12-10T06:00:00,2020-12-11,0.7973,élevé,modérée,1.0.0,observee,1
691,2020-12-10T06:00:00,2020-12-12,0.6332,élevé,faible,1.0.0,proxy_saisonnier,1
692,2020-12-11T06:00:00,2020-12-12,0.9208,élevé,haute,1.0.0,observee,1
693,2020-12-11T06:00:00,2020-12-13,0.6332,élevé,faible,1.0.0,proxy_saisonnier,1
694,2020-12-12T06:00:00,2020-12-13,0.7842,élevé,modérée,1.0.0,observee,1
695,2020-12-12T06:00:00,2020-12-14,0.6332,élevé,faible,1.0.0,proxy_saisonnier,1
696,2020-12-13T06:00:00,2020-12-14,0.7893,élevé,modérée,1.0.0,observee,1
697,2020-12-13T06:00:00,2020-12-15,0.6332,élevé,faible,1.0.0,proxy_saisonnier,0
698,2020-12-14T06:00:00,2020-12-15,0.8605,élevé,haute,1.0.0,observee,0
699,2020-12-14T06:00:00,2020-12-16,0.6332,élevé,faible,1.0.0,proxy_saisonnier,1
700,2020-12-15T06:00:00,2020-12-16,0.6126,élevé,faible,1.0.0,observee,1
701,2020-12-15T06:00:00,2020-12-17,0.6332,élevé,faible,1.0.0,proxy_saisonnier,0
702,2020-12-16T06:00:00,2020-12-17,0.8449,élevé,haute,1.0.0,observee,0
703,2020-12-16T06:00:00,2020-12-18,0.6332,élevé,faible,1.0.0,proxy_saisonnier,1
704,2020-12-17T06:00:00,2020-12-18,0.5855,modéré,faible,1.0.0,observee,1
705,2020-12-17T06:00:00,2020-12-19,0.6332,élevé,faible,1.0.0,proxy_saisonnier,0
706,2020-12-18T06:00:00,2020-12-19,0.6541,élevé,modérée,1.0.0,observee,0
707,2020-12-18T06:00:00,2020-12-20,0.6332,élevé,faible,1.0.0,proxy_saisonnier,1
708,2020-12-19T06:00:00,2020-12-20,0.7315,élevé,modérée,1.0.0,observee,1
709,2020-12-19T06:00:00,2020-12-21,0.6332,élevé,faible,1.0.0,proxy_saisonnier,1
710,2020-12-20T06:00:00,2020-12-21,0.7505,élevé,modérée,1.0.0,observee,1
711,2020-12-20T06:00:00,2020-12-22,0.6332,élevé,faible,1.0.0,proxy_saisonnier,1
712,2020-12-21T06:00:00,2020-12-22,0.7402,élevé,modérée,1.0.0,observee,1
713,2020-12-21T06:00:00,2020-12-23,0.6332,élevé,faible,1.0.0,proxy_saisonnier,1
714,2020-12-22T06:00:00,2020-12-23,0.6936,élevé,modérée,1.0.0,observee,1
715,2020-12-22T06:00:00,2020-12-24,0.6332,élevé,faible,1.0.0,proxy_saisonnier,1
716,2020-12-23T06:00:00,2020-12-24,0.7977,élevé,modérée,1.0.0,observee,1
717,2020-12-23T06:00:00,2020-12-25,0.6332,élevé,faible,1.0.0,proxy_saisonnier,0
718,2020-12-24T06:00:00,2020-12-25,0.8507,élevé,haute,1.0.0,observee,0
719,2020-12-24T06:00:00,2020-12-26,0.6332,élevé,faible,1.0.0,proxy_saisonnier,1
720,2020-12-25T06:00:00,2020-12-26,0.1469,faible,haute,1.0.0,observee,1
721,2020-12-25T06:00:00,2020-12-27,0.6332,élevé,faible,1.0.0,proxy_saisonnier,1
722,2020-12-26T06:00:00,2020-12-27,0.669,élevé,modérée,1.0.0,observee,1
723,2020-12-26T06:00:00,2020-12-28,0.6332,élevé,faible,1.0.0,proxy_saisonnier,1
724,2020-12-27T06:00:00,2020-12-28,0.7669,élevé,modérée,1.0.0,observee,1
725,2020-12-27T06:00:00,2020-12-29,0.6332,élevé,faible,1.0.0,proxy_saisonnier,1
726,2020-12-28T06:00:00,2020-12-29,0.8829,élevé,haute,1.0.0,observee,1
727,2020-12-28T06:00:00,2020-12-30,0.6332,élevé,faible,1.0.0,proxy_saisonnier,1
728,2020-12-29T06:00:00,2020-12-30,0.7407,élevé,modérée,1.0.0,observee,1
729,2020-12-29T06:00:00,2020-12-31,0.6332,élevé,faible,1.0.0,proxy_saisonnier,0
730,2020-12-30T06:00:00,2020-12-31,0.729,élevé,modérée,1.0.0,observee,0
731,2020-12-30T06:00:00,2021-01-01,0.6218,élevé,faible,1.0.0,proxy_saisonnier,0
732,2020-12-31T06:00:00,2021-01-01,0.5888,modéré,faible,1.0.0,observee,0
733,2020-12-31T06:00:00,2021-01-02,0.6218,élevé,faible,1.0.0,proxy_saisonnier,0
734,2021-01-01T06:00:00,2021-01-02,0.2184,faible,modérée,1.0.0,observee,0
735,2021-01-01T06:00:00,2021-01-03,0.6218,élevé,faible,1.0.0,proxy_saisonnier,0
736,2021-01-02T06:00:00,2021-01-03,0.2576,faible,modérée,1.0.0,observee,0
737,2021-01-02T06:00:00,2021-01-04,0.6218,élevé,faible,1.0.0,proxy_saisonnier,0
738,2021-01-03T06:00:00,2021-01-04,0.2669,faible,modérée,1.0.0,observee,0
739,2021-01-03T06:00:00,2021-01-05,0.6218,élevé,faible,1.0.0,proxy_saisonnier,1
740,2021-01-04T06:00:00,2021-01-05,0.4661,modéré,faible,1.0.0,observee,1
741,2021-01-04T06:00:00,2021-01-06,0.6218,élevé,faible,1.0.0,proxy_saisonnier,1
742,2021-01-05T06:00:00,2021-01-06,0.5466,modéré,faible,1.0.0,observee,1
743,2021-01-05T06:00:00,2021-01-07,0.6218,élevé,faible,1.0.0,proxy_saisonnier,0
744,2021-01-06T06:00:00,2021-01-07,0.5523,modéré,faible,1.0.0,observee,0
745,2021-01-06T06:00:00,2021-01-08,0.6218,élevé,faible,1.0.0,proxy_saisonnier,0
746,2021-01-07T06:00:00,2021-01-08,0.2122,faible,modérée,1.0.0,observee,0
747,2021-01-07T06:00:00,2021-01-09,0.6218,élevé,faible,1.0.0,proxy_saisonnier,0
748,2021-01-08T06:00:00,2021-01-09,0.211,faible,modérée,1.0.0,observee,0
749,2021-01-08T06:00:00,2021-01-10,0.6218,élevé,faible,1.0.0,proxy_saisonnier,0
750,2021-01-09T06:00:00,2021-01-10,0.3569,modéré,faible,1.0.0,observee,0
751,2021-01-09T06:00:00,2021-01-11,0.6218,élevé,faible,1.0.0,proxy_saisonnier,1
752,2021-01-10T06:00:00,2021-01-11,0.2,faible,haute,1.0.0,observee,1
753,2021-01-10T06:00:00,2021-01-12,0.6218,élevé,faible,1.0.0,proxy_saisonnier,1
754,2021-01-11T06:00:00,2021-01-12,0.651,élevé,modérée,1.0.0,observee,1
755,2021-01-11T06:00:00,2021-01-13,0.6218,élevé,faible,1.0.0,proxy_saisonnier,1
756,2021-01-12T06:00:00,2021-01-13,0.7956,élevé,modérée,1.0.0,observee,1
757,2021-01-12T06:00:00,2021-01-14,0.6218,élevé,faible,1.0.0,proxy_saisonnier,1
758,2021-01-13T06:00:00,2021-01-14,0.7774,élevé,modérée,1.0.0,observee,1
759,2021-01-13T06:00:00,2021-01-15,0.6218,élevé,faible,1.0.0,proxy_saisonnier,1
760,2021-01-14T06:00:00,2021-01-15,0.8435,élevé,haute,1.0.0,observee,1
761,2021-01-14T06:00:00,2021-01-16,0.6218,élevé,faible,1.0.0,proxy_saisonnier,1
762,2021-01-15T06:00:00,2021-01-16,0.6772,élevé,modérée,1.0.0,observee,1
763,2021-01-15T06:00:00,2021-01-17,0.6218,élevé,faible,1.0.0,proxy_saisonnier,0
764,2021-01-16T06:00:00,2021-01-17,0.6225,élevé,faible,1.0.0,observee,0
765,2021-01-16T06:00:00,2021-01-18,0.6218,élevé,faible,1.0.0,proxy_saisonnier,1
766,2021-01-17T06:00:00,2021-01-18,0.4476,modéré,faible,1.0.0,observee,1
767,2021-01-17T06:00:00,2021-01-19,0.6218,élevé,faible,1.0.0,proxy_saisonnier,0
768,2021-01-18T06:00:00,2021-01-19,0.4341,modéré,faible,1.0.0,observee,0
769,2021-01-18T06:00:00,2021-01-20,0.6218,élevé,faible,1.0.0,proxy_saisonnier,1
770,2021-01-19T06:00:00,2021-01-20,0.5564,modéré,faible,1.0.0,observee,1
771,2021-01-19T06:00:00,2021-01-21,0.6218,élevé,faible,1.0.0,proxy_saisonnier,1
772,2021-01-20T06:00:00,2021-01-21,0.7656,élevé,modérée,1.0.0,observee,1
773,2021-01-20T06:00:00,2021-01-22,0.6218,élevé,faible,1.0.0,proxy_saisonnier,1
774,2021-01-21T06:00:00,2021-01-22,0.8825,élevé,haute,1.0.0,observee,1
775,2021-01-21T06:00:00,2021-01-23,0.6218,élevé,faible,1.0.0,proxy_saisonnier,1
776,2021-01-22T06:00:00,2021-01-23,0.8985,élevé,haute,1.0.0,observee,1
777,2021-01-22T06:00:00,2021-01-24,0.6218,élevé,faible,1.0.0,proxy_saisonnier,1
778,2021-01-23T06:00:00,2021-01-24,0.7629,élevé,modérée,1.0.0,observee,1
779,2021-01-23T06:00:00,2021-01-25,0.6218,élevé,faible,1.0.0,proxy_saisonnier,1
780,2021-01-24T06:00:00,2021-01-25,0.6779,élevé,modérée,1.0.0,observee,1
781,2021-01-24T06:00:00,2021-01-26,0.6218,élevé,faible,1.0.0,proxy_saisonnier,1
782,2021-01-25T06:00:00,2021-01-26,0.7537,élevé,modérée,1.0.0,observee,1
783,2021-01-25T06:00:00,2021-01-27,0.6218,élevé,faible,1.0.0,proxy_saisonnier,1
784,2021-01-26T06:00:00,2021-01-27,0.6253,élevé,faible,1.0.0,observee,1
785,2021-01-26T06:00:00,2021-01-28,0.6218,élevé,faible,1.0.0,proxy_saisonnier,1
786,2021-01-27T06:00:00,2021-01-28,0.7314,élevé,modérée,1.0.0,observee,1
787,2021-01-27T06:00:00,2021-01-29,0.6218,élevé,faible,1.0.0,proxy_saisonnier,1
788,2021-01-28T06:00:00,2021-01-29,0.9335,élevé,haute,1.0.0,observee,1
789,2021-01-28T06:00:00,2021-01-30,0.6218,élevé,faible,1.0.0,proxy_saisonnier,1
790,2021-01-29T06:00:00,2021-01-30,0.819,élevé,haute,1.0.0,observee,1
791,2021-01-29T06:00:00,2021-01-31,0.6218,élevé,faible,1.0.0,proxy_saisonnier,1
792,2021-01-30T06:00:00,2021-01-31,0.8756,élevé,haute,1.0.0,observee,1
793,2021-01-30T06:00:00,2021-02-01,0.5473,modéré,faible,1.0.0,proxy_saisonnier,1
794,2021-01-31T06:00:00,2021-02-01,0.7438,élevé,modérée,1.0.0,observee,1
795,2021-01-31T06:00:00,2021-02-02,0.5473,modéré,faible,1.0.0,proxy_saisonnier,1
796,2021-02-01T06:00:00,2021-02-02,0.8428,élevé,haute,1.0.0,observee,1
797,2021-02-01T06:00:00,2021-02-03,0.5473,modéré,faible,1.0.0,proxy_saisonnier,1
798,2021-02-02T06:00:00,2021-02-03,0.866,élevé,haute,1.0.0,observee,1
799,2021-02-02T06:00:00,2021-02-04,0.5473,modéré,faible,1.0.0,proxy_saisonnier,0
800,2021-02-03T06:00:00,2021-02-04,0.919,élevé,haute,1.0.0,observee,0
801,2021-02-03T06:00:00,2021-02-05,0.5473,modéré,faible,1.0.0,proxy_saisonnier,1
802,2021-02-04T06:00:00,2021-02-05,0.6065,élevé,faible,1.0.0,observee,1
803,2021-02-04T06:00:00,2021-02-06,0.5473,modéré,faible,1.0.0,proxy_saisonnier,1
804,2021-02-05T06:00:00,2021-02-06,0.7871,élevé,modérée,1.0.0,observee,1
805,2021-02-05T06:00:00,2021-02-07,0.5473,modéré,faible,1.0.0,proxy_saisonnier,0
806,2021-02-06T06:00:00,2021-02-07,0.8564,élevé,haute,1.0.0,observee,0
807,2021-02-06T06:00:00,2021-02-08,0.5473,modéré,faible,1.0.0,proxy_saisonnier,0
808,2021-02-07T06:00:00,2021-02-08,0.6575,élevé,modérée,1.0.0,observee,0
809,2021-02-07T06:00:00,2021-02-09,0.5473,modéré,faible,1.0.0,proxy_saisonnier,1
810,2021-02-08T06:00:00,2021-02-09,0.3356,faible,modérée,1.0.0,observee,1
811,2021-02-08T06:00:00,2021-02-10,0.5473,modéré,faible,1.0.0,proxy_saisonnier,0
812,2021-02-09T06:00:00,2021-02-10,0.5813,modéré,faible,1.0.0,observee,0
813,2021-02-09T06:00:00,2021-02-11,0.5473,modéré,faible,1.0.0,proxy_saisonnier,0
814,2021-02-10T06:00:00,2021-02-11,0.3365,faible,modérée,1.0.0,observee,0
815,2021-02-10T06:00:00,2021-02-12,0.5473,modéré,faible,1.0.0,proxy_saisonnier,0
816,2021-02-11T06:00:00,2021-02-12,0.2889,faible,modérée,1.0.0,observee,0
817,2021-02-11T06:00:00,2021-02-13,0.5473,modéré,faible,1.0.0,proxy_saisonnier,0
818,2021-02-12T06:00:00,2021-02-13,0.2885,faible,modérée,1.0.0,observee,0
819,2021-02-12T06:00:00,2021-02-14,0.5473,modéré,faible,1.0.0,proxy_saisonnier,1
820,2021-02-13T06:00:00,2021-02-14,0.2144,faible,modérée,1.0.0,observee,1
821,2021-02-13T06:00:00,2021-02-15,0.5473,modéré,faible,1.0.0,proxy_saisonnier,1
822,2021-02-14T06:00:00,2021-02-15,0.3383,faible,modérée,1.0.0,observee,1
823,2021-02-14T06:00:00,2021-02-16,0.5473,modéré,faible,1.0.0,proxy_saisonnier,0
824,2021-02-15T06:00:00,2021-02-16,0.5623,modéré,faible,1.0.0,observee,0
825,2021-02-15T06:00:00,2021-02-17,0.5473,modéré,faible,1.0.0,proxy_saisonnier,1
826,2021-02-16T06:00:00,2021-02-17,0.5266,modéré,faible,1.0.0,observee,1
827,2021-02-16T06:00:00,2021-02-18,0.5473,modéré,faible,1.0.0,proxy_saisonnier,0
828,2021-02-17T06:00:00,2021-02-18,0.7508,élevé,modérée,1.0.0,observee,0
829,2021-02-17T06:00:00,2021-02-19,0.5473,modéré,faible,1.0.0,proxy_saisonnier,0
830,2021-02-18T06:00:00,2021-02-19,0.614,élevé,faible,1.0.0,observee,0
831,2021-02-18T06:00:00,2021-02-20,0.5473,modéré,faible,1.0.0,proxy_saisonnier,0
832,2021-02-19T06:00:00,2021-02-20,0.472,modéré,faible,1.0.0,observee,0
833,2021-02-19T06:00:00,2021-02-21,0.5473,modéré,faible,1.0.0,proxy_saisonnier,0
834,2021-02-20T06:00:00,2021-02-21,0.4876,modéré,faible,1.0.0,observee,0
835,2021-02-20T06:00:00,2021-02-22,0.5473,modéré,faible,1.0.0,proxy_saisonnier,0
836,2021-02-21T06:00:00,2021-02-22,0.479,modéré,faible,1.0.0,observee,0
837,2021-02-21T06:00:00,2021-02-23,0.5473,modéré,faible,1.0.0,proxy_saisonnier,0
838,2021-02-22T06:00:00,2021-02-23,0.3663,modéré,faible,1.0.0,observee,0
839,2021-02-22T06:00:00,2021-02-24,0.5473,modéré,faible,1.0.0,proxy_saisonnier,0
840,2021-02-23T06:00:00,2021-02-24,0.2136,faible,modérée,1.0.0,observee,0
841,2021-02-23T06:00:00,2021-02-25,0.5473,modéré,faible,1.0.0,proxy_saisonnier,1
842,2021-02-24T06:00:00,2021-02-25,0.1382,faible,haute,1.0.0,observee,1
843,2021-02-24T06:00:00,2021-02-26,0.5473,modéré,faible,1.0.0,proxy_saisonnier,0
844,2021-02-25T06:00:00,2021-02-26,0.4691,modéré,faible,1.0.0,observee,0
845,2021-02-25T06:00:00,2021-02-27,0.5473,modéré,faible,1.0.0,proxy_saisonnier,0
846,2021-02-26T06:00:00,2021-02-27,0.1689,faible,haute,1.0.0,observee,0
847,2021-02-26T06:00:00,2021-02-28,0.5473,modéré,faible,1.0.0,proxy_saisonnier,0
848,2021-02-27T06:00:00,2021-02-28,0.068,faible,haute,1.0.0,observee,0
849,2021-02-27T06:00:00,2021-03-01,0.4438,modéré,faible,1.0.0,proxy_saisonnier,0
850,2021-02-28T06:00:00,2021-03-01,0.0683,faible,haute,1.0.0,observee,0
851,2021-02-28T06:00:00,2021-03-02,0.4438,modéré,faible,1.0.0,proxy_saisonnier,1
852,2021-03-01T06:00:00,2021-03-02,0.1492,faible,haute,1.0.0,observee,1
853,2021-03-01T06:00:00,2021-03-03,0.4438,modéré,faible,1.0.0,proxy_saisonnier,1
854,2021-03-02T06:00:00,2021-03-03,0.4216,modéré,faible,1.0.0,observee,1
855,2021-03-02T06:00:00,2021-03-04,0.4438,modéré,faible,1.0.0,proxy_saisonnier,0
856,2021-03-03T06:00:00,2021-03-04,0.3437,faible,modérée,1.0.0,observee,0
857,2021-03-03T06:00:00,2021-03-05,0.4438,modéré,faible,1.0.0,proxy_saisonnier,0
858,2021-03-04T06:00:00,2021-03-05,0.3905,modéré,faible,1.0.0,observee,0
859,2021-03-04T06:00:00,2021-03-06,0.4438,modéré,faible,1.0.0,proxy_saisonnier,0
860,2021-03-05T06:00:00,2021-03-06,0.2601,faible,modérée,1.0.0,observee,0
861,2021-03-05T06:00:00,2021-03-07,0.4438,modéré,faible,1.0.0,proxy_saisonnier,0
862,2021-03-06T06:00:00,2021-03-07,0.0184,faible,haute,1.0.0,observee,0
863,2021-03-06T06:00:00,2021-03-08,0.4438,modéré,faible,1.0.0,proxy_saisonnier,0
864,2021-03-07T06:00:00,2021-03-08,0.0493,faible,haute,1.0.0,observee,0
865,2021-03-07T06:00:00,2021-03-09,0.4438,modéré,faible,1.0.0,proxy_saisonnier,1
866,2021-03-08T06:00:00,2021-03-09,0.0696,faible,haute,1.0.0,observee,1
867,2021-03-08T06:00:00,2021-03-10,0.4438,modéré,faible,1.0.0,proxy_saisonnier,1
868,2021-03-09T06:00:00,2021-03-10,0.6643,élevé,modérée,1.0.0,observee,1
869,2021-03-09T06:00:00,2021-03-11,0.4438,modéré,faible,1.0.0,proxy_saisonnier,1
870,2021-03-10T06:00:00,2021-03-11,0.6919,élevé,modérée,1.0.0,observee,1
871,2021-03-10T06:00:00,2021-03-12,0.4438,modéré,faible,1.0.0,proxy_saisonnier,1
872,2021-03-11T06:00:00,2021-03-12,0.8537,élevé,haute,1.0.0,observee,1
873,2021-03-11T06:00:00,2021-03-13,0.4438,modéré,faible,1.0.0,proxy_saisonnier,1
874,2021-03-12T06:00:00,2021-03-13,0.76,élevé,modérée,1.0.0,observee,1
875,2021-03-12T06:00:00,2021-03-14,0.4438,modéré,faible,1.0.0,proxy_saisonnier,1
876,2021-03-13T06:00:00,2021-03-14,0.7878,élevé,modérée,1.0.0,observee,1
877,2021-03-13T06:00:00,2021-03-15,0.4438,modéré,faible,1.0.0,proxy_saisonnier,1
878,2021-03-14T06:00:00,2021-03-15,0.7343,élevé,modérée,1.0.0,observee,1
879,2021-03-14T06:00:00,2021-03-16,0.4438,modéré,faible,1.0.0,proxy_saisonnier,1
880,2021-03-15T06:00:00,2021-03-16,0.5627,modéré,faible,1.0.0,observee,1
881,2021-03-15T06:00:00,2021-03-17,0.4438,modéré,faible,1.0.0,proxy_saisonnier,1
882,2021-03-16T06:00:00,2021-03-17,0.5064,modéré,faible,1.0.0,observee,1
883,2021-03-16T06:00:00,2021-03-18,0.4438,modéré,faible,1.0.0,proxy_saisonnier,1
884,2021-03-17T06:00:00,2021-03-18,0.5556,modéré,faible,1.0.0,observee,1
885,2021-03-17T06:00:00,2021-03-19,0.4438,modéré,faible,1.0.0,proxy_saisonnier,0
886,2021-03-18T06:00:00,2021-03-19,0.5817,modéré,faible,1.0.0,observee,0
887,2021-03-18T06:00:00,2021-03-20,0.4438,modéré,faible,1.0.0,proxy_saisonnier,0
888,2021-03-19T06:00:00,2021-03-20,0.478,modéré,faible,1.0.0,observee,0
889,2021-03-19T06:00:00,2021-03-21,0.4438,modéré,faible,1.0.0,proxy_saisonnier,0
890,2021-03-20T06:00:00,2021-03-21,0.044,faible,haute,1.0.0,observee,0
891,2021-03-20T06:00:00,2021-03-22,0.4438,modéré,faible,1.0.0,proxy_saisonnier,0
892,2021-03-21T06:00:00,2021-03-22,0.3233,faible,modérée,1.0.0,observee,0
893,2021-03-21T06:00:00,2021-03-23,0.4438,modéré,faible,1.0.0,proxy_saisonnier,0
894,2021-03-22T06:00:00,2021-03-23,0.2317,faible,modérée,1.0.0,observee,0
895,2021-03-22T06:00:00,2021-03-24,0.4438,modéré,faible,1.0.0,proxy_saisonnier,1
896,2021-03-23T06:00:00,2021-03-24,0.2558,faible,modérée,1.0.0,observee,1
897,2021-03-23T06:00:00,2021-03-25,0.4438,modéré,faible,1.0.0,proxy_saisonnier,1
898,2021-03-24T06:00:00,2021-03-25,0.5317,modéré,faible,1.0.0,observee,1
899,2021-03-24T06:00:00,2021-03-26,0.4438,modéré,faible,1.0.0,proxy_saisonnier,0
900,2021-03-25T06:00:00,2021-03-26,0.6588,élevé,modérée,1.0.0,observee,0
901,2021-03-25T06:00:00,2021-03-27,0.4438,modéré,faible,1.0.0,proxy_saisonnier,0
902,2021-03-26T06:00:00,2021-03-27,0.4177,modéré,faible,1.0.0,observee,0
903,2021-03-26T06:00:00,2021-03-28,0.4438,modéré,faible,1.0.0,proxy_saisonnier,0
904,2021-03-27T06:00:00,2021-03-28,0.238,faible,modérée,1.0.0,observee,0
905,2021-03-27T06:00:00,2021-03-29,0.4438,modéré,faible,1.0.0,proxy_saisonnier,0
906,2021-03-28T06:00:00,2021-03-29,0.1363,faible,haute,1.0.0,observee,0
907,2021-03-28T06:00:00,2021-03-30,0.4438,modéré,faible,1.0.0,proxy_saisonnier,0
908,2021-03-29T06:00:00,2021-03-30,0.1607,faible,haute,1.0.0,observee,0
909,2021-03-29T06:00:00,2021-03-31,0.4438,modéré,faible,1.0.0,proxy_saisonnier,0
910,2021-03-30T06:00:00,2021-03-31,0.1603,faible,haute,1.0.0,observee,0
911,2021-03-30T06:00:00,2021-04-01,0.3682,modéré,faible,1.0.0,proxy_saisonnier,0
912,2021-03-31T06:00:00,2021-04-01,0.254,faible,modérée,1.0.0,observee,0
913,2021-03-31T06:00:00,2021-04-02,0.3682,modéré,faible,1.0.0,proxy_saisonnier,0
914,2021-04-01T06:00:00,2021-04-02,0.1456,faible,haute,1.0.0,observee,0
915,2021-04-01T06:00:00,2021-04-03,0.3682,modéré,faible,1.0.0,proxy_saisonnier,0
916,2021-04-02T06:00:00,2021-04-03,0.0967,faible,haute,1.0.0,observee,0
917,2021-04-02T06:00:00,2021-04-04,0.3682,modéré,faible,1.0.0,proxy_saisonnier,1
918,2021-04-03T06:00:00,2021-04-04,0.1994,faible,haute,1.0.0,observee,1
919,2021-04-03T06:00:00,2021-04-05,0.3682,modéré,faible,1.0.0,proxy_saisonnier,1
920,2021-04-04T06:00:00,2021-04-05,0.2556,faible,modérée,1.0.0,observee,1
921,2021-04-04T06:00:00,2021-04-06,0.3682,modéré,faible,1.0.0,proxy_saisonnier,0
922,2021-04-05T06:00:00,2021-04-06,0.719,élevé,modérée,1.0.0,observee,0
923,2021-04-05T06:00:00,2021-04-07,0.3682,modéré,faible,1.0.0,proxy_saisonnier,0
924,2021-04-06T06:00:00,2021-04-07,0.0524,faible,haute,1.0.0,observee,0
925,2021-04-06T06:00:00,2021-04-08,0.3682,modéré,faible,1.0.0,proxy_saisonnier,1
926,2021-04-07T06:00:00,2021-04-08,0.066,faible,haute,1.0.0,observee,1
927,2021-04-07T06:00:00,2021-04-09,0.3682,modéré,faible,1.0.0,proxy_saisonnier,1
928,2021-04-08T06:00:00,2021-04-09,0.5241,modéré,faible,1.0.0,observee,1
929,2021-04-08T06:00:00,2021-04-10,0.3682,modéré,faible,1.0.0,proxy_saisonnier,1
930,2021-04-09T06:00:00,2021-04-10,0.6469,élevé,faible,1.0.0,observee,1
931,2021-04-09T06:00:00,2021-04-11,0.3682,modéré,faible,1.0.0,proxy_saisonnier,0
932,2021-04-10T06:00:00,2021-04-11,0.8351,élevé,haute,1.0.0,observee,0
933,2021-04-10T06:00:00,2021-04-12,0.3682,modéré,faible,1.0.0,proxy_saisonnier,0
934,2021-04-11T06:00:00,2021-04-12,0.5732,modéré,faible,1.0.0,observee,0
935,2021-04-11T06:00:00,2021-04-13,0.3682,modéré,faible,1.0.0,proxy_saisonnier,0
936,2021-04-12T06:00:00,2021-04-13,0.0634,faible,haute,1.0.0,observee,0
937,2021-04-12T06:00:00,2021-04-14,0.3682,modéré,faible,1.0.0,proxy_saisonnier,0
938,2021-04-13T06:00:00,2021-04-14,0.032,faible,haute,1.0.0,observee,0
939,2021-04-13T06:00:00,2021-04-15,0.3682,modéré,faible,1.0.0,proxy_saisonnier,0
940,2021-04-14T06:00:00,2021-04-15,0.0413,faible,haute,1.0.0,observee,0
941,2021-04-14T06:00:00,2021-04-16,0.3682,modéré,faible,1.0.0,proxy_saisonnier,0
942,2021-04-15T06:00:00,2021-04-16,0.0523,faible,haute,1.0.0,observee,0
943,2021-04-15T06:00:00,2021-04-17,0.3682,modéré,faible,1.0.0,proxy_saisonnier,0
944,2021-04-16T06:00:00,2021-04-17,0.2021,faible,modérée,1.0.0,observee,0
945,2021-04-16T06:00:00,2021-04-18,0.3682,modéré,faible,1.0.0,proxy_saisonnier,0
946,2021-04-17T06:00:00,2021-04-18,0.1752,faible,haute,1.0.0,observee,0
947,2021-04-17T06:00:00,2021-04-19,0.3682,modéré,faible,1.0.0,proxy_saisonnier,0
948,2021-04-18T06:00:00,2021-04-19,0.3479,faible,modérée,1.0.0,observee,0
949,2021-04-18T06:00:00,2021-04-20,0.3682,modéré,faible,1.0.0,proxy_saisonnier,0
950,2021-04-19T06:00:00,2021-04-20,0.1504,faible,haute,1.0.0,observee,0
951,2021-04-19T06:00:00,2021-04-21,0.3682,modéré,faible,1.0.0,proxy_saisonnier,0
952,2021-04-20T06:00:00,2021-04-21,0.3829,modéré,faible,1.0.0,observee,0
953,2021-04-20T06:00:00,2021-04-22,0.3682,modéré,faible,1.0.0,proxy_saisonnier,0
954,2021-04-21T06:00:00,2021-04-22,0.2219,faible,modérée,1.0.0,observee,0
955,2021-04-21T06:00:00,2021-04-23,0.3682,modéré,faible,1.0.0,proxy_saisonnier,0
956,2021-04-22T06:00:00,2021-04-23,0.035,faible,haute,1.0.0,observee,0
957,2021-04-22T06:00:00,2021-04-24,0.3682,modéré,faible,1.0.0,proxy_saisonnier,0
958,2021-04-23T06:00:00,2021-04-24,0.0501,faible,haute,1.0.0,observee,0
959,2021-04-23T06:00:00,2021-04-25,0.3682,modéré,faible,1.0.0,proxy_saisonnier,0
960,2021-04-24T06:00:00,2021-04-25,0.0718,faible,haute,1.0.0,observee,0
961,2021-04-24T06:00:00,2021-04-26,0.3682,modéré,faible,1.0.0,proxy_saisonnier,0
962,2021-04-25T06:00:00,2021-04-26,0.0507,faible,haute,1.0.0,observee,0
963,2021-04-25T06:00:00,2021-04-27,0.3682,modéré,faible,1.0.0,proxy_saisonnier,1
964,2021-04-26T06:00:00,2021-04-27,0.3042,faible,modérée,1.0.0,observee,1
965,2021-04-26T06:00:00,2021-04-28,0.3682,modéré,faible,1.0.0,proxy_saisonnier,0
966,2021-04-27T06:00:00,2021-04-28,0.6357,élevé,faible,1.0.0,observee,0
967,2021-04-27T06:00:00,2021-04-29,0.3682,modéré,faible,1.0.0,proxy_saisonnier,0
968,2021-04-28T06:00:00,2021-04-29,0.48,modéré,faible,1.0.0,observee,0
969,2021-04-28T06:00:00,2021-04-30,0.3682,modéré,faible,1.0.0,proxy_saisonnier,1
970,2021-04-29T06:00:00,2021-04-30,0.5185,modéré,faible,1.0.0,observee,1
971,2021-04-29T06:00:00,2021-05-01,0.4796,modéré,faible,1.0.0,proxy_saisonnier,1
972,2021-04-30T06:00:00,2021-05-01,0.6021,élevé,faible,1.0.0,observee,1
973,2021-04-30T06:00:00,2021-05-02,0.4796,modéré,faible,1.0.0,proxy_saisonnier,0
974,2021-05-01T06:00:00,2021-05-02,0.7283,élevé,modérée,1.0.0,observee,0
975,2021-05-01T06:00:00,2021-05-03,0.4796,modéré,faible,1.0.0,proxy_saisonnier,1
976,2021-05-02T06:00:00,2021-05-03,0.2748,faible,modérée,1.0.0,observee,1
977,2021-05-02T06:00:00,2021-05-04,0.4796,modéré,faible,1.0.0,proxy_saisonnier,1
978,2021-05-03T06:00:00,2021-05-04,0.4683,modéré,faible,1.0.0,observee,1
979,2021-05-03T06:00:00,2021-05-05,0.4796,modéré,faible,1.0.0,proxy_saisonnier,1
980,2021-05-04T06:00:00,2021-05-05,0.8337,élevé,haute,1.0.0,observee,1
981,2021-05-04T06:00:00,2021-05-06,0.4796,modéré,faible,1.0.0,proxy_saisonnier,0
982,2021-05-05T06:00:00,2021-05-06,0.6572,élevé,modérée,1.0.0,observee,0
983,2021-05-05T06:00:00,2021-05-07,0.4796,modéré,faible,1.0.0,proxy_saisonnier,1
984,2021-05-06T06:00:00,2021-05-07,0.7047,élevé,modérée,1.0.0,observee,1
985,2021-05-06T06:00:00,2021-05-08,0.4796,modéré,faible,1.0.0,proxy_saisonnier,0
986,2021-05-07T06:00:00,2021-05-08,0.5725,modéré,faible,1.0.0,observee,0
987,2021-05-07T06:00:00,2021-05-09,0.4796,modéré,faible,1.0.0,proxy_saisonnier,1
988,2021-05-08T06:00:00,2021-05-09,0.4303,modéré,faible,1.0.0,observee,1
989,2021-05-08T06:00:00,2021-05-10,0.4796,modéré,faible,1.0.0,proxy_saisonnier,0
990,2021-05-09T06:00:00,2021-05-10,0.7783,élevé,modérée,1.0.0,observee,0
991,2021-05-09T06:00:00,2021-05-11,0.4796,modéré,faible,1.0.0,proxy_saisonnier,1
992,2021-05-10T06:00:00,2021-05-11,0.6768,élevé,modérée,1.0.0,observee,1
993,2021-05-10T06:00:00,2021-05-12,0.4796,modéré,faible,1.0.0,proxy_saisonnier,1
994,2021-05-11T06:00:00,2021-05-12,0.7943,élevé,modérée,1.0.0,observee,1
995,2021-05-11T06:00:00,2021-05-13,0.4796,modéré,faible,1.0.0,proxy_saisonnier,1
996,2021-05-12T06:00:00,2021-05-13,0.7934,élevé,modérée,1.0.0,observee,1
997,2021-05-12T06:00:00,2021-05-14,0.4796,modéré,faible,1.0.0,proxy_saisonnier,1
998,2021-05-13T06:00:00,2021-05-14,0.8271,élevé,haute,1.0.0,observee,1
999,2021-05-13T06:00:00,2021-05-15,0.4796,modéré,faible,1.0.0,proxy_saisonnier,1
1000,2021-05-14T06:00:00,2021-05-15,0.8529,élevé,haute,1.0.0,observee,1
1001,2021-05-14T06:00:00,2021-05-16,0.4796,modéré,faible,1.0.0,proxy_saisonnier,1
1002,2021-05-15T06:00:00,2021-05-16,0.9355,élevé,haute,1.0.0,observee,1
1003,2021-05-15T06:00:00,2021-05-17,0.4796,modéré,faible,1.0.0,proxy_saisonnier,1
1004,2021-05-16T06:00:00,2021-05-17,0.9187,élevé,haute,1.0.0,observee,1
1005,2021-05-16T06:00:00,2021-05-18,0.4796,modéré,faible,1.0.0,proxy_saisonnier,1
1006,2021-05-17T06:00:00,2021-05-18,0.8606,élevé,haute,1.0.0,observee,1
1007,2021-05-17T06:00:00,2021-05-19,0.4796,modéré,faible,1.0.0,proxy_saisonnier,0
1008,2021-05-18T06:00:00,2021-05-19,0.5949,modéré,faible,1.0.0,observee,0
1009,2021-05-18T06:00:00,2021-05-20,0.4796,modéré,faible,1.0.0,proxy_saisonnier,0
1010,2021-05-19T06:00:00,2021-05-20,0.4251,modéré,faible,1.0.0,observee,0
1011,2021-05-19T06:00:00,2021-05-21,0.4796,modéré,faible,1.0.0,proxy_saisonnier,1
1012,2021-05-20T06:00:00,2021-05-21,0.3026,faible,modérée,1.0.0,observee,1
1013,2021-05-20T06:00:00,2021-05-22,0.4796,modéré,faible,1.0.0,proxy_saisonnier,0
1014,2021-05-21T06:00:00,2021-05-22,0.7689,élevé,modérée,1.0.0,observee,0
1015,2021-05-21T06:00:00,2021-05-23,0.4796,modéré,faible,1.0.0,proxy_saisonnier,1
1016,2021-05-22T06:00:00,2021-05-23,0.4343,modéré,faible,1.0.0,observee,1
1017,2021-05-22T06:00:00,2021-05-24,0.4796,modéré,faible,1.0.0,proxy_saisonnier,1
1018,2021-05-23T06:00:00,2021-05-24,0.6234,élevé,faible,1.0.0,observee,1
1019,2021-05-23T06:00:00,2021-05-25,0.4796,modéré,faible,1.0.0,proxy_saisonnier,1
1020,2021-05-24T06:00:00,2021-05-25,0.8336,élevé,haute,1.0.0,observee,1
1021,2021-05-24T06:00:00,2021-05-26,0.4796,modéré,faible,1.0.0,proxy_saisonnier,0
1022,2021-05-25T06:00:00,2021-05-26,0.5496,modéré,faible,1.0.0,observee,0
1023,2021-05-25T06:00:00,2021-05-27,0.4796,modéré,faible,1.0.0,proxy_saisonnier,0
1024,2021-05-26T06:00:00,2021-05-27,0.6164,élevé,faible,1.0.0,observee,0
1025,2021-05-26T06:00:00,2021-05-28,0.4796,modéré,faible,1.0.0,proxy_saisonnier,0
1026,2021-05-27T06:00:00,2021-05-28,0.2456,faible,modérée,1.0.0,observee,0
1027,2021-05-27T06:00:00,2021-05-29,0.4796,modéré,faible,1.0.0,proxy_saisonnier,0
1028,2021-05-28T06:00:00,2021-05-29,0.2653,faible,modérée,1.0.0,observee,0
1029,2021-05-28T06:00:00,2021-05-30,0.4796,modéré,faible,1.0.0,proxy_saisonnier,0
1030,2021-05-29T06:00:00,2021-05-30,0.1594,faible,haute,1.0.0,observee,0
1031,2021-05-29T06:00:00,2021-05-31,0.4796,modéré,faible,1.0.0,proxy_saisonnier,0
1032,2021-05-30T06:00:00,2021-05-31,0.0118,faible,haute,1.0.0,observee,0
1033,2021-05-30T06:00:00,2021-06-01,0.5901,modéré,faible,1.0.0,proxy_saisonnier,1
1034,2021-05-31T06:00:00,2021-06-01,0.0298,faible,haute,1.0.0,observee,1
1035,2021-05-31T06:00:00,2021-06-02,0.5901,modéré,faible,1.0.0,proxy_saisonnier,1
1036,2021-06-01T06:00:00,2021-06-02,0.6492,élevé,faible,1.0.0,observee,1
1037,2021-06-01T06:00:00,2021-06-03,0.5901,modéré,faible,1.0.0,proxy_saisonnier,1
1038,2021-06-02T06:00:00,2021-06-03,0.7209,élevé,modérée,1.0.0,observee,1
1039,2021-06-02T06:00:00,2021-06-04,0.5901,modéré,faible,1.0.0,proxy_saisonnier,0
1040,2021-06-03T06:00:00,2021-06-04,0.7209,élevé,modérée,1.0.0,observee,0
1041,2021-06-03T06:00:00,2021-06-05,0.5901,modéré,faible,1.0.0,proxy_saisonnier,0
1042,2021-06-04T06:00:00,2021-06-05,0.3963,modéré,faible,1.0.0,observee,0
1043,2021-06-04T06:00:00,2021-06-06,0.5901,modéré,faible,1.0.0,proxy_saisonnier,0
1044,2021-06-05T06:00:00,2021-06-06,0.2295,faible,modérée,1.0.0,observee,0
1045,2021-06-05T06:00:00,2021-06-07,0.5901,modéré,faible,1.0.0,proxy_saisonnier,0
1046,2021-06-06T06:00:00,2021-06-07,0.1268,faible,haute,1.0.0,observee,0
1047,2021-06-06T06:00:00,2021-06-08,0.5901,modéré,faible,1.0.0,proxy_saisonnier,0
1048,2021-06-07T06:00:00,2021-06-08,0.2172,faible,modérée,1.0.0,observee,0
1049,2021-06-07T06:00:00,2021-06-09,0.5901,modéré,faible,1.0.0,proxy_saisonnier,0
1050,2021-06-08T06:00:00,2021-06-09,0.2225,faible,modérée,1.0.0,observee,0
1051,2021-06-08T06:00:00,2021-06-10,0.5901,modéré,faible,1.0.0,proxy_saisonnier,0
1052,2021-06-09T06:00:00,2021-06-10,0.2506,faible,modérée,1.0.0,observee,0
1053,2021-06-09T06:00:00,2021-06-11,0.5901,modéré,faible,1.0.0,proxy_saisonnier,0
1054,2021-06-10T06:00:00,2021-06-11,0.0165,faible,haute,1.0.0,observee,0
1055,2021-06-10T06:00:00,2021-06-12,0.5901,modéré,faible,1.0.0,proxy_saisonnier,0
1056,2021-06-11T06:00:00,2021-06-12,0.0512,faible,haute,1.0.0,observee,0
1057,2021-06-11T06:00:00,2021-06-13,0.5901,modéré,faible,1.0.0,proxy_saisonnier,0
1058,2021-06-12T06:00:00,2021-06-13,0.2441,faible,modérée,1.0.0,observee,0
1059,2021-06-12T06:00:00,2021-06-14,0.5901,modéré,faible,1.0.0,proxy_saisonnier,0
1060,2021-06-13T06:00:00,2021-06-14,0.0176,faible,haute,1.0.0,observee,0
1061,2021-06-13T06:00:00,2021-06-15,0.5901,modéré,faible,1.0.0,proxy_saisonnier,0
1062,2021-06-14T06:00:00,2021-06-15,0.07,faible,haute,1.0.0,observee,0
1063,2021-06-14T06:00:00,2021-06-16,0.5901,modéré,faible,1.0.0,proxy_saisonnier,1
1064,2021-06-15T06:00:00,2021-06-16,0.3558,modéré,faible,1.0.0,observee,1
1065,2021-06-15T06:00:00,2021-06-17,0.5901,modéré,faible,1.0.0,proxy_saisonnier,1
1066,2021-06-16T06:00:00,2021-06-17,0.8119,élevé,haute,1.0.0,observee,1
1067,2021-06-16T06:00:00,2021-06-18,0.5901,modéré,faible,1.0.0,proxy_saisonnier,1
1068,2021-06-17T06:00:00,2021-06-18,0.782,élevé,modérée,1.0.0,observee,1
1069,2021-06-17T06:00:00,2021-06-19,0.5901,modéré,faible,1.0.0,proxy_saisonnier,1
1070,2021-06-18T06:00:00,2021-06-19,0.7174,élevé,modérée,1.0.0,observee,1
1071,2021-06-18T06:00:00,2021-06-20,0.5901,modéré,faible,1.0.0,proxy_saisonnier,1
1072,2021-06-19T06:00:00,2021-06-20,0.9456,élevé,haute,1.0.0,observee,1
1073,2021-06-19T06:00:00,2021-06-21,0.5901,modéré,faible,1.0.0,proxy_saisonnier,1
1074,2021-06-20T06:00:00,2021-06-21,0.896,élevé,haute,1.0.0,observee,1
1075,2021-06-20T06:00:00,2021-06-22,0.5901,modéré,faible,1.0.0,proxy_saisonnier,0
1076,2021-06-21T06:00:00,2021-06-22,0.851,élevé,haute,1.0.0,observee,0
1077,2021-06-21T06:00:00,2021-06-23,0.5901,modéré,faible,1.0.0,proxy_saisonnier,0
1078,2021-06-22T06:00:00,2021-06-23,0.6499,élevé,faible,1.0.0,observee,0
1079,2021-06-22T06:00:00,2021-06-24,0.5901,modéré,faible,1.0.0,proxy_saisonnier,1
1080,2021-06-23T06:00:00,2021-06-24,0.371,modéré,faible,1.0.0,observee,1
1081,2021-06-23T06:00:00,2021-06-25,0.5901,modéré,faible,1.0.0,proxy_saisonnier,1
1082,2021-06-24T06:00:00,2021-06-25,0.4321,modéré,faible,1.0.0,observee,1
1083,2021-06-24T06:00:00,2021-06-26,0.5901,modéré,faible,1.0.0,proxy_saisonnier,1
1084,2021-06-25T06:00:00,2021-06-26,0.6036,élevé,faible,1.0.0,observee,1
1085,2021-06-25T06:00:00,2021-06-27,0.5901,modéré,faible,1.0.0,proxy_saisonnier,1
1086,2021-06-26T06:00:00,2021-06-27,0.6151,élevé,faible,1.0.0,observee,1
1087,2021-06-26T06:00:00,2021-06-28,0.5901,modéré,faible,1.0.0,proxy_saisonnier,1
1088,2021-06-27T06:00:00,2021-06-28,0.8522,élevé,haute,1.0.0,observee,1
1089,2021-06-27T06:00:00,2021-06-29,0.5901,modéré,faible,1.0.0,proxy_saisonnier,1
1090,2021-06-28T06:00:00,2021-06-29,0.8218,élevé,haute,1.0.0,observee,1
1091,2021-06-28T06:00:00,2021-06-30,0.5901,modéré,faible,1.0.0,proxy_saisonnier,0
1092,2021-06-29T06:00:00,2021-06-30,0.8456,élevé,haute,1.0.0,observee,0
1093,2021-06-29T06:00:00,2021-07-01,0.437,modéré,faible,1.0.0,proxy_saisonnier,1
1094,2021-06-30T06:00:00,2021-07-01,0.5264,modéré,faible,1.0.0,observee,1
1095,2021-06-30T06:00:00,2021-07-02,0.437,modéré,faible,1.0.0,proxy_saisonnier,1
1096,2021-07-01T06:00:00,2021-07-02,0.5976,modéré,faible,1.0.0,observee,1
1097,2021-07-01T06:00:00,2021-07-03,0.437,modéré,faible,1.0.0,proxy_saisonnier,1
1098,2021-07-02T06:00:00,2021-07-03,0.6574,élevé,modérée,1.0.0,observee,1
1099,2021-07-02T06:00:00,2021-07-04,0.437,modéré,faible,1.0.0,proxy_saisonnier,1
1100,2021-07-03T06:00:00,2021-07-04,0.7933,élevé,modérée,1.0.0,observee,1
1101,2021-07-03T06:00:00,2021-07-05,0.437,modéré,faible,1.0.0,proxy_saisonnier,1
1102,2021-07-04T06:00:00,2021-07-05,0.8354,élevé,haute,1.0.0,observee,1
1103,2021-07-04T06:00:00,2021-07-06,0.437,modéré,faible,1.0.0,proxy_saisonnier,1
1104,2021-07-05T06:00:00,2021-07-06,0.8875,élevé,haute,1.0.0,observee,1
1105,2021-07-05T06:00:00,2021-07-07,0.437,modéré,faible,1.0.0,proxy_saisonnier,0
1106,2021-07-06T06:00:00,2021-07-07,0.6949,élevé,modérée,1.0.0,observee,0
1107,2021-07-06T06:00:00,2021-07-08,0.437,modéré,faible,1.0.0,proxy_saisonnier,0
1108,2021-07-07T06:00:00,2021-07-08,0.3694,modéré,faible,1.0.0,observee,0
1109,2021-07-07T06:00:00,2021-07-09,0.437,modéré,faible,1.0.0,proxy_saisonnier,1
1110,2021-07-08T06:00:00,2021-07-09,0.3132,faible,modérée,1.0.0,observee,1
1111,2021-07-08T06:00:00,2021-07-10,0.437,modéré,faible,1.0.0,proxy_saisonnier,0
1112,2021-07-09T06:00:00,2021-07-10,0.4984,modéré,faible,1.0.0,observee,0
1113,2021-07-09T06:00:00,2021-07-11,0.437,modéré,faible,1.0.0,proxy_saisonnier,1
1114,2021-07-10T06:00:00,2021-07-11,0.3848,modéré,faible,1.0.0,observee,1
1115,2021-07-10T06:00:00,2021-07-12,0.437,modéré,faible,1.0.0,proxy_saisonnier,1
1116,2021-07-11T06:00:00,2021-07-12,0.7465,élevé,modérée,1.0.0,observee,1
1117,2021-07-11T06:00:00,2021-07-13,0.437,modéré,faible,1.0.0,proxy_saisonnier,1
1118,2021-07-12T06:00:00,2021-07-13,0.8965,élevé,haute,1.0.0,observee,1
1119,2021-07-12T06:00:00,2021-07-14,0.437,modéré,faible,1.0.0,proxy_saisonnier,0
1120,2021-07-13T06:00:00,2021-07-14,0.7635,élevé,modérée,1.0.0,observee,0
1121,2021-07-13T06:00:00,2021-07-15,0.437,modéré,faible,1.0.0,proxy_saisonnier,0
1122,2021-07-14T06:00:00,2021-07-15,0.4471,modéré,faible,1.0.0,observee,0
1123,2021-07-14T06:00:00,2021-07-16,0.437,modéré,faible,1.0.0,proxy_saisonnier,0
1124,2021-07-15T06:00:00,2021-07-16,0.2398,faible,modérée,1.0.0,observee,0
1125,2021-07-15T06:00:00,2021-07-17,0.437,modéré,faible,1.0.0,proxy_saisonnier,0
1126,2021-07-16T06:00:00,2021-07-17,0.2083,faible,modérée,1.0.0,observee,0
1127,2021-07-16T06:00:00,2021-07-18,0.437,modéré,faible,1.0.0,proxy_saisonnier,0
1128,2021-07-17T06:00:00,2021-07-18,0.1922,faible,haute,1.0.0,observee,0
1129,2021-07-17T06:00:00,2021-07-19,0.437,modéré,faible,1.0.0,proxy_saisonnier,0
1130,2021-07-18T06:00:00,2021-07-19,0.0558,faible,haute,1.0.0,observee,0
1131,2021-07-18T06:00:00,2021-07-20,0.437,modéré,faible,1.0.0,proxy_saisonnier,0
1132,2021-07-19T06:00:00,2021-07-20,0.0257,faible,haute,1.0.0,observee,0
1133,2021-07-19T06:00:00,2021-07-21,0.437,modéré,faible,1.0.0,proxy_saisonnier,0
1134,2021-07-20T06:00:00,2021-07-21,0.0764,faible,haute,1.0.0,observee,0
1135,2021-07-20T06:00:00,2021-07-22,0.437,modéré,faible,1.0.0,proxy_saisonnier,0
1136,2021-07-21T06:00:00,2021-07-22,0.0327,faible,haute,1.0.0,observee,0
1137,2021-07-21T06:00:00,2021-07-23,0.437,modéré,faible,1.0.0,proxy_saisonnier,0
1138,2021-07-22T06:00:00,2021-07-23,0.0053,faible,haute,1.0.0,observee,0
1139,2021-07-22T06:00:00,2021-07-24,0.437,modéré,faible,1.0.0,proxy_saisonnier,1
1140,2021-07-23T06:00:00,2021-07-24,0.4815,modéré,faible,1.0.0,observee,1
1141,2021-07-23T06:00:00,2021-07-25,0.437,modéré,faible,1.0.0,proxy_saisonnier,1
1142,2021-07-24T06:00:00,2021-07-25,0.7321,élevé,modérée,1.0.0,observee,1
1143,2021-07-24T06:00:00,2021-07-26,0.437,modéré,faible,1.0.0,proxy_saisonnier,1
1144,2021-07-25T06:00:00,2021-07-26,0.8204,élevé,haute,1.0.0,observee,1
1145,2021-07-25T06:00:00,2021-07-27,0.437,modéré,faible,1.0.0,proxy_saisonnier,0
1146,2021-07-26T06:00:00,2021-07-27,0.8617,élevé,haute,1.0.0,observee,0
1147,2021-07-26T06:00:00,2021-07-28,0.437,modéré,faible,1.0.0,proxy_saisonnier,0
1148,2021-07-27T06:00:00,2021-07-28,0.5679,modéré,faible,1.0.0,observee,0
1149,2021-07-27T06:00:00,2021-07-29,0.437,modéré,faible,1.0.0,proxy_saisonnier,0
1150,2021-07-28T06:00:00,2021-07-29,0.3844,modéré,faible,1.0.0,observee,0
1151,2021-07-28T06:00:00,2021-07-30,0.437,modéré,faible,1.0.0,proxy_saisonnier,1
1152,2021-07-29T06:00:00,2021-07-30,0.3201,faible,modérée,1.0.0,observee,1
1153,2021-07-29T06:00:00,2021-07-31,0.437,modéré,faible,1.0.0,proxy_saisonnier,1
1154,2021-07-30T06:00:00,2021-07-31,0.6416,élevé,faible,1.0.0,observee,1
1155,2021-07-30T06:00:00,2021-08-01,0.4705,modéré,faible,1.0.0,proxy_saisonnier,1
1156,2021-07-31T06:00:00,2021-08-01,0.7451,élevé,modérée,1.0.0,observee,1
1157,2021-07-31T06:00:00,2021-08-02,0.4705,modéré,faible,1.0.0,proxy_saisonnier,1
1158,2021-08-01T06:00:00,2021-08-02,0.7446,élevé,modérée,1.0.0,observee,1
1159,2021-08-01T06:00:00,2021-08-03,0.4705,modéré,faible,1.0.0,proxy_saisonnier,1
1160,2021-08-02T06:00:00,2021-08-03,0.7183,élevé,modérée,1.0.0,observee,1
1161,2021-08-02T06:00:00,2021-08-04,0.4705,modéré,faible,1.0.0,proxy_saisonnier,1
1162,2021-08-03T06:00:00,2021-08-04,0.7702,élevé,modérée,1.0.0,observee,1
1163,2021-08-03T06:00:00,2021-08-05,0.4705,modéré,faible,1.0.0,proxy_saisonnier,1
1164,2021-08-04T06:00:00,2021-08-05,0.846,élevé,haute,1.0.0,observee,1
1165,2021-08-04T06:00:00,2021-08-06,0.4705,modéré,faible,1.0.0,proxy_saisonnier,1
1166,2021-08-05T06:00:00,2021-08-06,0.8465,élevé,haute,1.0.0,observee,1
1167,2021-08-05T06:00:00,2021-08-07,0.4705,modéré,faible,1.0.0,proxy_saisonnier,0
1168,2021-08-06T06:00:00,2021-08-07,0.7614,élevé,modérée,1.0.0,observee,0
1169,2021-08-06T06:00:00,2021-08-08,0.4705,modéré,faible,1.0.0,proxy_saisonnier,1
1170,2021-08-07T06:00:00,2021-08-08,0.5535,modéré,faible,1.0.0,observee,1
1171,2021-08-07T06:00:00,2021-08-09,0.4705,modéré,faible,1.0.0,proxy_saisonnier,1
1172,2021-08-08T06:00:00,2021-08-09,0.706,élevé,modérée,1.0.0,observee,1
1173,2021-08-08T06:00:00,2021-08-10,0.4705,modéré,faible,1.0.0,proxy_saisonnier,0
1174,2021-08-09T06:00:00,2021-08-10,0.5379,modéré,faible,1.0.0,observee,0
1175,2021-08-09T06:00:00,2021-08-11,0.4705,modéré,faible,1.0.0,proxy_saisonnier,0
1176,2021-08-10T06:00:00,2021-08-11,0.3501,modéré,faible,1.0.0,observee,0
1177,2021-08-10T06:00:00,2021-08-12,0.4705,modéré,faible,1.0.0,proxy_saisonnier,0
1178,2021-08-11T06:00:00,2021-08-12,0.3248,faible,modérée,1.0.0,observee,0
1179,2021-08-11T06:00:00,2021-08-13,0.4705,modéré,faible,1.0.0,proxy_saisonnier,0
1180,2021-08-12T06:00:00,2021-08-13,0.3579,modéré,faible,1.0.0,observee,0
1181,2021-08-12T06:00:00,2021-08-14,0.4705,modéré,faible,1.0.0,proxy_saisonnier,0
1182,2021-08-13T06:00:00,2021-08-14,0.0533,faible,haute,1.0.0,observee,0
1183,2021-08-13T06:00:00,2021-08-15,0.4705,modéré,faible,1.0.0,proxy_saisonnier,1
1184,2021-08-14T06:00:00,2021-08-15,0.0576,faible,haute,1.0.0,observee,1
1185,2021-08-14T06:00:00,2021-08-16,0.4705,modéré,faible,1.0.0,proxy_saisonnier,0
1186,2021-08-15T06:00:00,2021-08-16,0.5222,modéré,faible,1.0.0,observee,0
1187,2021-08-15T06:00:00,2021-08-17,0.4705,modéré,faible,1.0.0,proxy_saisonnier,1
1188,2021-08-16T06:00:00,2021-08-17,0.2279,faible,modérée,1.0.0,observee,1
1189,2021-08-16T06:00:00,2021-08-18,0.4705,modéré,faible,1.0.0,proxy_saisonnier,0
1190,2021-08-17T06:00:00,2021-08-18,0.453,modéré,faible,1.0.0,observee,0
1191,2021-08-17T06:00:00,2021-08-19,0.4705,modéré,faible,1.0.0,proxy_saisonnier,0
1192,2021-08-18T06:00:00,2021-08-19,0.2541,faible,modérée,1.0.0,observee,0
1193,2021-08-18T06:00:00,2021-08-20,0.4705,modéré,faible,1.0.0,proxy_saisonnier,1
1194,2021-08-19T06:00:00,2021-08-20,0.3428,faible,modérée,1.0.0,observee,1
1195,2021-08-19T06:00:00,2021-08-21,0.4705,modéré,faible,1.0.0,proxy_saisonnier,1
1196,2021-08-20T06:00:00,2021-08-21,0.6022,élevé,faible,1.0.0,observee,1
1197,2021-08-20T06:00:00,2021-08-22,0.4705,modéré,faible,1.0.0,proxy_saisonnier,0
1198,2021-08-21T06:00:00,2021-08-22,0.6224,élevé,faible,1.0.0,observee,0
1199,2021-08-21T06:00:00,2021-08-23,0.4705,modéré,faible,1.0.0,proxy_saisonnier,0
1200,2021-08-22T06:00:00,2021-08-23,0.1659,faible,haute,1.0.0,observee,0
1201,2021-08-22T06:00:00,2021-08-24,0.4705,modéré,faible,1.0.0,proxy_saisonnier,0
1202,2021-08-23T06:00:00,2021-08-24,0.1326,faible,haute,1.0.0,observee,0
1203,2021-08-23T06:00:00,2021-08-25,0.4705,modéré,faible,1.0.0,proxy_saisonnier,0
1204,2021-08-24T06:00:00,2021-08-25,0.0617,faible,haute,1.0.0,observee,0
1205,2021-08-24T06:00:00,2021-08-26,0.4705,modéré,faible,1.0.0,proxy_saisonnier,0
1206,2021-08-25T06:00:00,2021-08-26,0.0042,faible,haute,1.0.0,observee,0
1207,2021-08-25T06:00:00,2021-08-27,0.4705,modéré,faible,1.0.0,proxy_saisonnier,0
1208,2021-08-26T06:00:00,2021-08-27,0.3308,faible,modérée,1.0.0,observee,0
1209,2021-08-26T06:00:00,2021-08-28,0.4705,modéré,faible,1.0.0,proxy_saisonnier,0
1210,2021-08-27T06:00:00,2021-08-28,0.1372,faible,haute,1.0.0,observee,0
1211,2021-08-27T06:00:00,2021-08-29,0.4705,modéré,faible,1.0.0,proxy_saisonnier,0
1212,2021-08-28T06:00:00,2021-08-29,0.1153,faible,haute,1.0.0,observee,0
1213,2021-08-28T06:00:00,2021-08-30,0.4705,modéré,faible,1.0.0,proxy_saisonnier,0
1214,2021-08-29T06:00:00,2021-08-30,0.0977,faible,haute,1.0.0,observee,0
1215,2021-08-29T06:00:00,2021-08-31,0.4705,modéré,faible,1.0.0,proxy_saisonnier,0
1216,2021-08-30T06:00:00,2021-08-31,0.2561,faible,modérée,1.0.0,observee,0
1217,2021-08-30T06:00:00,2021-09-01,0.6113,élevé,faible,1.0.0,proxy_saisonnier,0
1218,2021-08-31T06:00:00,2021-09-01,0.1675,faible,haute,1.0.0,observee,0
1219,2021-08-31T06:00:00,2021-09-02,0.6113,élevé,faible,1.0.0,proxy_saisonnier,0
1220,2021-09-01T06:00:00,2021-09-02,0.0612,faible,haute,1.0.0,observee,0
1221,2021-09-01T06:00:00,2021-09-03,0.6113,élevé,faible,1.0.0,proxy_saisonnier,1
1222,2021-09-02T06:00:00,2021-09-03,0.0266,faible,haute,1.0.0,observee,1
1223,2021-09-02T06:00:00,2021-09-04,0.6113,élevé,faible,1.0.0,proxy_saisonnier,1
1224,2021-09-03T06:00:00,2021-09-04,0.2859,faible,modérée,1.0.0,observee,1
1225,2021-09-03T06:00:00,2021-09-05,0.6113,élevé,faible,1.0.0,proxy_saisonnier,0
1226,2021-09-04T06:00:00,2021-09-05,0.714,élevé,modérée,1.0.0,observee,0
1227,2021-09-04T06:00:00,2021-09-06,0.6113,élevé,faible,1.0.0,proxy_saisonnier,0
1228,2021-09-05T06:00:00,2021-09-06,0.3583,modéré,faible,1.0.0,observee,0
1229,2021-09-05T06:00:00,2021-09-07,0.6113,élevé,faible,1.0.0,proxy_saisonnier,0
1230,2021-09-06T06:00:00,2021-09-07,0.0434,faible,haute,1.0.0,observee,0
1231,2021-09-06T06:00:00,2021-09-08,0.6113,élevé,faible,1.0.0,proxy_saisonnier,1
1232,2021-09-07T06:00:00,2021-09-08,0.0212,faible,haute,1.0.0,observee,1
1233,2021-09-07T06:00:00,2021-09-09,0.6113,élevé,faible,1.0.0,proxy_saisonnier,1
1234,2021-09-08T06:00:00,2021-09-09,0.7973,élevé,modérée,1.0.0,observee,1
1235,2021-09-08T06:00:00,2021-09-10,0.6113,élevé,faible,1.0.0,proxy_saisonnier,0
1236,2021-09-09T06:00:00,2021-09-10,0.8315,élevé,haute,1.0.0,observee,0
1237,2021-09-09T06:00:00,2021-09-11,0.6113,élevé,faible,1.0.0,proxy_saisonnier,0
1238,2021-09-10T06:00:00,2021-09-11,0.6519,élevé,modérée,1.0.0,observee,0
1239,2021-09-10T06:00:00,2021-09-12,0.6113,élevé,faible,1.0.0,proxy_saisonnier,0
1240,2021-09-11T06:00:00,2021-09-12,0.2461,faible,modérée,1.0.0,observee,0
1241,2021-09-11T06:00:00,2021-09-13,0.6113,élevé,faible,1.0.0,proxy_saisonnier,1
1242,2021-09-12T06:00:00,2021-09-13,0.2302,faible,modérée,1.0.0,observee,1
1243,2021-09-12T06:00:00,2021-09-14,0.6113,élevé,faible,1.0.0,proxy_saisonnier,1
1244,2021-09-13T06:00:00,2021-09-14,0.7595,élevé,modérée,1.0.0,observee,1
1245,2021-09-13T06:00:00,2021-09-15,0.6113,élevé,faible,1.0.0,proxy_saisonnier,0
1246,2021-09-14T06:00:00,2021-09-15,0.9265,élevé,haute,1.0.0,observee,0
1247,2021-09-14T06:00:00,2021-09-16,0.6113,élevé,faible,1.0.0,proxy_saisonnier,0
1248,2021-09-15T06:00:00,2021-09-16,0.6391,élevé,faible,1.0.0,observee,0
1249,2021-09-15T06:00:00,2021-09-17,0.6113,élevé,faible,1.0.0,proxy_saisonnier,0
1250,2021-09-16T06:00:00,2021-09-17,0.3062,faible,modérée,1.0.0,observee,0
1251,2021-09-16T06:00:00,2021-09-18,0.6113,élevé,faible,1.0.0,proxy_saisonnier,1
1252,2021-09-17T06:00:00,2021-09-18,0.3617,modéré,faible,1.0.0,observee,1
1253,2021-09-17T06:00:00,2021-09-19,0.6113,élevé,faible,1.0.0,proxy_saisonnier,1
1254,2021-09-18T06:00:00,2021-09-19,0.8425,élevé,haute,1.0.0,observee,1
1255,2021-09-18T06:00:00,2021-09-20,0.6113,élevé,faible,1.0.0,proxy_saisonnier,0
1256,2021-09-19T06:00:00,2021-09-20,0.8365,élevé,haute,1.0.0,observee,0
1257,2021-09-19T06:00:00,2021-09-21,0.6113,élevé,faible,1.0.0,proxy_saisonnier,0
1258,2021-09-20T06:00:00,2021-09-21,0.2491,faible,modérée,1.0.0,observee,0
1259,2021-09-20T06:00:00,2021-09-22,0.6113,élevé,faible,1.0.0,proxy_saisonnier,0
1260,2021-09-21T06:00:00,2021-09-22,0.0453,faible,haute,1.0.0,observee,0
1261,2021-09-21T06:00:00,2021-09-23,0.6113,élevé,faible,1.0.0,proxy_saisonnier,0
1262,2021-09-22T06:00:00,2021-09-23,0.065,faible,haute,1.0.0,observee,0
1263,2021-09-22T06:00:00,2021-09-24,0.6113,élevé,faible,1.0.0,proxy_saisonnier,0
1264,2021-09-23T06:00:00,2021-09-24,0.1606,faible,haute,1.0.0,observee,0
1265,2021-09-23T06:00:00,2021-09-25,0.6113,élevé,faible,1.0.0,proxy_saisonnier,1
1266,2021-09-24T06:00:00,2021-09-25,0.2729,faible,modérée,1.0.0,observee,1
1267,2021-09-24T06:00:00,2021-09-26,0.6113,élevé,faible,1.0.0,proxy_saisonnier,1
1268,2021-09-25T06:00:00,2021-09-26,0.7371,élevé,modérée,1.0.0,observee,1
1269,2021-09-25T06:00:00,2021-09-27,0.6113,élevé,faible,1.0.0,proxy_saisonnier,0
1270,2021-09-26T06:00:00,2021-09-27,0.7034,élevé,modérée,1.0.0,observee,0
1271,2021-09-26T06:00:00,2021-09-28,0.6113,élevé,faible,1.0.0,proxy_saisonnier,1
1272,2021-09-27T06:00:00,2021-09-28,0.436,modéré,faible,1.0.0,observee,1
1273,2021-09-27T06:00:00,2021-09-29,0.6113,élevé,faible,1.0.0,proxy_saisonnier,0
1274,2021-09-28T06:00:00,2021-09-29,0.4955,modéré,faible,1.0.0,observee,0
1275,2021-09-28T06:00:00,2021-09-30,0.6113,élevé,faible,1.0.0,proxy_saisonnier,1
1276,2021-09-29T06:00:00,2021-09-30,0.2674,faible,modérée,1.0.0,observee,1
1277,2021-09-29T06:00:00,2021-10-01,0.6772,élevé,faible,1.0.0,proxy_saisonnier,1
1278,2021-09-30T06:00:00,2021-10-01,0.3055,faible,modérée,1.0.0,observee,1
1279,2021-09-30T06:00:00,2021-10-02,0.6772,élevé,faible,1.0.0,proxy_saisonnier,1
1280,2021-10-01T06:00:00,2021-10-02,0.5864,modéré,faible,1.0.0,observee,1
1281,2021-10-01T06:00:00,2021-10-03,0.6772,élevé,faible,1.0.0,proxy_saisonnier,0
1282,2021-10-02T06:00:00,2021-10-03,0.8057,élevé,haute,1.0.0,observee,0
1283,2021-10-02T06:00:00,2021-10-04,0.6772,élevé,faible,1.0.0,proxy_saisonnier,1
1284,2021-10-03T06:00:00,2021-10-04,0.6919,élevé,modérée,1.0.0,observee,1
1285,2021-10-03T06:00:00,2021-10-05,0.6772,élevé,faible,1.0.0,proxy_saisonnier,0
1286,2021-10-04T06:00:00,2021-10-05,0.6787,élevé,modérée,1.0.0,observee,0
1287,2021-10-04T06:00:00,2021-10-06,0.6772,élevé,faible,1.0.0,proxy_saisonnier,0
1288,2021-10-05T06:00:00,2021-10-06,0.4695,modéré,faible,1.0.0,observee,0
1289,2021-10-05T06:00:00,2021-10-07,0.6772,élevé,faible,1.0.0,proxy_saisonnier,0
1290,2021-10-06T06:00:00,2021-10-07,0.1337,faible,haute,1.0.0,observee,0
1291,2021-10-06T06:00:00,2021-10-08,0.6772,élevé,faible,1.0.0,proxy_saisonnier,0
1292,2021-10-07T06:00:00,2021-10-08,0.0433,faible,haute,1.0.0,observee,0
1293,2021-10-07T06:00:00,2021-10-09,0.6772,élevé,faible,1.0.0,proxy_saisonnier,0
1294,2021-10-08T06:00:00,2021-10-09,0.1174,faible,haute,1.0.0,observee,0
1295,2021-10-08T06:00:00,2021-10-10,0.6772,élevé,faible,1.0.0,proxy_saisonnier,0
1296,2021-10-09T06:00:00,2021-10-10,0.0992,faible,haute,1.0.0,observee,0
1297,2021-10-09T06:00:00,2021-10-11,0.6772,élevé,faible,1.0.0,proxy_saisonnier,0
1298,2021-10-10T06:00:00,2021-10-11,0.2324,faible,modérée,1.0.0,observee,0
1299,2021-10-10T06:00:00,2021-10-12,0.6772,élevé,faible,1.0.0,proxy_saisonnier,0
1300,2021-10-11T06:00:00,2021-10-12,0.1663,faible,haute,1.0.0,observee,0
1301,2021-10-11T06:00:00,2021-10-13,0.6772,élevé,faible,1.0.0,proxy_saisonnier,0
1302,2021-10-12T06:00:00,2021-10-13,0.2404,faible,modérée,1.0.0,observee,0
1303,2021-10-12T06:00:00,2021-10-14,0.6772,élevé,faible,1.0.0,proxy_saisonnier,0
1304,2021-10-13T06:00:00,2021-10-14,0.1035,faible,haute,1.0.0,observee,0
1305,2021-10-13T06:00:00,2021-10-15,0.6772,élevé,faible,1.0.0,proxy_saisonnier,0
1306,2021-10-14T06:00:00,2021-10-15,0.162,faible,haute,1.0.0,observee,0
1307,2021-10-14T06:00:00,2021-10-16,0.6772,élevé,faible,1.0.0,proxy_saisonnier,0
1308,2021-10-15T06:00:00,2021-10-16,0.3998,modéré,faible,1.0.0,observee,0
1309,2021-10-15T06:00:00,2021-10-17,0.6772,élevé,faible,1.0.0,proxy_saisonnier,1
1310,2021-10-16T06:00:00,2021-10-17,0.334,faible,modérée,1.0.0,observee,1
1311,2021-10-16T06:00:00,2021-10-18,0.6772,élevé,faible,1.0.0,proxy_saisonnier,1
1312,2021-10-17T06:00:00,2021-10-18,0.6071,élevé,faible,1.0.0,observee,1
1313,2021-10-17T06:00:00,2021-10-19,0.6772,élevé,faible,1.0.0,proxy_saisonnier,1
1314,2021-10-18T06:00:00,2021-10-19,0.6097,élevé,faible,1.0.0,observee,1
1315,2021-10-18T06:00:00,2021-10-20,0.6772,élevé,faible,1.0.0,proxy_saisonnier,1
1316,2021-10-19T06:00:00,2021-10-20,0.5075,modéré,faible,1.0.0,observee,1
1317,2021-10-19T06:00:00,2021-10-21,0.6772,élevé,faible,1.0.0,proxy_saisonnier,0
1318,2021-10-20T06:00:00,2021-10-21,0.6574,élevé,modérée,1.0.0,observee,0
1319,2021-10-20T06:00:00,2021-10-22,0.6772,élevé,faible,1.0.0,proxy_saisonnier,0
1320,2021-10-21T06:00:00,2021-10-22,0.4459,modéré,faible,1.0.0,observee,0
1321,2021-10-21T06:00:00,2021-10-23,0.6772,élevé,faible,1.0.0,proxy_saisonnier,0
1322,2021-10-22T06:00:00,2021-10-23,0.3254,faible,modérée,1.0.0,observee,0
1323,2021-10-22T06:00:00,2021-10-24,0.6772,élevé,faible,1.0.0,proxy_saisonnier,1
1324,2021-10-23T06:00:00,2021-10-24,0.07,faible,haute,1.0.0,observee,1
1325,2021-10-23T06:00:00,2021-10-25,0.6772,élevé,faible,1.0.0,proxy_saisonnier,0
1326,2021-10-24T06:00:00,2021-10-25,0.481,modéré,faible,1.0.0,observee,0
1327,2021-10-24T06:00:00,2021-10-26,0.6772,élevé,faible,1.0.0,proxy_saisonnier,0
1328,2021-10-25T06:00:00,2021-10-26,0.4219,modéré,faible,1.0.0,observee,0
1329,2021-10-25T06:00:00,2021-10-27,0.6772,élevé,faible,1.0.0,proxy_saisonnier,0
1330,2021-10-26T06:00:00,2021-10-27,0.2945,faible,modérée,1.0.0,observee,0
1331,2021-10-26T06:00:00,2021-10-28,0.6772,élevé,faible,1.0.0,proxy_saisonnier,1
1332,2021-10-27T06:00:00,2021-10-28,0.1314,faible,haute,1.0.0,observee,1
1333,2021-10-27T06:00:00,2021-10-29,0.6772,élevé,faible,1.0.0,proxy_saisonnier,1
1334,2021-10-28T06:00:00,2021-10-29,0.666,élevé,modérée,1.0.0,observee,1
1335,2021-10-28T06:00:00,2021-10-30,0.6772,élevé,faible,1.0.0,proxy_saisonnier,1
1336,2021-10-29T06:00:00,2021-10-30,0.8808,élevé,haute,1.0.0,observee,1
1337,2021-10-29T06:00:00,2021-10-31,0.6772,élevé,faible,1.0.0,proxy_saisonnier,1
1338,2021-10-30T06:00:00,2021-10-31,0.8579,élevé,haute,1.0.0,observee,1
1339,2021-10-30T06:00:00,2021-11-01,0.596,modéré,faible,1.0.0,proxy_saisonnier,1
1340,2021-10-31T06:00:00,2021-11-01,0.9383,élevé,haute,1.0.0,observee,1
1341,2021-10-31T06:00:00,2021-11-02,0.596,modéré,faible,1.0.0,proxy_saisonnier,1
1342,2021-11-01T06:00:00,2021-11-02,0.8473,élevé,haute,1.0.0,observee,1
1343,2021-11-01T06:00:00,2021-11-03,0.596,modéré,faible,1.0.0,proxy_saisonnier,1
1344,2021-11-02T06:00:00,2021-11-03,0.8452,élevé,haute,1.0.0,observee,1
1345,2021-11-02T06:00:00,2021-11-04,0.596,modéré,faible,1.0.0,proxy_saisonnier,1
1346,2021-11-03T06:00:00,2021-11-04,0.7933,élevé,modérée,1.0.0,observee,1
1347,2021-11-03T06:00:00,2021-11-05,0.596,modéré,faible,1.0.0,proxy_saisonnier,0
1348,2021-11-04T06:00:00,2021-11-05,0.7867,élevé,modérée,1.0.0,observee,0
1349,2021-11-04T06:00:00,2021-11-06,0.596,modéré,faible,1.0.0,proxy_saisonnier,0
1350,2021-11-05T06:00:00,2021-11-06,0.2445,faible,modérée,1.0.0,observee,0
1351,2021-11-05T06:00:00,2021-11-07,0.596,modéré,faible,1.0.0,proxy_saisonnier,0
1352,2021-11-06T06:00:00,2021-11-07,0.1855,faible,haute,1.0.0,observee,0
1353,2021-11-06T06:00:00,2021-11-08,0.596,modéré,faible,1.0.0,proxy_saisonnier,0
1354,2021-11-07T06:00:00,2021-11-08,0.3849,modéré,faible,1.0.0,observee,0
1355,2021-11-07T06:00:00,2021-11-09,0.596,modéré,faible,1.0.0,proxy_saisonnier,0
1356,2021-11-08T06:00:00,2021-11-09,0.1991,faible,haute,1.0.0,observee,0
1357,2021-11-08T06:00:00,2021-11-10,0.596,modéré,faible,1.0.0,proxy_saisonnier,0
1358,2021-11-09T06:00:00,2021-11-10,0.1103,faible,haute,1.0.0,observee,0
1359,2021-11-09T06:00:00,2021-11-11,0.596,modéré,faible,1.0.0,proxy_saisonnier,0
1360,2021-11-10T06:00:00,2021-11-11,0.2616,faible,modérée,1.0.0,observee,0
1361,2021-11-10T06:00:00,2021-11-12,0.596,modéré,faible,1.0.0,proxy_saisonnier,1
1362,2021-11-11T06:00:00,2021-11-12,0.1362,faible,haute,1.0.0,observee,1
1363,2021-11-11T06:00:00,2021-11-13,0.596,modéré,faible,1.0.0,proxy_saisonnier,0
1364,2021-11-12T06:00:00,2021-11-13,0.7026,élevé,modérée,1.0.0,observee,0
1365,2021-11-12T06:00:00,2021-11-14,0.596,modéré,faible,1.0.0,proxy_saisonnier,0
1366,2021-11-13T06:00:00,2021-11-14,0.5013,modéré,faible,1.0.0,observee,0
1367,2021-11-13T06:00:00,2021-11-15,0.596,modéré,faible,1.0.0,proxy_saisonnier,0
1368,2021-11-14T06:00:00,2021-11-15,0.4618,modéré,faible,1.0.0,observee,0
1369,2021-11-14T06:00:00,2021-11-16,0.596,modéré,faible,1.0.0,proxy_saisonnier,0
1370,2021-11-15T06:00:00,2021-11-16,0.3225,faible,modérée,1.0.0,observee,0
1371,2021-11-15T06:00:00,2021-11-17,0.596,modéré,faible,1.0.0,proxy_saisonnier,0
1372,2021-11-16T06:00:00,2021-11-17,0.2255,faible,modérée,1.0.0,observee,0
1373,2021-11-16T06:00:00,2021-11-18,0.596,modéré,faible,1.0.0,proxy_saisonnier,0
1374,2021-11-17T06:00:00,2021-11-18,0.2398,faible,modérée,1.0.0,observee,0
1375,2021-11-17T06:00:00,2021-11-19,0.596,modéré,faible,1.0.0,proxy_saisonnier,0
1376,2021-11-18T06:00:00,2021-11-19,0.1247,faible,haute,1.0.0,observee,0
1377,2021-11-18T06:00:00,2021-11-20,0.596,modéré,faible,1.0.0,proxy_saisonnier,1
1378,2021-11-19T06:00:00,2021-11-20,0.0632,faible,haute,1.0.0,observee,1
1379,2021-11-19T06:00:00,2021-11-21,0.596,modéré,faible,1.0.0,proxy_saisonnier,0
1380,2021-11-20T06:00:00,2021-11-21,0.3502,modéré,faible,1.0.0,observee,0
1381,2021-11-20T06:00:00,2021-11-22,0.596,modéré,faible,1.0.0,proxy_saisonnier,0
1382,2021-11-21T06:00:00,2021-11-22,0.483,modéré,faible,1.0.0,observee,0
1383,2021-11-21T06:00:00,2021-11-23,0.596,modéré,faible,1.0.0,proxy_saisonnier,0
1384,2021-11-22T06:00:00,2021-11-23,0.212,faible,modérée,1.0.0,observee,0
1385,2021-11-22T06:00:00,2021-11-24,0.596,modéré,faible,1.0.0,proxy_saisonnier,0
1386,2021-11-23T06:00:00,2021-11-24,0.0597,faible,haute,1.0.0,observee,0
1387,2021-11-23T06:00:00,2021-11-25,0.596,modéré,faible,1.0.0,proxy_saisonnier,1
1388,2021-11-24T06:00:00,2021-11-25,0.2255,faible,modérée,1.0.0,observee,1
1389,2021-11-24T06:00:00,2021-11-26,0.596,modéré,faible,1.0.0,proxy_saisonnier,1
1390,2021-11-25T06:00:00,2021-11-26,0.6739,élevé,modérée,1.0.0,observee,1
1391,2021-11-25T06:00:00,2021-11-27,0.596,modéré,faible,1.0.0,proxy_saisonnier,1
1392,2021-11-26T06:00:00,2021-11-27,0.8767,élevé,haute,1.0.0,observee,1
1393,2021-11-26T06:00:00,2021-11-28,0.596,modéré,faible,1.0.0,proxy_saisonnier,0
1394,2021-11-27T06:00:00,2021-11-28,0.7449,élevé,modérée,1.0.0,observee,0
1395,2021-11-27T06:00:00,2021-11-29,0.596,modéré,faible,1.0.0,proxy_saisonnier,1
1396,2021-11-28T06:00:00,2021-11-29,0.5738,modéré,faible,1.0.0,observee,1
1397,2021-11-28T06:00:00,2021-11-30,0.596,modéré,faible,1.0.0,proxy_saisonnier,1
1398,2021-11-29T06:00:00,2021-11-30,0.6649,élevé,modérée,1.0.0,observee,1
1399,2021-11-29T06:00:00,2021-12-01,0.6332,élevé,faible,1.0.0,proxy_saisonnier,1
1400,2021-11-30T06:00:00,2021-12-01,0.8105,élevé,haute,1.0.0,observee,1
1401,2021-11-30T06:00:00,2021-12-02,0.6332,élevé,faible,1.0.0,proxy_saisonnier,1
1402,2021-12-01T06:00:00,2021-12-02,0.8428,élevé,haute,1.0.0,observee,1
1403,2021-12-01T06:00:00,2021-12-03,0.6332,élevé,faible,1.0.0,proxy_saisonnier,1
1404,2021-12-02T06:00:00,2021-12-03,0.6941,élevé,modérée,1.0.0,observee,1
1405,2021-12-02T06:00:00,2021-12-04,0.6332,élevé,faible,1.0.0,proxy_saisonnier,1
1406,2021-12-03T06:00:00,2021-12-04,0.8578,élevé,haute,1.0.0,observee,1
1407,2021-12-03T06:00:00,2021-12-05,0.6332,élevé,faible,1.0.0,proxy_saisonnier,1
1408,2021-12-04T06:00:00,2021-12-05,0.8965,élevé,haute,1.0.0,observee,1
1409,2021-12-04T06:00:00,2021-12-06,0.6332,élevé,faible,1.0.0,proxy_saisonnier,1
1410,2021-12-05T06:00:00,2021-12-06,0.7361,élevé,modérée,1.0.0,observee,1
1411,2021-12-05T06:00:00,2021-12-07,0.6332,élevé,faible,1.0.0,proxy_saisonnier,1
1412,2021-12-06T06:00:00,2021-12-07,0.8202,élevé,haute,1.0.0,observee,1
1413,2021-12-06T06:00:00,2021-12-08,0.6332,élevé,faible,1.0.0,proxy_saisonnier,1
1414,2021-12-07T06:00:00,2021-12-08,0.9189,élevé,haute,1.0.0,observee,1
1415,2021-12-07T06:00:00,2021-12-09,0.6332,élevé,faible,1.0.0,proxy_saisonnier,1
1416,2021-12-08T06:00:00,2021-12-09,0.7504,élevé,modérée,1.0.0,observee,1
1417,2021-12-08T06:00:00,2021-12-10,0.6332,élevé,faible,1.0.0,proxy_saisonnier,0
1418,2021-12-09T06:00:00,2021-12-10,0.7991,élevé,modérée,1.0.0,observee,0
1419,2021-12-09T06:00:00,2021-12-11,0.6332,élevé,faible,1.0.0,proxy_saisonnier,1
1420,2021-12-10T06:00:00,2021-12-11,0.6607,élevé,modérée,1.0.0,observee,1
1421,2021-12-10T06:00:00,2021-12-12,0.6332,élevé,faible,1.0.0,proxy_saisonnier,0
1422,2021-12-11T06:00:00,2021-12-12,0.7692,élevé,modérée,1.0.0,observee,0
1423,2021-12-11T06:00:00,2021-12-13,0.6332,élevé,faible,1.0.0,proxy_saisonnier,0
1424,2021-12-12T06:00:00,2021-12-13,0.3652,modéré,faible,1.0.0,observee,0
1425,2021-12-12T06:00:00,2021-12-14,0.6332,élevé,faible,1.0.0,proxy_saisonnier,0
1426,2021-12-13T06:00:00,2021-12-14,0.3091,faible,modérée,1.0.0,observee,0
1427,2021-12-13T06:00:00,2021-12-15,0.6332,élevé,faible,1.0.0,proxy_saisonnier,0
1428,2021-12-14T06:00:00,2021-12-15,0.1465,faible,haute,1.0.0,observee,0
1429,2021-12-14T06:00:00,2021-12-16,0.6332,élevé,faible,1.0.0,proxy_saisonnier,0
1430,2021-12-15T06:00:00,2021-12-16,0.1402,faible,haute,1.0.0,observee,0
1431,2021-12-15T06:00:00,2021-12-17,0.6332,élevé,faible,1.0.0,proxy_saisonnier,0
1432,2021-12-16T06:00:00,2021-12-17,0.1184,faible,haute,1.0.0,observee,0
1433,2021-12-16T06:00:00,2021-12-18,0.6332,élevé,faible,1.0.0,proxy_saisonnier,0
1434,2021-12-17T06:00:00,2021-12-18,0.1083,faible,haute,1.0.0,observee,0
1435,2021-12-17T06:00:00,2021-12-19,0.6332,élevé,faible,1.0.0,proxy_saisonnier,0
1436,2021-12-18T06:00:00,2021-12-19,0.0558,faible,haute,1.0.0,observee,0
1437,2021-12-18T06:00:00,2021-12-20,0.6332,élevé,faible,1.0.0,proxy_saisonnier,0
1438,2021-12-19T06:00:00,2021-12-20,0.2781,faible,modérée,1.0.0,observee,0
1439,2021-12-19T06:00:00,2021-12-21,0.6332,élevé,faible,1.0.0,proxy_saisonnier,0
1440,2021-12-20T06:00:00,2021-12-21,0.278,faible,modérée,1.0.0,observee,0
1441,2021-12-20T06:00:00,2021-12-22,0.6332,élevé,faible,1.0.0,proxy_saisonnier,0
1442,2021-12-21T06:00:00,2021-12-22,0.1089,faible,haute,1.0.0,observee,0
1443,2021-12-21T06:00:00,2021-12-23,0.6332,élevé,faible,1.0.0,proxy_saisonnier,1
1444,2021-12-22T06:00:00,2021-12-23,0.3804,modéré,faible,1.0.0,observee,1
1445,2021-12-22T06:00:00,2021-12-24,0.6332,élevé,faible,1.0.0,proxy_saisonnier,1
1446,2021-12-23T06:00:00,2021-12-24,0.7839,élevé,modérée,1.0.0,observee,1
1447,2021-12-23T06:00:00,2021-12-25,0.6332,élevé,faible,1.0.0,proxy_saisonnier,1
1448,2021-12-24T06:00:00,2021-12-25,0.819,élevé,haute,1.0.0,observee,1
1449,2021-12-24T06:00:00,2021-12-26,0.6332,élevé,faible,1.0.0,proxy_saisonnier,1
1450,2021-12-25T06:00:00,2021-12-26,0.8113,élevé,haute,1.0.0,observee,1
1451,2021-12-25T06:00:00,2021-12-27,0.6332,élevé,faible,1.0.0,proxy_saisonnier,1
1452,2021-12-26T06:00:00,2021-12-27,0.8626,élevé,haute,1.0.0,observee,1
1453,2021-12-26T06:00:00,2021-12-28,0.6332,élevé,faible,1.0.0,proxy_saisonnier,1
1454,2021-12-27T06:00:00,2021-12-28,0.9209,élevé,haute,1.0.0,observee,1
1455,2021-12-27T06:00:00,2021-12-29,0.6332,élevé,faible,1.0.0,proxy_saisonnier,0
1456,2021-12-28T06:00:00,2021-12-29,0.7902,élevé,modérée,1.0.0,observee,0
1457,2021-12-28T06:00:00,2021-12-30,0.6332,élevé,faible,1.0.0,proxy_saisonnier,0
1458,2021-12-29T06:00:00,2021-12-30,0.7346,élevé,modérée,1.0.0,observee,0
1459,2021-12-29T06:00:00,2021-12-31,0.6332,élevé,faible,1.0.0,proxy_saisonnier,0
1460,2021-12-30T06:00:00,2021-12-31,0.4975,modéré,faible,1.0.0,observee,0
1461,2021-12-30T06:00:00,2022-01-01,0.6218,élevé,faible,1.0.0,proxy_saisonnier,1
1462,2021-12-31T06:00:00,2022-01-01,0.1964,faible,haute,1.0.0,observee,1
1463,2021-12-31T06:00:00,2022-01-02,0.6218,élevé,faible,1.0.0,proxy_saisonnier,1
1464,2022-01-01T06:00:00,2022-01-02,0.667,élevé,modérée,1.0.0,observee,1
1465,2022-01-01T06:00:00,2022-01-03,0.6218,élevé,faible,1.0.0,proxy_saisonnier,1
1466,2022-01-02T06:00:00,2022-01-03,0.8463,élevé,haute,1.0.0,observee,1
1467,2022-01-02T06:00:00,2022-01-04,0.6218,élevé,faible,1.0.0,proxy_saisonnier,0
1468,2022-01-03T06:00:00,2022-01-04,0.8556,élevé,haute,1.0.0,observee,0
1469,2022-01-03T06:00:00,2022-01-05,0.6218,élevé,faible,1.0.0,proxy_saisonnier,0
1470,2022-01-04T06:00:00,2022-01-05,0.7208,élevé,modérée,1.0.0,observee,0
1471,2022-01-04T06:00:00,2022-01-06,0.6218,élevé,faible,1.0.0,proxy_saisonnier,1
1472,2022-01-05T06:00:00,2022-01-06,0.3716,modéré,faible,1.0.0,observee,1
1473,2022-01-05T06:00:00,2022-01-07,0.6218,élevé,faible,1.0.0,proxy_saisonnier,1
1474,2022-01-06T06:00:00,2022-01-07,0.6471,élevé,faible,1.0.0,observee,1
1475,2022-01-06T06:00:00,2022-01-08,0.6218,élevé,faible,1.0.0,proxy_saisonnier,1
1476,2022-01-07T06:00:00,2022-01-08,0.7814,élevé,modérée,1.0.0,observee,1
1477,2022-01-07T06:00:00,2022-01-09,0.6218,élevé,faible,1.0.0,proxy_saisonnier,0
1478,2022-01-08T06:00:00,2022-01-09,0.767,élevé,modérée,1.0.0,observee,0
1479,2022-01-08T06:00:00,2022-01-10,0.6218,élevé,faible,1.0.0,proxy_saisonnier,0
1480,2022-01-09T06:00:00,2022-01-10,0.6306,élevé,faible,1.0.0,observee,0
1481,2022-01-09T06:00:00,2022-01-11,0.6218,élevé,faible,1.0.0,proxy_saisonnier,0
1482,2022-01-10T06:00:00,2022-01-11,0.2735,faible,modérée,1.0.0,observee,0
1483,2022-01-10T06:00:00,2022-01-12,0.6218,élevé,faible,1.0.0,proxy_saisonnier,0
1484,2022-01-11T06:00:00,2022-01-12,0.0635,faible,haute,1.0.0,observee,0
1485,2022-01-11T06:00:00,2022-01-13,0.6218,élevé,faible,1.0.0,proxy_saisonnier,0
1486,2022-01-12T06:00:00,2022-01-13,0.0593,faible,haute,1.0.0,observee,0
1487,2022-01-12T06:00:00,2022-01-14,0.6218,élevé,faible,1.0.0,proxy_saisonnier,0
1488,2022-01-13T06:00:00,2022-01-14,0.0772,faible,haute,1.0.0,observee,0
1489,2022-01-13T06:00:00,2022-01-15,0.6218,élevé,faible,1.0.0,proxy_saisonnier,0
1490,2022-01-14T06:00:00,2022-01-15,0.0548,faible,haute,1.0.0,observee,0
1491,2022-01-14T06:00:00,2022-01-16,0.6218,élevé,faible,1.0.0,proxy_saisonnier,0
1492,2022-01-15T06:00:00,2022-01-16,0.0755,faible,haute,1.0.0,observee,0
1493,2022-01-15T06:00:00,2022-01-17,0.6218,élevé,faible,1.0.0,proxy_saisonnier,0
1494,2022-01-16T06:00:00,2022-01-17,0.175,faible,haute,1.0.0,observee,0
1495,2022-01-16T06:00:00,2022-01-18,0.6218,élevé,faible,1.0.0,proxy_saisonnier,1
1496,2022-01-17T06:00:00,2022-01-18,0.1107,faible,haute,1.0.0,observee,1
1497,2022-01-17T06:00:00,2022-01-19,0.6218,élevé,faible,1.0.0,proxy_saisonnier,0
1498,2022-01-18T06:00:00,2022-01-19,0.4155,modéré,faible,1.0.0,observee,0
1499,2022-01-18T06:00:00,2022-01-20,0.6218,élevé,faible,1.0.0,proxy_saisonnier,0
1500,2022-01-19T06:00:00,2022-01-20,0.1888,faible,haute,1.0.0,observee,0
1501,2022-01-19T06:00:00,2022-01-21,0.6218,élevé,faible,1.0.0,proxy_saisonnier,0
1502,2022-01-20T06:00:00,2022-01-21,0.092,faible,haute,1.0.0,observee,0
1503,2022-01-20T06:00:00,2022-01-22,0.6218,élevé,faible,1.0.0,proxy_saisonnier,0
1504,2022-01-21T06:00:00,2022-01-22,0.0866,faible,haute,1.0.0,observee,0
1505,2022-01-21T06:00:00,2022-01-23,0.6218,élevé,faible,1.0.0,proxy_saisonnier,0
1506,2022-01-22T06:00:00,2022-01-23,0.0841,faible,haute,1.0.0,observee,0
1507,2022-01-22T06:00:00,2022-01-24,0.6218,élevé,faible,1.0.0,proxy_saisonnier,0
1508,2022-01-23T06:00:00,2022-01-24,0.1331,faible,haute,1.0.0,observee,0
1509,2022-01-23T06:00:00,2022-01-25,0.6218,élevé,faible,1.0.0,proxy_saisonnier,0
1510,2022-01-24T06:00:00,2022-01-25,0.0444,faible,haute,1.0.0,observee,0
1511,2022-01-24T06:00:00,2022-01-26,0.6218,élevé,faible,1.0.0,proxy_saisonnier,0
1512,2022-01-25T06:00:00,2022-01-26,0.099,faible,haute,1.0.0,observee,0
1513,2022-01-25T06:00:00,2022-01-27,0.6218,élevé,faible,1.0.0,proxy_saisonnier,0
1514,2022-01-26T06:00:00,2022-01-27,0.1098,faible,haute,1.0.0,observee,0
1515,2022-01-26T06:00:00,2022-01-28,0.6218,élevé,faible,1.0.0,proxy_saisonnier,0
1516,2022-01-27T06:00:00,2022-01-28,0.1574,faible,haute,1.0.0,observee,0
1517,2022-01-27T06:00:00,2022-01-29,0.6218,élevé,faible,1.0.0,proxy_saisonnier,0
1518,2022-01-28T06:00:00,2022-01-29,0.1195,faible,haute,1.0.0,observee,0
1519,2022-01-28T06:00:00,2022-01-30,0.6218,élevé,faible,1.0.0,proxy_saisonnier,1
1520,2022-01-29T06:00:00,2022-01-30,0.3567,modéré,faible,1.0.0,observee,1
1521,2022-01-29T06:00:00,2022-01-31,0.6218,élevé,faible,1.0.0,proxy_saisonnier,1
1522,2022-01-30T06:00:00,2022-01-31,0.395,modéré,faible,1.0.0,observee,1
1523,2022-01-30T06:00:00,2022-02-01,0.5473,modéré,faible,1.0.0,proxy_saisonnier,0
1524,2022-01-31T06:00:00,2022-02-01,0.6307,élevé,faible,1.0.0,observee,0
1525,2022-01-31T06:00:00,2022-02-02,0.5473,modéré,faible,1.0.0,proxy_saisonnier,0
1526,2022-02-01T06:00:00,2022-02-02,0.4453,modéré,faible,1.0.0,observee,0
1527,2022-02-01T06:00:00,2022-02-03,0.5473,modéré,faible,1.0.0,proxy_saisonnier,1
1528,2022-02-02T06:00:00,2022-02-03,0.3881,modéré,faible,1.0.0,observee,1
1529,2022-02-02T06:00:00,2022-02-04,0.5473,modéré,faible,1.0.0,proxy_saisonnier,0
1530,2022-02-03T06:00:00,2022-02-04,0.6538,élevé,modérée,1.0.0,observee,0
1531,2022-02-03T06:00:00,2022-02-05,0.5473,modéré,faible,1.0.0,proxy_saisonnier,1
1532,2022-02-04T06:00:00,2022-02-05,0.4746,modéré,faible,1.0.0,observee,1
1533,2022-02-04T06:00:00,2022-02-06,0.5473,modéré,faible,1.0.0,proxy_saisonnier,0
1534,2022-02-05T06:00:00,2022-02-06,0.4858,modéré,faible,1.0.0,observee,0
1535,2022-02-05T06:00:00,2022-02-07,0.5473,modéré,faible,1.0.0,proxy_saisonnier,0
1536,2022-02-06T06:00:00,2022-02-07,0.6098,élevé,faible,1.0.0,observee,0
1537,2022-02-06T06:00:00,2022-02-08,0.5473,modéré,faible,1.0.0,proxy_saisonnier,0
1538,2022-02-07T06:00:00,2022-02-08,0.1617,faible,haute,1.0.0,observee,0
1539,2022-02-07T06:00:00,2022-02-09,0.5473,modéré,faible,1.0.0,proxy_saisonnier,1
1540,2022-02-08T06:00:00,2022-02-09,0.1537,faible,haute,1.0.0,observee,1
1541,2022-02-08T06:00:00,2022-02-10,0.5473,modéré,faible,1.0.0,proxy_saisonnier,0
1542,2022-02-09T06:00:00,2022-02-10,0.4415,modéré,faible,1.0.0,observee,0
1543,2022-02-09T06:00:00,2022-02-11,0.5473,modéré,faible,1.0.0,proxy_saisonnier,0
1544,2022-02-10T06:00:00,2022-02-11,0.4845,modéré,faible,1.0.0,observee,0
1545,2022-02-10T06:00:00,2022-02-12,0.5473,modéré,faible,1.0.0,proxy_saisonnier,0
1546,2022-02-11T06:00:00,2022-02-12,0.0433,faible,haute,1.0.0,observee,0
1547,2022-02-11T06:00:00,2022-02-13,0.5473,modéré,faible,1.0.0,proxy_saisonnier,1
1548,2022-02-12T06:00:00,2022-02-13,0.1651,faible,haute,1.0.0,observee,1
1549,2022-02-12T06:00:00,2022-02-14,0.5473,modéré,faible,1.0.0,proxy_saisonnier,1
1550,2022-02-13T06:00:00,2022-02-14,0.755,élevé,modérée,1.0.0,observee,1
1551,2022-02-13T06:00:00,2022-02-15,0.5473,modéré,faible,1.0.0,proxy_saisonnier,1
1552,2022-02-14T06:00:00,2022-02-15,0.8793,élevé,haute,1.0.0,observee,1
1553,2022-02-14T06:00:00,2022-02-16,0.5473,modéré,faible,1.0.0,proxy_saisonnier,1
1554,2022-02-15T06:00:00,2022-02-16,0.7527,élevé,modérée,1.0.0,observee,1
1555,2022-02-15T06:00:00,2022-02-17,0.5473,modéré,faible,1.0.0,proxy_saisonnier,1
1556,2022-02-16T06:00:00,2022-02-17,0.9206,élevé,haute,1.0.0,observee,1
1557,2022-02-16T06:00:00,2022-02-18,0.5473,modéré,faible,1.0.0,proxy_saisonnier,0
1558,2022-02-17T06:00:00,2022-02-18,0.7251,élevé,modérée,1.0.0,observee,0
1559,2022-02-17T06:00:00,2022-02-19,0.5473,modéré,faible,1.0.0,proxy_saisonnier,0
1560,2022-02-18T06:00:00,2022-02-19,0.6157,élevé,faible,1.0.0,observee,0
1561,2022-02-18T06:00:00,2022-02-20,0.5473,modéré,faible,1.0.0,proxy_saisonnier,1
1562,2022-02-19T06:00:00,2022-02-20,0.2802,faible,modérée,1.0.0,observee,1
1563,2022-02-19T06:00:00,2022-02-21,0.5473,modéré,faible,1.0.0,proxy_saisonnier,0
1564,2022-02-20T06:00:00,2022-02-21,0.7804,élevé,modérée,1.0.0,observee,0
1565,2022-02-20T06:00:00,2022-02-22,0.5473,modéré,faible,1.0.0,proxy_saisonnier,0
1566,2022-02-21T06:00:00,2022-02-22,0.3433,faible,modérée,1.0.0,observee,0
1567,2022-02-21T06:00:00,2022-02-23,0.5473,modéré,faible,1.0.0,proxy_saisonnier,1
1568,2022-02-22T06:00:00,2022-02-23,0.5636,modéré,faible,1.0.0,observee,1
1569,2022-02-22T06:00:00,2022-02-24,0.5473,modéré,faible,1.0.0,proxy_saisonnier,1
1570,2022-02-23T06:00:00,2022-02-24,0.669,élevé,modérée,1.0.0,observee,1
1571,2022-02-23T06:00:00,2022-02-25,0.5473,modéré,faible,1.0.0,proxy_saisonnier,0
1572,2022-02-24T06:00:00,2022-02-25,0.6781,élevé,modérée,1.0.0,observee,0
1573,2022-02-24T06:00:00,2022-02-26,0.5473,modéré,faible,1.0.0,proxy_saisonnier,0
1574,2022-02-25T06:00:00,2022-02-26,0.1015,faible,haute,1.0.0,observee,0
1575,2022-02-25T06:00:00,2022-02-27,0.5473,modéré,faible,1.0.0,proxy_saisonnier,0
1576,2022-02-26T06:00:00,2022-02-27,0.0485,faible,haute,1.0.0,observee,0
1577,2022-02-26T06:00:00,2022-02-28,0.5473,modéré,faible,1.0.0,proxy_saisonnier,0
1578,2022-02-27T06:00:00,2022-02-28,0.0265,faible,haute,1.0.0,observee,0
1579,2022-02-27T06:00:00,2022-03-01,0.4438,modéré,faible,1.0.0,proxy_saisonnier,0
1580,2022-02-28T06:00:00,2022-03-01,0.0991,faible,haute,1.0.0,observee,0
1581,2022-02-28T06:00:00,2022-03-02,0.4438,modéré,faible,1.0.0,proxy_saisonnier,0
1582,2022-03-01T06:00:00,2022-03-02,0.2686,faible,modérée,1.0.0,observee,0
1583,2022-03-01T06:00:00,2022-03-03,0.4438,modéré,faible,1.0.0,proxy_saisonnier,1
1584,2022-03-02T06:00:00,2022-03-03,0.4469,modéré,faible,1.0.0,observee,1
1585,2022-03-02T06:00:00,2022-03-04,0.4438,modéré,faible,1.0.0,proxy_saisonnier,0
1586,2022-03-03T06:00:00,2022-03-04,0.6362,élevé,faible,1.0.0,observee,0
1587,2022-03-03T06:00:00,2022-03-05,0.4438,modéré,faible,1.0.0,proxy_saisonnier,0
1588,2022-03-04T06:00:00,2022-03-05,0.4016,modéré,faible,1.0.0,observee,0
1589,2022-03-04T06:00:00,2022-03-06,0.4438,modéré,faible,1.0.0,proxy_saisonnier,0
1590,2022-03-05T06:00:00,2022-03-06,0.3411,faible,modérée,1.0.0,observee,0
1591,2022-03-05T06:00:00,2022-03-07,0.4438,modéré,faible,1.0.0,proxy_saisonnier,0
1592,2022-03-06T06:00:00,2022-03-07,0.124,faible,haute,1.0.0,observee,0
1593,2022-03-06T06:00:00,2022-03-08,0.4438,modéré,faible,1.0.0,proxy_saisonnier,0
1594,2022-03-07T06:00:00,2022-03-08,0.0677,faible,haute,1.0.0,observee,0
1595,2022-03-07T06:00:00,2022-03-09,0.4438,modéré,faible,1.0.0,proxy_saisonnier,0
1596,2022-03-08T06:00:00,2022-03-09,0.0754,faible,haute,1.0.0,observee,0
1597,2022-03-08T06:00:00,2022-03-10,0.4438,modéré,faible,1.0.0,proxy_saisonnier,1
1598,2022-03-09T06:00:00,2022-03-10,0.2761,faible,modérée,1.0.0,observee,1
1599,2022-03-09T06:00:00,2022-03-11,0.4438,modéré,faible,1.0.0,proxy_saisonnier,1
1600,2022-03-10T06:00:00,2022-03-11,0.617,élevé,faible,1.0.0,observee,1
1601,2022-03-10T06:00:00,2022-03-12,0.4438,modéré,faible,1.0.0,proxy_saisonnier,1
1602,2022-03-11T06:00:00,2022-03-12,0.7955,élevé,modérée,1.0.0,observee,1
1603,2022-03-11T06:00:00,2022-03-13,0.4438,modéré,faible,1.0.0,proxy_saisonnier,0
1604,2022-03-12T06:00:00,2022-03-13,0.784,élevé,modérée,1.0.0,observee,0
1605,2022-03-12T06:00:00,2022-03-14,0.4438,modéré,faible,1.0.0,proxy_saisonnier,1
1606,2022-03-13T06:00:00,2022-03-14,0.5951,modéré,faible,1.0.0,observee,1
1607,2022-03-13T06:00:00,2022-03-15,0.4438,modéré,faible,1.0.0,proxy_saisonnier,1
1608,2022-03-14T06:00:00,2022-03-15,0.5656,modéré,faible,1.0.0,observee,1
1609,2022-03-14T06:00:00,2022-03-16,0.4438,modéré,faible,1.0.0,proxy_saisonnier,0
1610,2022-03-15T06:00:00,2022-03-16,0.5554,modéré,faible,1.0.0,observee,0
1611,2022-03-15T06:00:00,2022-03-17,0.4438,modéré,faible,1.0.0,proxy_saisonnier,0
1612,2022-03-16T06:00:00,2022-03-17,0.5059,modéré,faible,1.0.0,observee,0
1613,2022-03-16T06:00:00,2022-03-18,0.4438,modéré,faible,1.0.0,proxy_saisonnier,0
1614,2022-03-17T06:00:00,2022-03-18,0.1905,faible,haute,1.0.0,observee,0
1615,2022-03-17T06:00:00,2022-03-19,0.4438,modéré,faible,1.0.0,proxy_saisonnier,0
1616,2022-03-18T06:00:00,2022-03-19,0.0357,faible,haute,1.0.0,observee,0
1617,2022-03-18T06:00:00,2022-03-20,0.4438,modéré,faible,1.0.0,proxy_saisonnier,0
1618,2022-03-19T06:00:00,2022-03-20,0.0364,faible,haute,1.0.0,observee,0
1619,2022-03-19T06:00:00,2022-03-21,0.4438,modéré,faible,1.0.0,proxy_saisonnier,0
1620,2022-03-20T06:00:00,2022-03-21,0.0123,faible,haute,1.0.0,observee,0
1621,2022-03-20T06:00:00,2022-03-22,0.4438,modéré,faible,1.0.0,proxy_saisonnier,0
1622,2022-03-21T06:00:00,2022-03-22,0.1793,faible,haute,1.0.0,observee,0
1623,2022-03-21T06:00:00,2022-03-23,0.4438,modéré,faible,1.0.0,proxy_saisonnier,0
1624,2022-03-22T06:00:00,2022-03-23,0.0263,faible,haute,1.0.0,observee,0
1625,2022-03-22T06:00:00,2022-03-24,0.4438,modéré,faible,1.0.0,proxy_saisonnier,0
1626,2022-03-23T06:00:00,2022-03-24,0.0985,faible,haute,1.0.0,observee,0
1627,2022-03-23T06:00:00,2022-03-25,0.4438,modéré,faible,1.0.0,proxy_saisonnier,0
1628,2022-03-24T06:00:00,2022-03-25,0.1226,faible,haute,1.0.0,observee,0
1629,2022-03-24T06:00:00,2022-03-26,0.4438,modéré,faible,1.0.0,proxy_saisonnier,0
1630,2022-03-25T06:00:00,2022-03-26,0.0289,faible,haute,1.0.0,observee,0
1631,2022-03-25T06:00:00,2022-03-27,0.4438,modéré,faible,1.0.0,proxy_saisonnier,0
1632,2022-03-26T06:00:00,2022-03-27,0.0338,faible,haute,1.0.0,observee,0
1633,2022-03-26T06:00:00,2022-03-28,0.4438,modéré,faible,1.0.0,proxy_saisonnier,1
1634,2022-03-27T06:00:00,2022-03-28,0.0507,faible,haute,1.0.0,observee,1
1635,2022-03-27T06:00:00,2022-03-29,0.4438,modéré,faible,1.0.0,proxy_saisonnier,1
1636,2022-03-28T06:00:00,2022-03-29,0.499,modéré,faible,1.0.0,observee,1
1637,2022-03-28T06:00:00,2022-03-30,0.4438,modéré,faible,1.0.0,proxy_saisonnier,1
1638,2022-03-29T06:00:00,2022-03-30,0.8435,élevé,haute,1.0.0,observee,1
1639,2022-03-29T06:00:00,2022-03-31,0.4438,modéré,faible,1.0.0,proxy_saisonnier,1
1640,2022-03-30T06:00:00,2022-03-31,0.8689,élevé,haute,1.0.0,observee,1
1641,2022-03-30T06:00:00,2022-04-01,0.3682,modéré,faible,1.0.0,proxy_saisonnier,0
1642,2022-03-31T06:00:00,2022-04-01,0.8844,élevé,haute,1.0.0,observee,0
1643,2022-03-31T06:00:00,2022-04-02,0.3682,modéré,faible,1.0.0,proxy_saisonnier,0
1644,2022-04-01T06:00:00,2022-04-02,0.4854,modéré,faible,1.0.0,observee,0
1645,2022-04-01T06:00:00,2022-04-03,0.3682,modéré,faible,1.0.0,proxy_saisonnier,0
1646,2022-04-02T06:00:00,2022-04-03,0.1621,faible,haute,1.0.0,observee,0
1647,2022-04-02T06:00:00,2022-04-04,0.3682,modéré,faible,1.0.0,proxy_saisonnier,1
1648,2022-04-03T06:00:00,2022-04-04,0.2978,faible,modérée,1.0.0,observee,1
1649,2022-04-03T06:00:00,2022-04-05,0.3682,modéré,faible,1.0.0,proxy_saisonnier,1
1650,2022-04-04T06:00:00,2022-04-05,0.6683,élevé,modérée,1.0.0,observee,1
1651,2022-04-04T06:00:00,2022-04-06,0.3682,modéré,faible,1.0.0,proxy_saisonnier,1
1652,2022-04-05T06:00:00,2022-04-06,0.8395,élevé,haute,1.0.0,observee,1
1653,2022-04-05T06:00:00,2022-04-07,0.3682,modéré,faible,1.0.0,proxy_saisonnier,1
1654,2022-04-06T06:00:00,2022-04-07,0.8926,élevé,haute,1.0.0,observee,1
1655,2022-04-06T06:00:00,2022-04-08,0.3682,modéré,faible,1.0.0,proxy_saisonnier,1
1656,2022-04-07T06:00:00,2022-04-08,0.8989,élevé,haute,1.0.0,observee,1
1657,2022-04-07T06:00:00,2022-04-09,0.3682,modéré,faible,1.0.0,proxy_saisonnier,0
1658,2022-04-08T06:00:00,2022-04-09,0.9281,élevé,haute,1.0.0,observee,0
1659,2022-04-08T06:00:00,2022-04-10,0.3682,modéré,faible,1.0.0,proxy_saisonnier,0
1660,2022-04-09T06:00:00,2022-04-10,0.5602,modéré,faible,1.0.0,observee,0
1661,2022-04-09T06:00:00,2022-04-11,0.3682,modéré,faible,1.0.0,proxy_saisonnier,0
1662,2022-04-10T06:00:00,2022-04-11,0.4636,modéré,faible,1.0.0,observee,0
1663,2022-04-10T06:00:00,2022-04-12,0.3682,modéré,faible,1.0.0,proxy_saisonnier,1
1664,2022-04-11T06:00:00,2022-04-12,0.4342,modéré,faible,1.0.0,observee,1
1665,2022-04-11T06:00:00,2022-04-13,0.3682,modéré,faible,1.0.0,proxy_saisonnier,0
1666,2022-04-12T06:00:00,2022-04-13,0.8373,élevé,haute,1.0.0,observee,0
1667,2022-04-12T06:00:00,2022-04-14,0.3682,modéré,faible,1.0.0,proxy_saisonnier,0
1668,2022-04-13T06:00:00,2022-04-14,0.4391,modéré,faible,1.0.0,observee,0
1669,2022-04-13T06:00:00,2022-04-15,0.3682,modéré,faible,1.0.0,proxy_saisonnier,0
1670,2022-04-14T06:00:00,2022-04-15,0.4617,modéré,faible,1.0.0,observee,0
1671,2022-04-14T06:00:00,2022-04-16,0.3682,modéré,faible,1.0.0,proxy_saisonnier,0
1672,2022-04-15T06:00:00,2022-04-16,0.2345,faible,modérée,1.0.0,observee,0
1673,2022-04-15T06:00:00,2022-04-17,0.3682,modéré,faible,1.0.0,proxy_saisonnier,0
1674,2022-04-16T06:00:00,2022-04-17,0.0737,faible,haute,1.0.0,observee,0
1675,2022-04-16T06:00:00,2022-04-18,0.3682,modéré,faible,1.0.0,proxy_saisonnier,0
1676,2022-04-17T06:00:00,2022-04-18,0.1456,faible,haute,1.0.0,observee,0
1677,2022-04-17T06:00:00,2022-04-19,0.3682,modéré,faible,1.0.0,proxy_saisonnier,0
1678,2022-04-18T06:00:00,2022-04-19,0.2913,faible,modérée,1.0.0,observee,0
1679,2022-04-18T06:00:00,2022-04-20,0.3682,modéré,faible,1.0.0,proxy_saisonnier,0
1680,2022-04-19T06:00:00,2022-04-20,0.5379,modéré,faible,1.0.0,observee,0
1681,2022-04-19T06:00:00,2022-04-21,0.3682,modéré,faible,1.0.0,proxy_saisonnier,0
1682,2022-04-20T06:00:00,2022-04-21,0.4104,modéré,faible,1.0.0,observee,0
1683,2022-04-20T06:00:00,2022-04-22,0.3682,modéré,faible,1.0.0,proxy_saisonnier,1
1684,2022-04-21T06:00:00,2022-04-22,0.4516,modéré,faible,1.0.0,observee,1
1685,2022-04-21T06:00:00,2022-04-23,0.3682,modéré,faible,1.0.0,proxy_saisonnier,0
1686,2022-04-22T06:00:00,2022-04-23,0.5168,modéré,faible,1.0.0,observee,0
1687,2022-04-22T06:00:00,2022-04-24,0.3682,modéré,faible,1.0.0,proxy_saisonnier,0
1688,2022-04-23T06:00:00,2022-04-24,0.5754,modéré,faible,1.0.0,observee,0
1689,2022-04-23T06:00:00,2022-04-25,0.3682,modéré,faible,1.0.0,proxy_saisonnier,0
1690,2022-04-24T06:00:00,2022-04-25,0.6035,élevé,faible,1.0.0,observee,0
1691,2022-04-24T06:00:00,2022-04-26,0.3682,modéré,faible,1.0.0,proxy_saisonnier,0
1692,2022-04-25T06:00:00,2022-04-26,0.3956,modéré,faible,1.0.0,observee,0
1693,2022-04-25T06:00:00,2022-04-27,0.3682,modéré,faible,1.0.0,proxy_saisonnier,0
1694,2022-04-26T06:00:00,2022-04-27,0.2127,faible,modérée,1.0.0,observee,0
1695,2022-04-26T06:00:00,2022-04-28,0.3682,modéré,faible,1.0.0,proxy_saisonnier,1
1696,2022-04-27T06:00:00,2022-04-28,0.0465,faible,haute,1.0.0,observee,1
1697,2022-04-27T06:00:00,2022-04-29,0.3682,modéré,faible,1.0.0,proxy_saisonnier,0
1698,2022-04-28T06:00:00,2022-04-29,0.2897,faible,modérée,1.0.0,observee,0
1699,2022-04-28T06:00:00,2022-04-30,0.3682,modéré,faible,1.0.0,proxy_saisonnier,0
1700,2022-04-29T06:00:00,2022-04-30,0.1246,faible,haute,1.0.0,observee,0
1701,2022-04-29T06:00:00,2022-05-01,0.4796,modéré,faible,1.0.0,proxy_saisonnier,0
1702,2022-04-30T06:00:00,2022-05-01,0.1005,faible,haute,1.0.0,observee,0
1703,2022-04-30T06:00:00,2022-05-02,0.4796,modéré,faible,1.0.0,proxy_saisonnier,0
1704,2022-05-01T06:00:00,2022-05-02,0.2392,faible,modérée,1.0.0,observee,0
1705,2022-05-01T06:00:00,2022-05-03,0.4796,modéré,faible,1.0.0,proxy_saisonnier,0
1706,2022-05-02T06:00:00,2022-05-03,0.2867,faible,modérée,1.0.0,observee,0
1707,2022-05-02T06:00:00,2022-05-04,0.4796,modéré,faible,1.0.0,proxy_saisonnier,0
1708,2022-05-03T06:00:00,2022-05-04,0.1276,faible,haute,1.0.0,observee,0
1709,2022-05-03T06:00:00,2022-05-05,0.4796,modéré,faible,1.0.0,proxy_saisonnier,0
1710,2022-05-04T06:00:00,2022-05-05,0.3121,faible,modérée,1.0.0,observee,0
1711,2022-05-04T06:00:00,2022-05-06,0.4796,modéré,faible,1.0.0,proxy_saisonnier,1
1712,2022-05-05T06:00:00,2022-05-06,0.3035,faible,modérée,1.0.0,observee,1
1713,2022-05-05T06:00:00,2022-05-07,0.4796,modéré,faible,1.0.0,proxy_saisonnier,0
1714,2022-05-06T06:00:00,2022-05-07,0.3106,faible,modérée,1.0.0,observee,0
1715,2022-05-06T06:00:00,2022-05-08,0.4796,modéré,faible,1.0.0,proxy_saisonnier,0
1716,2022-05-07T06:00:00,2022-05-08,0.1588,faible,haute,1.0.0,observee,0
1717,2022-05-07T06:00:00,2022-05-09,0.4796,modéré,faible,1.0.0,proxy_saisonnier,0
1718,2022-05-08T06:00:00,2022-05-09,0.0166,faible,haute,1.0.0,observee,0
1719,2022-05-08T06:00:00,2022-05-10,0.4796,modéré,faible,1.0.0,proxy_saisonnier,0
1720,2022-05-09T06:00:00,2022-05-10,0.1125,faible,haute,1.0.0,observee,0
1721,2022-05-09T06:00:00,2022-05-11,0.4796,modéré,faible,1.0.0,proxy_saisonnier,0
1722,2022-05-10T06:00:00,2022-05-11,0.3332,faible,modérée,1.0.0,observee,0
1723,2022-05-10T06:00:00,2022-05-12,0.4796,modéré,faible,1.0.0,proxy_saisonnier,0
1724,2022-05-11T06:00:00,2022-05-12,0.2906,faible,modérée,1.0.0,observee,0
1725,2022-05-11T06:00:00,2022-05-13,0.4796,modéré,faible,1.0.0,proxy_saisonnier,0
1726,2022-05-12T06:00:00,2022-05-13,0.2126,faible,modérée,1.0.0,observee,0
1727,2022-05-12T06:00:00,2022-05-14,0.4796,modéré,faible,1.0.0,proxy_saisonnier,0
1728,2022-05-13T06:00:00,2022-05-14,0.0243,faible,haute,1.0.0,observee,0
1729,2022-05-13T06:00:00,2022-05-15,0.4796,modéré,faible,1.0.0,proxy_saisonnier,0
1730,2022-05-14T06:00:00,2022-05-15,0.2752,faible,modérée,1.0.0,observee,0
1731,2022-05-14T06:00:00,2022-05-16,0.4796,modéré,faible,1.0.0,proxy_saisonnier,1
1732,2022-05-15T06:00:00,2022-05-16,0.4863,modéré,faible,1.0.0,observee,1
1733,2022-05-15T06:00:00,2022-05-17,0.4796,modéré,faible,1.0.0,proxy_saisonnier,1
1734,2022-05-16T06:00:00,2022-05-17,0.5911,modéré,faible,1.0.0,observee,1
1735,2022-05-16T06:00:00,2022-05-18,0.4796,modéré,faible,1.0.0,proxy_saisonnier,0
1736,2022-05-17T06:00:00,2022-05-18,0.4726,modéré,faible,1.0.0,observee,0
1737,2022-05-17T06:00:00,2022-05-19,0.4796,modéré,faible,1.0.0,proxy_saisonnier,1
1738,2022-05-18T06:00:00,2022-05-19,0.4,modéré,faible,1.0.0,observee,1
1739,2022-05-18T06:00:00,2022-05-20,0.4796,modéré,faible,1.0.0,proxy_saisonnier,0
1740,2022-05-19T06:00:00,2022-05-20,0.4862,modéré,faible,1.0.0,observee,0
1741,2022-05-19T06:00:00,2022-05-21,0.4796,modéré,faible,1.0.0,proxy_saisonnier,0
1742,2022-05-20T06:00:00,2022-05-21,0.325,faible,modérée,1.0.0,observee,0
1743,2022-05-20T06:00:00,2022-05-22,0.4796,modéré,faible,1.0.0,proxy_saisonnier,1
1744,2022-05-21T06:00:00,2022-05-22,0.2724,faible,modérée,1.0.0,observee,1
1745,2022-05-21T06:00:00,2022-05-23,0.4796,modéré,faible,1.0.0,proxy_saisonnier,1
1746,2022-05-22T06:00:00,2022-05-23,0.8347,élevé,haute,1.0.0,observee,1
1747,2022-05-22T06:00:00,2022-05-24,0.4796,modéré,faible,1.0.0,proxy_saisonnier,0
1748,2022-05-23T06:00:00,2022-05-24,0.7766,élevé,modérée,1.0.0,observee,0
1749,2022-05-23T06:00:00,2022-05-25,0.4796,modéré,faible,1.0.0,proxy_saisonnier,0
1750,2022-05-24T06:00:00,2022-05-25,0.6592,élevé,modérée,1.0.0,observee,0
1751,2022-05-24T06:00:00,2022-05-26,0.4796,modéré,faible,1.0.0,proxy_saisonnier,1
1752,2022-05-25T06:00:00,2022-05-26,0.3915,modéré,faible,1.0.0,observee,1
1753,2022-05-25T06:00:00,2022-05-27,0.4796,modéré,faible,1.0.0,proxy_saisonnier,0
1754,2022-05-26T06:00:00,2022-05-27,0.4657,modéré,faible,1.0.0,observee,0
1755,2022-05-26T06:00:00,2022-05-28,0.4796,modéré,faible,1.0.0,proxy_saisonnier,0
1756,2022-05-27T06:00:00,2022-05-28,0.1668,faible,haute,1.0.0,observee,0
1757,2022-05-27T06:00:00,2022-05-29,0.4796,modéré,faible,1.0.0,proxy_saisonnier,0
1758,2022-05-28T06:00:00,2022-05-29,0.0352,faible,haute,1.0.0,observee,0
1759,2022-05-28T06:00:00,2022-05-30,0.4796,modéré,faible,1.0.0,proxy_saisonnier,0
1760,2022-05-29T06:00:00,2022-05-30,0.2643,faible,modérée,1.0.0,observee,0
1761,2022-05-29T06:00:00,2022-05-31,0.4796,modéré,faible,1.0.0,proxy_saisonnier,0
1762,2022-05-30T06:00:00,2022-05-31,0.4699,modéré,faible,1.0.0,observee,0
1763,2022-05-30T06:00:00,2022-06-01,0.5901,modéré,faible,1.0.0,proxy_saisonnier,0
1764,2022-05-31T06:00:00,2022-06-01,0.3096,faible,modérée,1.0.0,observee,0
1765,2022-05-31T06:00:00,2022-06-02,0.5901,modéré,faible,1.0.0,proxy_saisonnier,1
1766,2022-06-01T06:00:00,2022-06-02,0.2195,faible,modérée,1.0.0,observee,1
1767,2022-06-01T06:00:00,2022-06-03,0.5901,modéré,faible,1.0.0,proxy_saisonnier,1
1768,2022-06-02T06:00:00,2022-06-03,0.5342,modéré,faible,1.0.0,observee,1
1769,2022-06-02T06:00:00,2022-06-04,0.5901,modéré,faible,1.0.0,proxy_saisonnier,1
1770,2022-06-03T06:00:00,2022-06-04,0.7887,élevé,modérée,1.0.0,observee,1
1771,2022-06-03T06:00:00,2022-06-05,0.5901,modéré,faible,1.0.0,proxy_saisonnier,0
1772,2022-06-04T06:00:00,2022-06-05,0.7415,élevé,modérée,1.0.0,observee,0
1773,2022-06-04T06:00:00,2022-06-06,0.5901,modéré,faible,1.0.0,proxy_saisonnier,1
1774,2022-06-05T06:00:00,2022-06-06,0.5845,modéré,faible,1.0.0,observee,1
1775,2022-06-05T06:00:00,2022-06-07,0.5901,modéré,faible,1.0.0,proxy_saisonnier,1
1776,2022-06-06T06:00:00,2022-06-07,0.5455,modéré,faible,1.0.0,observee,1
1777,2022-06-06T06:00:00,2022-06-08,0.5901,modéré,faible,1.0.0,proxy_saisonnier,0
1778,2022-06-07T06:00:00,2022-06-08,0.646,élevé,faible,1.0.0,observee,0
1779,2022-06-07T06:00:00,2022-06-09,0.5901,modéré,faible,1.0.0,proxy_saisonnier,0
1780,2022-06-08T06:00:00,2022-06-09,0.5991,modéré,faible,1.0.0,observee,0
1781,2022-06-08T06:00:00,2022-06-10,0.5901,modéré,faible,1.0.0,proxy_saisonnier,0
1782,2022-06-09T06:00:00,2022-06-10,0.4102,modéré,faible,1.0.0,observee,0
1783,2022-06-09T06:00:00,2022-06-11,0.5901,modéré,faible,1.0.0,proxy_saisonnier,0
1784,2022-06-10T06:00:00,2022-06-11,0.1446,faible,haute,1.0.0,observee,0
1785,2022-06-10T06:00:00,2022-06-12,0.5901,modéré,faible,1.0.0,proxy_saisonnier,0
1786,2022-06-11T06:00:00,2022-06-12,0.1312,faible,haute,1.0.0,observee,0
1787,2022-06-11T06:00:00,2022-06-13,0.5901,modéré,faible,1.0.0,proxy_saisonnier,0
1788,2022-06-12T06:00:00,2022-06-13,0.0334,faible,haute,1.0.0,observee,0
1789,2022-06-12T06:00:00,2022-06-14,0.5901,modéré,faible,1.0.0,proxy_saisonnier,0
1790,2022-06-13T06:00:00,2022-06-14,0.0038,faible,haute,1.0.0,observee,0
1791,2022-06-13T06:00:00,2022-06-15,0.5901,modéré,faible,1.0.0,proxy_saisonnier,0
1792,2022-06-14T06:00:00,2022-06-15,0.0375,faible,haute,1.0.0,observee,0
1793,2022-06-14T06:00:00,2022-06-16,0.5901,modéré,faible,1.0.0,proxy_saisonnier,0
1794,2022-06-15T06:00:00,2022-06-16,0.0718,faible,haute,1.0.0,observee,0
1795,2022-06-15T06:00:00,2022-06-17,0.5901,modéré,faible,1.0.0,proxy_saisonnier,0
1796,2022-06-16T06:00:00,2022-06-17,0.1008,faible,haute,1.0.0,observee,0
1797,2022-06-16T06:00:00,2022-06-18,0.5901,modéré,faible,1.0.0,proxy_saisonnier,1
1798,2022-06-17T06:00:00,2022-06-18,0.1298,faible,haute,1.0.0,observee,1
1799,2022-06-17T06:00:00,2022-06-19,0.5901,modéré,faible,1.0.0,proxy_saisonnier,1
1800,2022-06-18T06:00:00,2022-06-19,0.7085,élevé,modérée,1.0.0,observee,1
1801,2022-06-18T06:00:00,2022-06-20,0.5901,modéré,faible,1.0.0,proxy_saisonnier,1
1802,2022-06-19T06:00:00,2022-06-20,0.7935,élevé,modérée,1.0.0,observee,1
1803,2022-06-19T06:00:00,2022-06-21,0.5901,modéré,faible,1.0.0,proxy_saisonnier,0
1804,2022-06-20T06:00:00,2022-06-21,0.8181,élevé,haute,1.0.0,observee,0
1805,2022-06-20T06:00:00,2022-06-22,0.5901,modéré,faible,1.0.0,proxy_saisonnier,1
1806,2022-06-21T06:00:00,2022-06-22,0.6152,élevé,faible,1.0.0,observee,1
1807,2022-06-21T06:00:00,2022-06-23,0.5901,modéré,faible,1.0.0,proxy_saisonnier,1
1808,2022-06-22T06:00:00,2022-06-23,0.8762,élevé,haute,1.0.0,observee,1
1809,2022-06-22T06:00:00,2022-06-24,0.5901,modéré,faible,1.0.0,proxy_saisonnier,1
1810,2022-06-23T06:00:00,2022-06-24,0.8841,élevé,haute,1.0.0,observee,1
1811,2022-06-23T06:00:00,2022-06-25,0.5901,modéré,faible,1.0.0,proxy_saisonnier,0
1812,2022-06-24T06:00:00,2022-06-25,0.8347,élevé,haute,1.0.0,observee,0
1813,2022-06-24T06:00:00,2022-06-26,0.5901,modéré,faible,1.0.0,proxy_saisonnier,1
1814,2022-06-25T06:00:00,2022-06-26,0.6458,élevé,faible,1.0.0,observee,1
1815,2022-06-25T06:00:00,2022-06-27,0.5901,modéré,faible,1.0.0,proxy_saisonnier,0
1816,2022-06-26T06:00:00,2022-06-27,0.7647,élevé,modérée,1.0.0,observee,0
1817,2022-06-26T06:00:00,2022-06-28,0.5901,modéré,faible,1.0.0,proxy_saisonnier,0
1818,2022-06-27T06:00:00,2022-06-28,0.5255,modéré,faible,1.0.0,observee,0
1819,2022-06-27T06:00:00,2022-06-29,0.5901,modéré,faible,1.0.0,proxy_saisonnier,1
1820,2022-06-28T06:00:00,2022-06-29,0.0467,faible,haute,1.0.0,observee,1
1821,2022-06-28T06:00:00,2022-06-30,0.5901,modéré,faible,1.0.0,proxy_saisonnier,1
1822,2022-06-29T06:00:00,2022-06-30,0.7528,élevé,modérée,1.0.0,observee,1
1823,2022-06-29T06:00:00,2022-07-01,0.437,modéré,faible,1.0.0,proxy_saisonnier,0
1824,2022-06-30T06:00:00,2022-07-01,0.728,élevé,modérée,1.0.0,observee,0
1825,2022-06-30T06:00:00,2022-07-02,0.437,modéré,faible,1.0.0,proxy_saisonnier,0
1826,2022-07-01T06:00:00,2022-07-02,0.0899,faible,haute,1.0.0,observee,0
1827,2022-07-01T06:00:00,2022-07-03,0.437,modéré,faible,1.0.0,proxy_saisonnier,0
1828,2022-07-02T06:00:00,2022-07-03,0.0515,faible,haute,1.0.0,observee,0
1829,2022-07-02T06:00:00,2022-07-04,0.437,modéré,faible,1.0.0,proxy_saisonnier,0
1830,2022-07-03T06:00:00,2022-07-04,0.0061,faible,haute,1.0.0,observee,0
1831,2022-07-03T06:00:00,2022-07-05,0.437,modéré,faible,1.0.0,proxy_saisonnier,0
1832,2022-07-04T06:00:00,2022-07-05,0.0043,faible,haute,1.0.0,observee,0
1833,2022-07-04T06:00:00,2022-07-06,0.437,modéré,faible,1.0.0,proxy_saisonnier,0
1834,2022-07-05T06:00:00,2022-07-06,0.0097,faible,haute,1.0.0,observee,0
1835,2022-07-05T06:00:00,2022-07-07,0.437,modéré,faible,1.0.0,proxy_saisonnier,0
1836,2022-07-06T06:00:00,2022-07-07,0.1215,faible,haute,1.0.0,observee,0
1837,2022-07-06T06:00:00,2022-07-08,0.437,modéré,faible,1.0.0,proxy_saisonnier,0
1838,2022-07-07T06:00:00,2022-07-08,0.1331,faible,haute,1.0.0,observee,0
1839,2022-07-07T06:00:00,2022-07-09,0.437,modéré,faible,1.0.0,proxy_saisonnier,0
1840,2022-07-08T06:00:00,2022-07-09,0.0344,faible,haute,1.0.0,observee,0
1841,2022-07-08T06:00:00,2022-07-10,0.437,modéré,faible,1.0.0,proxy_saisonnier,0
1842,2022-07-09T06:00:00,2022-07-10,0.1338,faible,haute,1.0.0,observee,0
1843,2022-07-09T06:00:00,2022-07-11,0.437,modéré,faible,1.0.0,proxy_saisonnier,0
1844,2022-07-10T06:00:00,2022-07-11,0.0236,faible,haute,1.0.0,observee,0
1845,2022-07-10T06:00:00,2022-07-12,0.437,modéré,faible,1.0.0,proxy_saisonnier,0
1846,2022-07-11T06:00:00,2022-07-12,0.0232,faible,haute,1.0.0,observee,0
1847,2022-07-11T06:00:00,2022-07-13,0.437,modéré,faible,1.0.0,proxy_saisonnier,0
1848,2022-07-12T06:00:00,2022-07-13,0.2713,faible,modérée,1.0.0,observee,0
1849,2022-07-12T06:00:00,2022-07-14,0.437,modéré,faible,1.0.0,proxy_saisonnier,0
1850,2022-07-13T06:00:00,2022-07-14,0.176,faible,haute,1.0.0,observee,0
1851,2022-07-13T06:00:00,2022-07-15,0.437,modéré,faible,1.0.0,proxy_saisonnier,0
1852,2022-07-14T06:00:00,2022-07-15,0.1485,faible,haute,1.0.0,observee,0
1853,2022-07-14T06:00:00,2022-07-16,0.437,modéré,faible,1.0.0,proxy_saisonnier,0
1854,2022-07-15T06:00:00,2022-07-16,0.0432,faible,haute,1.0.0,observee,0
1855,2022-07-15T06:00:00,2022-07-17,0.437,modéré,faible,1.0.0,proxy_saisonnier,0
1856,2022-07-16T06:00:00,2022-07-17,0.0128,faible,haute,1.0.0,observee,0
1857,2022-07-16T06:00:00,2022-07-18,0.437,modéré,faible,1.0.0,proxy_saisonnier,0
1858,2022-07-17T06:00:00,2022-07-18,0.1842,faible,haute,1.0.0,observee,0
1859,2022-07-17T06:00:00,2022-07-19,0.437,modéré,faible,1.0.0,proxy_saisonnier,1
1860,2022-07-18T06:00:00,2022-07-19,0.073,faible,haute,1.0.0,observee,1
1861,2022-07-18T06:00:00,2022-07-20,0.437,modéré,faible,1.0.0,proxy_saisonnier,0
1862,2022-07-19T06:00:00,2022-07-20,0.6004,élevé,faible,1.0.0,observee,0
1863,2022-07-19T06:00:00,2022-07-21,0.437,modéré,faible,1.0.0,proxy_saisonnier,1
1864,2022-07-20T06:00:00,2022-07-21,0.3167,faible,modérée,1.0.0,observee,1
1865,2022-07-20T06:00:00,2022-07-22,0.437,modéré,faible,1.0.0,proxy_saisonnier,1
1866,2022-07-21T06:00:00,2022-07-22,0.5459,modéré,faible,1.0.0,observee,1
1867,2022-07-21T06:00:00,2022-07-23,0.437,modéré,faible,1.0.0,proxy_saisonnier,0
1868,2022-07-22T06:00:00,2022-07-23,0.4602,modéré,faible,1.0.0,observee,0
1869,2022-07-22T06:00:00,2022-07-24,0.437,modéré,faible,1.0.0,proxy_saisonnier,0
1870,2022-07-23T06:00:00,2022-07-24,0.3255,faible,modérée,1.0.0,observee,0
1871,2022-07-23T06:00:00,2022-07-25,0.437,modéré,faible,1.0.0,proxy_saisonnier,0
1872,2022-07-24T06:00:00,2022-07-25,0.1033,faible,haute,1.0.0,observee,0
1873,2022-07-24T06:00:00,2022-07-26,0.437,modéré,faible,1.0.0,proxy_saisonnier,0
1874,2022-07-25T06:00:00,2022-07-26,0.3459,faible,modérée,1.0.0,observee,0
1875,2022-07-25T06:00:00,2022-07-27,0.437,modéré,faible,1.0.0,proxy_saisonnier,0
1876,2022-07-26T06:00:00,2022-07-27,0.2043,faible,modérée,1.0.0,observee,0
1877,2022-07-26T06:00:00,2022-07-28,0.437,modéré,faible,1.0.0,proxy_saisonnier,0
1878,2022-07-27T06:00:00,2022-07-28,0.2729,faible,modérée,1.0.0,observee,0
1879,2022-07-27T06:00:00,2022-07-29,0.437,modéré,faible,1.0.0,proxy_saisonnier,0
1880,2022-07-28T06:00:00,2022-07-29,0.5125,modéré,faible,1.0.0,observee,0
1881,2022-07-28T06:00:00,2022-07-30,0.437,modéré,faible,1.0.0,proxy_saisonnier,0
1882,2022-07-29T06:00:00,2022-07-30,0.0598,faible,haute,1.0.0,observee,0
1883,2022-07-29T06:00:00,2022-07-31,0.437,modéré,faible,1.0.0,proxy_saisonnier,0
1884,2022-07-30T06:00:00,2022-07-31,0.1828,faible,haute,1.0.0,observee,0
1885,2022-07-30T06:00:00,2022-08-01,0.4705,modéré,faible,1.0.0,proxy_saisonnier,0
1886,2022-07-31T06:00:00,2022-08-01,0.0159,faible,haute,1.0.0,observee,0
1887,2022-07-31T06:00:00,2022-08-02,0.4705,modéré,faible,1.0.0,proxy_saisonnier,0
1888,2022-08-01T06:00:00,2022-08-02,0.2908,faible,modérée,1.0.0,observee,0
1889,2022-08-01T06:00:00,2022-08-03,0.4705,modéré,faible,1.0.0,proxy_saisonnier,1
1890,2022-08-02T06:00:00,2022-08-03,0.2502,faible,modérée,1.0.0,observee,1
1891,2022-08-02T06:00:00,2022-08-04,0.4705,modéré,faible,1.0.0,proxy_saisonnier,1
1892,2022-08-03T06:00:00,2022-08-04,0.6831,élevé,modérée,1.0.0,observee,1
1893,2022-08-03T06:00:00,2022-08-05,0.4705,modéré,faible,1.0.0,proxy_saisonnier,0
1894,2022-08-04T06:00:00,2022-08-05,0.5789,modéré,faible,1.0.0,observee,0
1895,2022-08-04T06:00:00,2022-08-06,0.4705,modéré,faible,1.0.0,proxy_saisonnier,0
1896,2022-08-05T06:00:00,2022-08-06,0.1934,faible,haute,1.0.0,observee,0
1897,2022-08-05T06:00:00,2022-08-07,0.4705,modéré,faible,1.0.0,proxy_saisonnier,0
1898,2022-08-06T06:00:00,2022-08-07,0.0209,faible,haute,1.0.0,observee,0
1899,2022-08-06T06:00:00,2022-08-08,0.4705,modéré,faible,1.0.0,proxy_saisonnier,0
1900,2022-08-07T06:00:00,2022-08-08,0.0229,faible,haute,1.0.0,observee,0
1901,2022-08-07T06:00:00,2022-08-09,0.4705,modéré,faible,1.0.0,proxy_saisonnier,0
1902,2022-08-08T06:00:00,2022-08-09,0.0142,faible,haute,1.0.0,observee,0
1903,2022-08-08T06:00:00,2022-08-10,0.4705,modéré,faible,1.0.0,proxy_saisonnier,0
1904,2022-08-09T06:00:00,2022-08-10,0.0253,faible,haute,1.0.0,observee,0
1905,2022-08-09T06:00:00,2022-08-11,0.4705,modéré,faible,1.0.0,proxy_saisonnier,0
1906,2022-08-10T06:00:00,2022-08-11,0.1055,faible,haute,1.0.0,observee,0
1907,2022-08-10T06:00:00,2022-08-12,0.4705,modéré,faible,1.0.0,proxy_saisonnier,0
1908,2022-08-11T06:00:00,2022-08-12,0.0964,faible,haute,1.0.0,observee,0
1909,2022-08-11T06:00:00,2022-08-13,0.4705,modéré,faible,1.0.0,proxy_saisonnier,1
1910,2022-08-12T06:00:00,2022-08-13,0.4153,modéré,faible,1.0.0,observee,1
1911,2022-08-12T06:00:00,2022-08-14,0.4705,modéré,faible,1.0.0,proxy_saisonnier,1
1912,2022-08-13T06:00:00,2022-08-14,0.7711,élevé,modérée,1.0.0,observee,1
1913,2022-08-13T06:00:00,2022-08-15,0.4705,modéré,faible,1.0.0,proxy_saisonnier,1
1914,2022-08-14T06:00:00,2022-08-15,0.7714,élevé,modérée,1.0.0,observee,1
1915,2022-08-14T06:00:00,2022-08-16,0.4705,modéré,faible,1.0.0,proxy_saisonnier,1
1916,2022-08-15T06:00:00,2022-08-16,0.8473,élevé,haute,1.0.0,observee,1
1917,2022-08-15T06:00:00,2022-08-17,0.4705,modéré,faible,1.0.0,proxy_saisonnier,1
1918,2022-08-16T06:00:00,2022-08-17,0.895,élevé,haute,1.0.0,observee,1
1919,2022-08-16T06:00:00,2022-08-18,0.4705,modéré,faible,1.0.0,proxy_saisonnier,1
1920,2022-08-17T06:00:00,2022-08-18,0.8834,élevé,haute,1.0.0,observee,1
1921,2022-08-17T06:00:00,2022-08-19,0.4705,modéré,faible,1.0.0,proxy_saisonnier,0
1922,2022-08-18T06:00:00,2022-08-19,0.7605,élevé,modérée,1.0.0,observee,0
1923,2022-08-18T06:00:00,2022-08-20,0.4705,modéré,faible,1.0.0,proxy_saisonnier,0
1924,2022-08-19T06:00:00,2022-08-20,0.3839,modéré,faible,1.0.0,observee,0
1925,2022-08-19T06:00:00,2022-08-21,0.4705,modéré,faible,1.0.0,proxy_saisonnier,0
1926,2022-08-20T06:00:00,2022-08-21,0.1236,faible,haute,1.0.0,observee,0
1927,2022-08-20T06:00:00,2022-08-22,0.4705,modéré,faible,1.0.0,proxy_saisonnier,0
1928,2022-08-21T06:00:00,2022-08-22,0.4408,modéré,faible,1.0.0,observee,0
1929,2022-08-21T06:00:00,2022-08-23,0.4705,modéré,faible,1.0.0,proxy_saisonnier,0
1930,2022-08-22T06:00:00,2022-08-23,0.4448,modéré,faible,1.0.0,observee,0
1931,2022-08-22T06:00:00,2022-08-24,0.4705,modéré,faible,1.0.0,proxy_saisonnier,0
1932,2022-08-23T06:00:00,2022-08-24,0.4546,modéré,faible,1.0.0,observee,0
1933,2022-08-23T06:00:00,2022-08-25,0.4705,modéré,faible,1.0.0,proxy_saisonnier,0
1934,2022-08-24T06:00:00,2022-08-25,0.2096,faible,modérée,1.0.0,observee,0
1935,2022-08-24T06:00:00,2022-08-26,0.4705,modéré,faible,1.0.0,proxy_saisonnier,0
1936,2022-08-25T06:00:00,2022-08-26,0.4515,modéré,faible,1.0.0,observee,0
1937,2022-08-25T06:00:00,2022-08-27,0.4705,modéré,faible,1.0.0,proxy_saisonnier,0
1938,2022-08-26T06:00:00,2022-08-27,0.2274,faible,modérée,1.0.0,observee,0
1939,2022-08-26T06:00:00,2022-08-28,0.4705,modéré,faible,1.0.0,proxy_saisonnier,0
1940,2022-08-27T06:00:00,2022-08-28,0.046,faible,haute,1.0.0,observee,0
1941,2022-08-27T06:00:00,2022-08-29,0.4705,modéré,faible,1.0.0,proxy_saisonnier,0
1942,2022-08-28T06:00:00,2022-08-29,0.3186,faible,modérée,1.0.0,observee,0
1943,2022-08-28T06:00:00,2022-08-30,0.4705,modéré,faible,1.0.0,proxy_saisonnier,0
1944,2022-08-29T06:00:00,2022-08-30,0.0369,faible,haute,1.0.0,observee,0
1945,2022-08-29T06:00:00,2022-08-31,0.4705,modéré,faible,1.0.0,proxy_saisonnier,0
1946,2022-08-30T06:00:00,2022-08-31,0.2145,faible,modérée,1.0.0,observee,0
1947,2022-08-30T06:00:00,2022-09-01,0.6113,élevé,faible,1.0.0,proxy_saisonnier,1
1948,2022-08-31T06:00:00,2022-09-01,0.0658,faible,haute,1.0.0,observee,1
1949,2022-08-31T06:00:00,2022-09-02,0.6113,élevé,faible,1.0.0,proxy_saisonnier,1
1950,2022-09-01T06:00:00,2022-09-02,0.5695,modéré,faible,1.0.0,observee,1
1951,2022-09-01T06:00:00,2022-09-03,0.6113,élevé,faible,1.0.0,proxy_saisonnier,0
1952,2022-09-02T06:00:00,2022-09-03,0.7473,élevé,modérée,1.0.0,observee,0
1953,2022-09-02T06:00:00,2022-09-04,0.6113,élevé,faible,1.0.0,proxy_saisonnier,0
1954,2022-09-03T06:00:00,2022-09-04,0.6483,élevé,faible,1.0.0,observee,0
1955,2022-09-03T06:00:00,2022-09-05,0.6113,élevé,faible,1.0.0,proxy_saisonnier,1
1956,2022-09-04T06:00:00,2022-09-05,0.4811,modéré,faible,1.0.0,observee,1
1957,2022-09-04T06:00:00,2022-09-06,0.6113,élevé,faible,1.0.0,proxy_saisonnier,1
1958,2022-09-05T06:00:00,2022-09-06,0.4574,modéré,faible,1.0.0,observee,1
1959,2022-09-05T06:00:00,2022-09-07,0.6113,élevé,faible,1.0.0,proxy_saisonnier,1
1960,2022-09-06T06:00:00,2022-09-07,0.67,élevé,modérée,1.0.0,observee,1
1961,2022-09-06T06:00:00,2022-09-08,0.6113,élevé,faible,1.0.0,proxy_saisonnier,1
1962,2022-09-07T06:00:00,2022-09-08,0.8571,élevé,haute,1.0.0,observee,1
1963,2022-09-07T06:00:00,2022-09-09,0.6113,élevé,faible,1.0.0,proxy_saisonnier,1
1964,2022-09-08T06:00:00,2022-09-09,0.7768,élevé,modérée,1.0.0,observee,1
1965,2022-09-08T06:00:00,2022-09-10,0.6113,élevé,faible,1.0.0,proxy_saisonnier,0
1966,2022-09-09T06:00:00,2022-09-10,0.7541,élevé,modérée,1.0.0,observee,0
1967,2022-09-09T06:00:00,2022-09-11,0.6113,élevé,faible,1.0.0,proxy_saisonnier,0
1968,2022-09-10T06:00:00,2022-09-11,0.5074,modéré,faible,1.0.0,observee,0
1969,2022-09-10T06:00:00,2022-09-12,0.6113,élevé,faible,1.0.0,proxy_saisonnier,1
1970,2022-09-11T06:00:00,2022-09-12,0.296,faible,modérée,1.0.0,observee,1
1971,2022-09-11T06:00:00,2022-09-13,0.6113,élevé,faible,1.0.0,proxy_saisonnier,1
1972,2022-09-12T06:00:00,2022-09-13,0.7955,élevé,modérée,1.0.0,observee,1
1973,2022-09-12T06:00:00,2022-09-14,0.6113,élevé,faible,1.0.0,proxy_saisonnier,1
1974,2022-09-13T06:00:00,2022-09-14,0.8429,élevé,haute,1.0.0,observee,1
1975,2022-09-13T06:00:00,2022-09-15,0.6113,élevé,faible,1.0.0,proxy_saisonnier,1
1976,2022-09-14T06:00:00,2022-09-15,0.8157,élevé,haute,1.0.0,observee,1
1977,2022-09-14T06:00:00,2022-09-16,0.6113,élevé,faible,1.0.0,proxy_saisonnier,0
1978,2022-09-15T06:00:00,2022-09-16,0.8016,élevé,haute,1.0.0,observee,0
1979,2022-09-15T06:00:00,2022-09-17,0.6113,élevé,faible,1.0.0,proxy_saisonnier,0
1980,2022-09-16T06:00:00,2022-09-17,0.3946,modéré,faible,1.0.0,observee,0
1981,2022-09-16T06:00:00,2022-09-18,0.6113,élevé,faible,1.0.0,proxy_saisonnier,0
1982,2022-09-17T06:00:00,2022-09-18,0.0459,faible,haute,1.0.0,observee,0
1983,2022-09-17T06:00:00,2022-09-19,0.6113,élevé,faible,1.0.0,proxy_saisonnier,0
1984,2022-09-18T06:00:00,2022-09-19,0.0511,faible,haute,1.0.0,observee,0
1985,2022-09-18T06:00:00,2022-09-20,0.6113,élevé,faible,1.0.0,proxy_saisonnier,0
1986,2022-09-19T06:00:00,2022-09-20,0.0599,faible,haute,1.0.0,observee,0
1987,2022-09-19T06:00:00,2022-09-21,0.6113,élevé,faible,1.0.0,proxy_saisonnier,0
1988,2022-09-20T06:00:00,2022-09-21,0.0898,faible,haute,1.0.0,observee,0
1989,2022-09-20T06:00:00,2022-09-22,0.6113,élevé,faible,1.0.0,proxy_saisonnier,0
1990,2022-09-21T06:00:00,2022-09-22,0.0407,faible,haute,1.0.0,observee,0
1991,2022-09-21T06:00:00,2022-09-23,0.6113,élevé,faible,1.0.0,proxy_saisonnier,1
1992,2022-09-22T06:00:00,2022-09-23,0.1632,faible,haute,1.0.0,observee,1
1993,2022-09-22T06:00:00,2022-09-24,0.6113,élevé,faible,1.0.0,proxy_saisonnier,0
1994,2022-09-23T06:00:00,2022-09-24,0.6763,élevé,modérée,1.0.0,observee,0
1995,2022-09-23T06:00:00,2022-09-25,0.6113,élevé,faible,1.0.0,proxy_saisonnier,1
1996,2022-09-24T06:00:00,2022-09-25,0.698,élevé,modérée,1.0.0,observee,1
1997,2022-09-24T06:00:00,2022-09-26,0.6113,élevé,faible,1.0.0,proxy_saisonnier,1
1998,2022-09-25T06:00:00,2022-09-26,0.6409,élevé,faible,1.0.0,observee,1
1999,2022-09-25T06:00:00,2022-09-27,0.6113,élevé,faible,1.0.0,proxy_saisonnier,1
2000,2022-09-26T06:00:00,2022-09-27,0.8672,élevé,haute,1.0.0,observee,1
2001,2022-09-26T06:00:00,2022-09-28,0.6113,élevé,faible,1.0.0,proxy_saisonnier,1
2002,2022-09-27T06:00:00,2022-09-28,0.7969,élevé,modérée,1.0.0,observee,1
2003,2022-09-27T06:00:00,2022-09-29,0.6113,élevé,faible,1.0.0,proxy_saisonnier,0
2004,2022-09-28T06:00:00,2022-09-29,0.824,élevé,haute,1.0.0,observee,0
2005,2022-09-28T06:00:00,2022-09-30,0.6113,élevé,faible,1.0.0,proxy_saisonnier,1
2006,2022-09-29T06:00:00,2022-09-30,0.6756,élevé,modérée,1.0.0,observee,1
2007,2022-09-29T06:00:00,2022-10-01,0.6772,élevé,faible,1.0.0,proxy_saisonnier,1
2008,2022-09-30T06:00:00,2022-10-01,0.7255,élevé,modérée,1.0.0,observee,1
2009,2022-09-30T06:00:00,2022-10-02,0.6772,élevé,faible,1.0.0,proxy_saisonnier,0
2010,2022-10-01T06:00:00,2022-10-02,0.8116,élevé,haute,1.0.0,observee,0
2011,2022-10-01T06:00:00,2022-10-03,0.6772,élevé,faible,1.0.0,proxy_saisonnier,0
2012,2022-10-02T06:00:00,2022-10-03,0.4035,modéré,faible,1.0.0,observee,0
2013,2022-10-02T06:00:00,2022-10-04,0.6772,élevé,faible,1.0.0,proxy_saisonnier,0
2014,2022-10-03T06:00:00,2022-10-04,0.06,faible,haute,1.0.0,observee,0
2015,2022-10-03T06:00:00,2022-10-05,0.6772,élevé,faible,1.0.0,proxy_saisonnier,0
2016,2022-10-04T06:00:00,2022-10-05,0.3235,faible,modérée,1.0.0,observee,0
2017,2022-10-04T06:00:00,2022-10-06,0.6772,élevé,faible,1.0.0,proxy_saisonnier,0
2018,2022-10-05T06:00:00,2022-10-06,0.2198,faible,modérée,1.0.0,observee,0
2019,2022-10-05T06:00:00,2022-10-07,0.6772,élevé,faible,1.0.0,proxy_saisonnier,0
2020,2022-10-06T06:00:00,2022-10-07,0.0581,faible,haute,1.0.0,observee,0
2021,2022-10-06T06:00:00,2022-10-08,0.6772,élevé,faible,1.0.0,proxy_saisonnier,0
2022,2022-10-07T06:00:00,2022-10-08,0.1435,faible,haute,1.0.0,observee,0
2023,2022-10-07T06:00:00,2022-10-09,0.6772,élevé,faible,1.0.0,proxy_saisonnier,1
2024,2022-10-08T06:00:00,2022-10-09,0.105,faible,haute,1.0.0,observee,1
2025,2022-10-08T06:00:00,2022-10-10,0.6772,élevé,faible,1.0.0,proxy_saisonnier,0
2026,2022-10-09T06:00:00,2022-10-10,0.5351,modéré,faible,1.0.0,observee,0
2027,2022-10-09T06:00:00,2022-10-11,0.6772,élevé,faible,1.0.0,proxy_saisonnier,0
2028,2022-10-10T06:00:00,2022-10-11,0.511,modéré,faible,1.0.0,observee,0
2029,2022-10-10T06:00:00,2022-10-12,0.6772,élevé,faible,1.0.0,proxy_saisonnier,1
2030,2022-10-11T06:00:00,2022-10-12,0.2362,faible,modérée,1.0.0,observee,1
2031,2022-10-11T06:00:00,2022-10-13,0.6772,élevé,faible,1.0.0,proxy_saisonnier,1
2032,2022-10-12T06:00:00,2022-10-13,0.4199,modéré,faible,1.0.0,observee,1
2033,2022-10-12T06:00:00,2022-10-14,0.6772,élevé,faible,1.0.0,proxy_saisonnier,1
2034,2022-10-13T06:00:00,2022-10-14,0.532,modéré,faible,1.0.0,observee,1
2035,2022-10-13T06:00:00,2022-10-15,0.6772,élevé,faible,1.0.0,proxy_saisonnier,0
2036,2022-10-14T06:00:00,2022-10-15,0.8251,élevé,haute,1.0.0,observee,0
2037,2022-10-14T06:00:00,2022-10-16,0.6772,élevé,faible,1.0.0,proxy_saisonnier,1
2038,2022-10-15T06:00:00,2022-10-16,0.5851,modéré,faible,1.0.0,observee,1
2039,2022-10-15T06:00:00,2022-10-17,0.6772,élevé,faible,1.0.0,proxy_saisonnier,1
2040,2022-10-16T06:00:00,2022-10-17,0.863,élevé,haute,1.0.0,observee,1
2041,2022-10-16T06:00:00,2022-10-18,0.6772,élevé,faible,1.0.0,proxy_saisonnier,0
2042,2022-10-17T06:00:00,2022-10-18,0.555,modéré,faible,1.0.0,observee,0
2043,2022-10-17T06:00:00,2022-10-19,0.6772,élevé,faible,1.0.0,proxy_saisonnier,1
2044,2022-10-18T06:00:00,2022-10-19,0.1736,faible,haute,1.0.0,observee,1
2045,2022-10-18T06:00:00,2022-10-20,0.6772,élevé,faible,1.0.0,proxy_saisonnier,1
2046,2022-10-19T06:00:00,2022-10-20,0.6249,élevé,faible,1.0.0,observee,1
2047,2022-10-19T06:00:00,2022-10-21,0.6772,élevé,faible,1.0.0,proxy_saisonnier,0
2048,2022-10-20T06:00:00,2022-10-21,0.7385,élevé,modérée,1.0.0,observee,0
2049,2022-10-20T06:00:00,2022-10-22,0.6772,élevé,faible,1.0.0,proxy_saisonnier,1
2050,2022-10-21T06:00:00,2022-10-22,0.6164,élevé,faible,1.0.0,observee,1
2051,2022-10-21T06:00:00,2022-10-23,0.6772,élevé,faible,1.0.0,proxy_saisonnier,0
2052,2022-10-22T06:00:00,2022-10-23,0.8527,élevé,haute,1.0.0,observee,0
2053,2022-10-22T06:00:00,2022-10-24,0.6772,élevé,faible,1.0.0,proxy_saisonnier,0
2054,2022-10-23T06:00:00,2022-10-24,0.6369,élevé,faible,1.0.0,observee,0
2055,2022-10-23T06:00:00,2022-10-25,0.6772,élevé,faible,1.0.0,proxy_saisonnier,1
2056,2022-10-24T06:00:00,2022-10-25,0.4425,modéré,faible,1.0.0,observee,1
2057,2022-10-24T06:00:00,2022-10-26,0.6772,élevé,faible,1.0.0,proxy_saisonnier,1
2058,2022-10-25T06:00:00,2022-10-26,0.7468,élevé,modérée,1.0.0,observee,1
2059,2022-10-25T06:00:00,2022-10-27,0.6772,élevé,faible,1.0.0,proxy_saisonnier,0
2060,2022-10-26T06:00:00,2022-10-27,0.7115,élevé,modérée,1.0.0,observee,0
2061,2022-10-26T06:00:00,2022-10-28,0.6772,élevé,faible,1.0.0,proxy_saisonnier,0
2062,2022-10-27T06:00:00,2022-10-28,0.4452,modéré,faible,1.0.0,observee,0
2063,2022-10-27T06:00:00,2022-10-29,0.6772,élevé,faible,1.0.0,proxy_saisonnier,0
2064,2022-10-28T06:00:00,2022-10-29,0.3683,modéré,faible,1.0.0,observee,0
2065,2022-10-28T06:00:00,2022-10-30,0.6772,élevé,faible,1.0.0,proxy_saisonnier,1
2066,2022-10-29T06:00:00,2022-10-30,0.4584,modéré,faible,1.0.0,observee,1
2067,2022-10-29T06:00:00,2022-10-31,0.6772,élevé,faible,1.0.0,proxy_saisonnier,1
2068,2022-10-30T06:00:00,2022-10-31,0.641,élevé,faible,1.0.0,observee,1
2069,2022-10-30T06:00:00,2022-11-01,0.596,modéré,faible,1.0.0,proxy_saisonnier,0
2070,2022-10-31T06:00:00,2022-11-01,0.6773,élevé,modérée,1.0.0,observee,0
2071,2022-10-31T06:00:00,2022-11-02,0.596,modéré,faible,1.0.0,proxy_saisonnier,1
2072,2022-11-01T06:00:00,2022-11-02,0.3314,faible,modérée,1.0.0,observee,1
2073,2022-11-01T06:00:00,2022-11-03,0.596,modéré,faible,1.0.0,proxy_saisonnier,1
2074,2022-11-02T06:00:00,2022-11-03,0.4838,modéré,faible,1.0.0,observee,1
2075,2022-11-02T06:00:00,2022-11-04,0.596,modéré,faible,1.0.0,proxy_saisonnier,0
2076,2022-11-03T06:00:00,2022-11-04,0.8701,élevé,haute,1.0.0,observee,0
2077,2022-11-03T06:00:00,2022-11-05,0.596,modéré,faible,1.0.0,proxy_saisonnier,1
2078,2022-11-04T06:00:00,2022-11-05,0.6786,élevé,modérée,1.0.0,observee,1
2079,2022-11-04T06:00:00,2022-11-06,0.596,modéré,faible,1.0.0,proxy_saisonnier,0
2080,2022-11-05T06:00:00,2022-11-06,0.5953,modéré,faible,1.0.0,observee,0
2081,2022-11-05T06:00:00,2022-11-07,0.596,modéré,faible,1.0.0,proxy_saisonnier,1
2082,2022-11-06T06:00:00,2022-11-07,0.5174,modéré,faible,1.0.0,observee,1
2083,2022-11-06T06:00:00,2022-11-08,0.596,modéré,faible,1.0.0,proxy_saisonnier,1
2084,2022-11-07T06:00:00,2022-11-08,0.7045,élevé,modérée,1.0.0,observee,1
2085,2022-11-07T06:00:00,2022-11-09,0.596,modéré,faible,1.0.0,proxy_saisonnier,0
2086,2022-11-08T06:00:00,2022-11-09,0.8885,élevé,haute,1.0.0,observee,0
2087,2022-11-08T06:00:00,2022-11-10,0.596,modéré,faible,1.0.0,proxy_saisonnier,0
2088,2022-11-09T06:00:00,2022-11-10,0.649,élevé,faible,1.0.0,observee,0
2089,2022-11-09T06:00:00,2022-11-11,0.596,modéré,faible,1.0.0,proxy_saisonnier,0
2090,2022-11-10T06:00:00,2022-11-11,0.1915,faible,haute,1.0.0,observee,0
2091,2022-11-10T06:00:00,2022-11-12,0.596,modéré,faible,1.0.0,proxy_saisonnier,0
2092,2022-11-11T06:00:00,2022-11-12,0.1243,faible,haute,1.0.0,observee,0
2093,2022-11-11T06:00:00,2022-11-13,0.596,modéré,faible,1.0.0,proxy_saisonnier,0
2094,2022-11-12T06:00:00,2022-11-13,0.1106,faible,haute,1.0.0,observee,0
2095,2022-11-12T06:00:00,2022-11-14,0.596,modéré,faible,1.0.0,proxy_saisonnier,1
2096,2022-11-13T06:00:00,2022-11-14,0.2629,faible,modérée,1.0.0,observee,1
2097,2022-11-13T06:00:00,2022-11-15,0.596,modéré,faible,1.0.0,proxy_saisonnier,1
2098,2022-11-14T06:00:00,2022-11-15,0.8739,élevé,haute,1.0.0,observee,1
2099,2022-11-14T06:00:00,2022-11-16,0.596,modéré,faible,1.0.0,proxy_saisonnier,1
2100,2022-11-15T06:00:00,2022-11-16,0.922,élevé,haute,1.0.0,observee,1
2101,2022-11-15T06:00:00,2022-11-17,0.596,modéré,faible,1.0.0,proxy_saisonnier,0
2102,2022-11-16T06:00:00,2022-11-17,0.8882,élevé,haute,1.0.0,observee,0
2103,2022-11-16T06:00:00,2022-11-18,0.596,modéré,faible,1.0.0,proxy_saisonnier,0
2104,2022-11-17T06:00:00,2022-11-18,0.5647,modéré,faible,1.0.0,observee,0
2105,2022-11-17T06:00:00,2022-11-19,0.596,modéré,faible,1.0.0,proxy_saisonnier,1
2106,2022-11-18T06:00:00,2022-11-19,0.6001,élevé,faible,1.0.0,observee,1
2107,2022-11-18T06:00:00,2022-11-20,0.596,modéré,faible,1.0.0,proxy_saisonnier,1
2108,2022-11-19T06:00:00,2022-11-20,0.7569,élevé,modérée,1.0.0,observee,1
2109,2022-11-19T06:00:00,2022-11-21,0.596,modéré,faible,1.0.0,proxy_saisonnier,1
2110,2022-11-20T06:00:00,2022-11-21,0.7676,élevé,modérée,1.0.0,observee,1
2111,2022-11-20T06:00:00,2022-11-22,0.596,modéré,faible,1.0.0,proxy_saisonnier,1
2112,2022-11-21T06:00:00,2022-11-22,0.8232,élevé,haute,1.0.0,observee,1
2113,2022-11-21T06:00:00,2022-11-23,0.596,modéré,faible,1.0.0,proxy_saisonnier,0
2114,2022-11-22T06:00:00,2022-11-23,0.7863,élevé,modérée,1.0.0,observee,0
2115,2022-11-22T06:00:00,2022-11-24,0.596,modéré,faible,1.0.0,proxy_saisonnier,1
2116,2022-11-23T06:00:00,2022-11-24,0.6949,élevé,modérée,1.0.0,observee,1
2117,2022-11-23T06:00:00,2022-11-25,0.596,modéré,faible,1.0.0,proxy_saisonnier,0
2118,2022-11-24T06:00:00,2022-11-25,0.7432,élevé,modérée,1.0.0,observee,0
2119,2022-11-24T06:00:00,2022-11-26,0.596,modéré,faible,1.0.0,proxy_saisonnier,1
2120,2022-11-25T06:00:00,2022-11-26,0.3266,faible,modérée,1.0.0,observee,1
2121,2022-11-25T06:00:00,2022-11-27,0.596,modéré,faible,1.0.0,proxy_saisonnier,1
2122,2022-11-26T06:00:00,2022-11-27,0.4711,modéré,faible,1.0.0,observee,1
2123,2022-11-26T06:00:00,2022-11-28,0.596,modéré,faible,1.0.0,proxy_saisonnier,1
2124,2022-11-27T06:00:00,2022-11-28,0.6865,élevé,modérée,1.0.0,observee,1
2125,2022-11-27T06:00:00,2022-11-29,0.596,modéré,faible,1.0.0,proxy_saisonnier,0
2126,2022-11-28T06:00:00,2022-11-29,0.8092,élevé,haute,1.0.0,observee,0
2127,2022-11-28T06:00:00,2022-11-30,0.596,modéré,faible,1.0.0,proxy_saisonnier,0
2128,2022-11-29T06:00:00,2022-11-30,0.338,faible,modérée,1.0.0,observee,0
2129,2022-11-29T06:00:00,2022-12-01,0.6332,élevé,faible,1.0.0,proxy_saisonnier,1
2130,2022-11-30T06:00:00,2022-12-01,0.3597,modéré,faible,1.0.0,observee,1
2131,2022-11-30T06:00:00,2022-12-02,0.6332,élevé,faible,1.0.0,proxy_saisonnier,0
2132,2022-12-01T06:00:00,2022-12-02,0.5068,modéré,faible,1.0.0,observee,0
2133,2022-12-01T06:00:00,2022-12-03,0.6332,élevé,faible,1.0.0,proxy_saisonnier,1
2134,2022-12-02T06:00:00,2022-12-03,0.4673,modéré,faible,1.0.0,observee,1
2135,2022-12-02T06:00:00,2022-12-04,0.6332,élevé,faible,1.0.0,proxy_saisonnier,1
2136,2022-12-03T06:00:00,2022-12-04,0.6379,élevé,faible,1.0.0,observee,1
2137,2022-12-03T06:00:00,2022-12-05,0.6332,élevé,faible,1.0.0,proxy_saisonnier,0
2138,2022-12-04T06:00:00,2022-12-05,0.613,élevé,faible,1.0.0,observee,0
2139,2022-12-04T06:00:00,2022-12-06,0.6332,élevé,faible,1.0.0,proxy_saisonnier,0
2140,2022-12-05T06:00:00,2022-12-06,0.1363,faible,haute,1.0.0,observee,0
2141,2022-12-05T06:00:00,2022-12-07,0.6332,élevé,faible,1.0.0,proxy_saisonnier,0
2142,2022-12-06T06:00:00,2022-12-07,0.2086,faible,modérée,1.0.0,observee,0
2143,2022-12-06T06:00:00,2022-12-08,0.6332,élevé,faible,1.0.0,proxy_saisonnier,0
2144,2022-12-07T06:00:00,2022-12-08,0.2423,faible,modérée,1.0.0,observee,0
2145,2022-12-07T06:00:00,2022-12-09,0.6332,élevé,faible,1.0.0,proxy_saisonnier,0
2146,2022-12-08T06:00:00,2022-12-09,0.3298,faible,modérée,1.0.0,observee,0
2147,2022-12-08T06:00:00,2022-12-10,0.6332,élevé,faible,1.0.0,proxy_saisonnier,0
2148,2022-12-09T06:00:00,2022-12-10,0.2311,faible,modérée,1.0.0,observee,0
2149,2022-12-09T06:00:00,2022-12-11,0.6332,élevé,faible,1.0.0,proxy_saisonnier,1
2150,2022-12-10T06:00:00,2022-12-11,0.2647,faible,modérée,1.0.0,observee,1
2151,2022-12-10T06:00:00,2022-12-12,0.6332,élevé,faible,1.0.0,proxy_saisonnier,0
2152,2022-12-11T06:00:00,2022-12-12,0.5186,modéré,faible,1.0.0,observee,0
2153,2022-12-11T06:00:00,2022-12-13,0.6332,élevé,faible,1.0.0,proxy_saisonnier,1
2154,2022-12-12T06:00:00,2022-12-13,0.3674,modéré,faible,1.0.0,observee,1
2155,2022-12-12T06:00:00,2022-12-14,0.6332,élevé,faible,1.0.0,proxy_saisonnier,0
2156,2022-12-13T06:00:00,2022-12-14,0.5901,modéré,faible,1.0.0,observee,0
2157,2022-12-13T06:00:00,2022-12-15,0.6332,élevé,faible,1.0.0,proxy_saisonnier,0
2158,2022-12-14T06:00:00,2022-12-15,0.3316,faible,modérée,1.0.0,observee,0
2159,2022-12-14T06:00:00,2022-12-16,0.6332,élevé,faible,1.0.0,proxy_saisonnier,0
2160,2022-12-15T06:00:00,2022-12-16,0.3679,modéré,faible,1.0.0,observee,0
2161,2022-12-15T06:00:00,2022-12-17,0.6332,élevé,faible,1.0.0,proxy_saisonnier,1
2162,2022-12-16T06:00:00,2022-12-17,0.4144,modéré,faible,1.0.0,observee,1
2163,2022-12-16T06:00:00,2022-12-18,0.6332,élevé,faible,1.0.0,proxy_saisonnier,1
2164,2022-12-17T06:00:00,2022-12-18,0.4321,modéré,faible,1.0.0,observee,1
2165,2022-12-17T06:00:00,2022-12-19,0.6332,élevé,faible,1.0.0,proxy_saisonnier,1
2166,2022-12-18T06:00:00,2022-12-19,0.7112,élevé,modérée,1.0.0,observee,1
2167,2022-12-18T06:00:00,2022-12-20,0.6332,élevé,faible,1.0.0,proxy_saisonnier,1
2168,2022-12-19T06:00:00,2022-12-20,0.6598,élevé,modérée,1.0.0,observee,1
2169,2022-12-19T06:00:00,2022-12-21,0.6332,élevé,faible,1.0.0,proxy_saisonnier,1
2170,2022-12-20T06:00:00,2022-12-21,0.778,élevé,modérée,1.0.0,observee,1
2171,2022-12-20T06:00:00,2022-12-22,0.6332,élevé,faible,1.0.0,proxy_saisonnier,1
2172,2022-12-21T06:00:00,2022-12-22,0.828,élevé,haute,1.0.0,observee,1
2173,2022-12-21T06:00:00,2022-12-23,0.6332,élevé,faible,1.0.0,proxy_saisonnier,1
2174,2022-12-22T06:00:00,2022-12-23,0.8861,élevé,haute,1.0.0,observee,1
2175,2022-12-22T06:00:00,2022-12-24,0.6332,élevé,faible,1.0.0,proxy_saisonnier,1
2176,2022-12-23T06:00:00,2022-12-24,0.9025,élevé,haute,1.0.0,observee,1
2177,2022-12-23T06:00:00,2022-12-25,0.6332,élevé,faible,1.0.0,proxy_saisonnier,1
2178,2022-12-24T06:00:00,2022-12-25,0.801,élevé,haute,1.0.0,observee,1
2179,2022-12-24T06:00:00,2022-12-26,0.6332,élevé,faible,1.0.0,proxy_saisonnier,0
2180,2022-12-25T06:00:00,2022-12-26,0.8038,élevé,haute,1.0.0,observee,0
2181,2022-12-25T06:00:00,2022-12-27,0.6332,élevé,faible,1.0.0,proxy_saisonnier,1
2182,2022-12-26T06:00:00,2022-12-27,0.5891,modéré,faible,1.0.0,observee,1
2183,2022-12-26T06:00:00,2022-12-28,0.6332,élevé,faible,1.0.0,proxy_saisonnier,1
2184,2022-12-27T06:00:00,2022-12-28,0.5311,modéré,faible,1.0.0,observee,1
2185,2022-12-27T06:00:00,2022-12-29,0.6332,élevé,faible,1.0.0,proxy_saisonnier,1
2186,2022-12-28T06:00:00,2022-12-29,0.7434,élevé,modérée,1.0.0,observee,1
2187,2022-12-28T06:00:00,2022-12-30,0.6332,élevé,faible,1.0.0,proxy_saisonnier,0
2188,2022-12-29T06:00:00,2022-12-30,0.7781,élevé,modérée,1.0.0,observee,0
2189,2022-12-29T06:00:00,2022-12-31,0.6332,élevé,faible,1.0.0,proxy_saisonnier,1
2190,2022-12-30T06:00:00,2022-12-31,0.6284,élevé,faible,1.0.0,observee,1
2191,2022-12-30T06:00:00,2023-01-01,0.6218,élevé,faible,1.0.0,proxy_saisonnier,1
2192,2022-12-31T06:00:00,2023-01-01,0.7486,élevé,modérée,1.0.0,observee,1
2193,2022-12-31T06:00:00,2023-01-02,0.6218,élevé,faible,1.0.0,proxy_saisonnier,1
2194,2023-01-01T06:00:00,2023-01-02,0.7977,élevé,modérée,1.0.0,observee,1
2195,2023-01-01T06:00:00,2023-01-03,0.6218,élevé,faible,1.0.0,proxy_saisonnier,1
2196,2023-01-02T06:00:00,2023-01-03,0.7588,élevé,modérée,1.0.0,observee,1
2197,2023-01-02T06:00:00,2023-01-04,0.6218,élevé,faible,1.0.0,proxy_saisonnier,1
2198,2023-01-03T06:00:00,2023-01-04,0.5824,modéré,faible,1.0.0,observee,1
2199,2023-01-03T06:00:00,2023-01-05,0.6218,élevé,faible,1.0.0,proxy_saisonnier,0
2200,2023-01-04T06:00:00,2023-01-05,0.7854,élevé,modérée,1.0.0,observee,0
2201,2023-01-04T06:00:00,2023-01-06,0.6218,élevé,faible,1.0.0,proxy_saisonnier,1
2202,2023-01-05T06:00:00,2023-01-06,0.5435,modéré,faible,1.0.0,observee,1
2203,2023-01-05T06:00:00,2023-01-07,0.6218,élevé,faible,1.0.0,proxy_saisonnier,1
2204,2023-01-06T06:00:00,2023-01-07,0.7099,élevé,modérée,1.0.0,observee,1
2205,2023-01-06T06:00:00,2023-01-08,0.6218,élevé,faible,1.0.0,proxy_saisonnier,0
2206,2023-01-07T06:00:00,2023-01-08,0.813,élevé,haute,1.0.0,observee,0
2207,2023-01-07T06:00:00,2023-01-09,0.6218,élevé,faible,1.0.0,proxy_saisonnier,1
2208,2023-01-08T06:00:00,2023-01-09,0.6974,élevé,modérée,1.0.0,observee,1
2209,2023-01-08T06:00:00,2023-01-10,0.6218,élevé,faible,1.0.0,proxy_saisonnier,1
2210,2023-01-09T06:00:00,2023-01-10,0.7364,élevé,modérée,1.0.0,observee,1
2211,2023-01-09T06:00:00,2023-01-11,0.6218,élevé,faible,1.0.0,proxy_saisonnier,1
2212,2023-01-10T06:00:00,2023-01-11,0.7647,élevé,modérée,1.0.0,observee,1
2213,2023-01-10T06:00:00,2023-01-12,0.6218,élevé,faible,1.0.0,proxy_saisonnier,1
2214,2023-01-11T06:00:00,2023-01-12,0.7897,élevé,modérée,1.0.0,observee,1
2215,2023-01-11T06:00:00,2023-01-13,0.6218,élevé,faible,1.0.0,proxy_saisonnier,1
2216,2023-01-12T06:00:00,2023-01-13,0.8537,élevé,haute,1.0.0,observee,1
2217,2023-01-12T06:00:00,2023-01-14,0.6218,élevé,faible,1.0.0,proxy_saisonnier,1
2218,2023-01-13T06:00:00,2023-01-14,0.8228,élevé,haute,1.0.0,observee,1
2219,2023-01-13T06:00:00,2023-01-15,0.6218,élevé,faible,1.0.0,proxy_saisonnier,1
2220,2023-01-14T06:00:00,2023-01-15,0.8689,élevé,haute,1.0.0,observee,1
2221,2023-01-14T06:00:00,2023-01-16,0.6218,élevé,faible,1.0.0,proxy_saisonnier,1
2222,2023-01-15T06:00:00,2023-01-16,0.8065,élevé,haute,1.0.0,observee,1
2223,2023-01-15T06:00:00,2023-01-17,0.6218,élevé,faible,1.0.0,proxy_saisonnier,0
2224,2023-01-16T06:00:00,2023-01-17,0.763,élevé,modérée,1.0.0,observee,0
2225,2023-01-16T06:00:00,2023-01-18,0.6218,élevé,faible,1.0.0,proxy_saisonnier,1
2226,2023-01-17T06:00:00,2023-01-18,0.363,modéré,faible,1.0.0,observee,1
2227,2023-01-17T06:00:00,2023-01-19,0.6218,élevé,faible,1.0.0,proxy_saisonnier,0
2228,2023-01-18T06:00:00,2023-01-19,0.6476,élevé,faible,1.0.0,observee,0
2229,2023-01-18T06:00:00,2023-01-20,0.6218,élevé,faible,1.0.0,proxy_saisonnier,0
2230,2023-01-19T06:00:00,2023-01-20,0.208,faible,modérée,1.0.0,observee,0
2231,2023-01-19T06:00:00,2023-01-21,0.6218,élevé,faible,1.0.0,proxy_saisonnier,0
2232,2023-01-20T06:00:00,2023-01-21,0.2083,faible,modérée,1.0.0,observee,0
2233,2023-01-20T06:00:00,2023-01-22,0.6218,élevé,faible,1.0.0,proxy_saisonnier,0
2234,2023-01-21T06:00:00,2023-01-22,0.1402,faible,haute,1.0.0,observee,0
2235,2023-01-21T06:00:00,2023-01-23,0.6218,élevé,faible,1.0.0,proxy_saisonnier,0
2236,2023-01-22T06:00:00,2023-01-23,0.2266,faible,modérée,1.0.0,observee,0
2237,2023-01-22T06:00:00,2023-01-24,0.6218,élevé,faible,1.0.0,proxy_saisonnier,0
2238,2023-01-23T06:00:00,2023-01-24,0.1363,faible,haute,1.0.0,observee,0
2239,2023-01-23T06:00:00,2023-01-25,0.6218,élevé,faible,1.0.0,proxy_saisonnier,0
2240,2023-01-24T06:00:00,2023-01-25,0.1396,faible,haute,1.0.0,observee,0
2241,2023-01-24T06:00:00,2023-01-26,0.6218,élevé,faible,1.0.0,proxy_saisonnier,0
2242,2023-01-25T06:00:00,2023-01-26,0.1008,faible,haute,1.0.0,observee,0
2243,2023-01-25T06:00:00,2023-01-27,0.6218,élevé,faible,1.0.0,proxy_saisonnier,0
2244,2023-01-26T06:00:00,2023-01-27,0.3746,modéré,faible,1.0.0,observee,0
2245,2023-01-26T06:00:00,2023-01-28,0.6218,élevé,faible,1.0.0,proxy_saisonnier,0
2246,2023-01-27T06:00:00,2023-01-28,0.3301,faible,modérée,1.0.0,observee,0
2247,2023-01-27T06:00:00,2023-01-29,0.6218,élevé,faible,1.0.0,proxy_saisonnier,0
2248,2023-01-28T06:00:00,2023-01-29,0.143,faible,haute,1.0.0,observee,0
2249,2023-01-28T06:00:00,2023-01-30,0.6218,élevé,faible,1.0.0,proxy_saisonnier,0
2250,2023-01-29T06:00:00,2023-01-30,0.1547,faible,haute,1.0.0,observee,0
2251,2023-01-29T06:00:00,2023-01-31,0.6218,élevé,faible,1.0.0,proxy_saisonnier,0
2252,2023-01-30T06:00:00,2023-01-31,0.3152,faible,modérée,1.0.0,observee,0
2253,2023-01-30T06:00:00,2023-02-01,0.5473,modéré,faible,1.0.0,proxy_saisonnier,0
2254,2023-01-31T06:00:00,2023-02-01,0.2682,faible,modérée,1.0.0,observee,0
2255,2023-01-31T06:00:00,2023-02-02,0.5473,modéré,faible,1.0.0,proxy_saisonnier,0
2256,2023-02-01T06:00:00,2023-02-02,0.2373,faible,modérée,1.0.0,observee,0
2257,2023-02-01T06:00:00,2023-02-03,0.5473,modéré,faible,1.0.0,proxy_saisonnier,0
2258,2023-02-02T06:00:00,2023-02-03,0.1929,faible,haute,1.0.0,observee,0
2259,2023-02-02T06:00:00,2023-02-04,0.5473,modéré,faible,1.0.0,proxy_saisonnier,0
2260,2023-02-03T06:00:00,2023-02-04,0.131,faible,haute,1.0.0,observee,0
2261,2023-02-03T06:00:00,2023-02-05,0.5473,modéré,faible,1.0.0,proxy_saisonnier,0
2262,2023-02-04T06:00:00,2023-02-05,0.1819,faible,haute,1.0.0,observee,0
2263,2023-02-04T06:00:00,2023-02-06,0.5473,modéré,faible,1.0.0,proxy_saisonnier,0
2264,2023-02-05T06:00:00,2023-02-06,0.2207,faible,modérée,1.0.0,observee,0
2265,2023-02-05T06:00:00,2023-02-07,0.5473,modéré,faible,1.0.0,proxy_saisonnier,0
2266,2023-02-06T06:00:00,2023-02-07,0.0434,faible,haute,1.0.0,observee,0
2267,2023-02-06T06:00:00,2023-02-08,0.5473,modéré,faible,1.0.0,proxy_saisonnier,0
2268,2023-02-07T06:00:00,2023-02-08,0.0322,faible,haute,1.0.0,observee,0
2269,2023-02-07T06:00:00,2023-02-09,0.5473,modéré,faible,1.0.0,proxy_saisonnier,0
2270,2023-02-08T06:00:00,2023-02-09,0.0411,faible,haute,1.0.0,observee,0
2271,2023-02-08T06:00:00,2023-02-10,0.5473,modéré,faible,1.0.0,proxy_saisonnier,0
2272,2023-02-09T06:00:00,2023-02-10,0.122,faible,haute,1.0.0,observee,0
2273,2023-02-09T06:00:00,2023-02-11,0.5473,modéré,faible,1.0.0,proxy_saisonnier,0
2274,2023-02-10T06:00:00,2023-02-11,0.1563,faible,haute,1.0.0,observee,0
2275,2023-02-10T06:00:00,2023-02-12,0.5473,modéré,faible,1.0.0,proxy_saisonnier,0
2276,2023-02-11T06:00:00,2023-02-12,0.1215,faible,haute,1.0.0,observee,0
2277,2023-02-11T06:00:00,2023-02-13,0.5473,modéré,faible,1.0.0,proxy_saisonnier,0
2278,2023-02-12T06:00:00,2023-02-13,0.222,faible,modérée,1.0.0,observee,0
2279,2023-02-12T06:00:00,2023-02-14,0.5473,modéré,faible,1.0.0,proxy_saisonnier,0
2280,2023-02-13T06:00:00,2023-02-14,0.1789,faible,haute,1.0.0,observee,0
2281,2023-02-13T06:00:00,2023-02-15,0.5473,modéré,faible,1.0.0,proxy_saisonnier,1
2282,2023-02-14T06:00:00,2023-02-15,0.2579,faible,modérée,1.0.0,observee,1
2283,2023-02-14T06:00:00,2023-02-16,0.5473,modéré,faible,1.0.0,proxy_saisonnier,0
2284,2023-02-15T06:00:00,2023-02-16,0.456,modéré,faible,1.0.0,observee,0
2285,2023-02-15T06:00:00,2023-02-17,0.5473,modéré,faible,1.0.0,proxy_saisonnier,0
2286,2023-02-16T06:00:00,2023-02-17,0.4342,modéré,faible,1.0.0,observee,0
2287,2023-02-16T06:00:00,2023-02-18,0.5473,modéré,faible,1.0.0,proxy_saisonnier,0
2288,2023-02-17T06:00:00,2023-02-18,0.3021,faible,modérée,1.0.0,observee,0
2289,2023-02-17T06:00:00,2023-02-19,0.5473,modéré,faible,1.0.0,proxy_saisonnier,0
2290,2023-02-18T06:00:00,2023-02-19,0.2014,faible,modérée,1.0.0,observee,0
2291,2023-02-18T06:00:00,2023-02-20,0.5473,modéré,faible,1.0.0,proxy_saisonnier,0
2292,2023-02-19T06:00:00,2023-02-20,0.2002,faible,modérée,1.0.0,observee,0
2293,2023-02-19T06:00:00,2023-02-21,0.5473,modéré,faible,1.0.0,proxy_saisonnier,1
2294,2023-02-20T06:00:00,2023-02-21,0.2657,faible,modérée,1.0.0,observee,1
2295,2023-02-20T06:00:00,2023-02-22,0.5473,modéré,faible,1.0.0,proxy_saisonnier,0
2296,2023-02-21T06:00:00,2023-02-22,0.6332,élevé,faible,1.0.0,observee,0
2297,2023-02-21T06:00:00,2023-02-23,0.5473,modéré,faible,1.0.0,proxy_saisonnier,0
2298,2023-02-22T06:00:00,2023-02-23,0.6167,élevé,faible,1.0.0,observee,0
2299,2023-02-22T06:00:00,2023-02-24,0.5473,modéré,faible,1.0.0,proxy_saisonnier,0
2300,2023-02-23T06:00:00,2023-02-24,0.4915,modéré,faible,1.0.0,observee,0
2301,2023-02-23T06:00:00,2023-02-25,0.5473,modéré,faible,1.0.0,proxy_saisonnier,0
2302,2023-02-24T06:00:00,2023-02-25,0.4853,modéré,faible,1.0.0,observee,0
2303,2023-02-24T06:00:00,2023-02-26,0.5473,modéré,faible,1.0.0,proxy_saisonnier,0
2304,2023-02-25T06:00:00,2023-02-26,0.509,modéré,faible,1.0.0,observee,0
2305,2023-02-25T06:00:00,2023-02-27,0.5473,modéré,faible,1.0.0,proxy_saisonnier,0
2306,2023-02-26T06:00:00,2023-02-27,0.1147,faible,haute,1.0.0,observee,0
2307,2023-02-26T06:00:00,2023-02-28,0.5473,modéré,faible,1.0.0,proxy_saisonnier,0
2308,2023-02-27T06:00:00,2023-02-28,0.067,faible,haute,1.0.0,observee,0
2309,2023-02-27T06:00:00,2023-03-01,0.4438,modéré,faible,1.0.0,proxy_saisonnier,0
2310,2023-02-28T06:00:00,2023-03-01,0.0601,faible,haute,1.0.0,observee,0
2311,2023-02-28T06:00:00,2023-03-02,0.4438,modéré,faible,1.0.0,proxy_saisonnier,0
2312,2023-03-01T06:00:00,2023-03-02,0.0314,faible,haute,1.0.0,observee,0
2313,2023-03-01T06:00:00,2023-03-03,0.4438,modéré,faible,1.0.0,proxy_saisonnier,0
2314,2023-03-02T06:00:00,2023-03-03,0.2108,faible,modérée,1.0.0,observee,0
2315,2023-03-02T06:00:00,2023-03-04,0.4438,modéré,faible,1.0.0,proxy_saisonnier,0
2316,2023-03-03T06:00:00,2023-03-04,0.1197,faible,haute,1.0.0,observee,0
2317,2023-03-03T06:00:00,2023-03-05,0.4438,modéré,faible,1.0.0,proxy_saisonnier,1
2318,2023-03-04T06:00:00,2023-03-05,0.3402,faible,modérée,1.0.0,observee,1
2319,2023-03-04T06:00:00,2023-03-06,0.4438,modéré,faible,1.0.0,proxy_saisonnier,0
2320,2023-03-05T06:00:00,2023-03-06,0.4923,modéré,faible,1.0.0,observee,0
2321,2023-03-05T06:00:00,2023-03-07,0.4438,modéré,faible,1.0.0,proxy_saisonnier,1
2322,2023-03-06T06:00:00,2023-03-07,0.5916,modéré,faible,1.0.0,observee,1
2323,2023-03-06T06:00:00,2023-03-08,0.4438,modéré,faible,1.0.0,proxy_saisonnier,1
2324,2023-03-07T06:00:00,2023-03-08,0.7914,élevé,modérée,1.0.0,observee,1
2325,2023-03-07T06:00:00,2023-03-09,0.4438,modéré,faible,1.0.0,proxy_saisonnier,1
2326,2023-03-08T06:00:00,2023-03-09,0.9218,élevé,haute,1.0.0,observee,1
2327,2023-03-08T06:00:00,2023-03-10,0.4438,modéré,faible,1.0.0,proxy_saisonnier,1
2328,2023-03-09T06:00:00,2023-03-10,0.9549,élevé,haute,1.0.0,observee,1
2329,2023-03-09T06:00:00,2023-03-11,0.4438,modéré,faible,1.0.0,proxy_saisonnier,1
2330,2023-03-10T06:00:00,2023-03-11,0.8699,élevé,haute,1.0.0,observee,1
2331,2023-03-10T06:00:00,2023-03-12,0.4438,modéré,faible,1.0.0,proxy_saisonnier,1
2332,2023-03-11T06:00:00,2023-03-12,0.7256,élevé,modérée,1.0.0,observee,1
2333,2023-03-11T06:00:00,2023-03-13,0.4438,modéré,faible,1.0.0,proxy_saisonnier,1
2334,2023-03-12T06:00:00,2023-03-13,0.8305,élevé,haute,1.0.0,observee,1
2335,2023-03-12T06:00:00,2023-03-14,0.4438,modéré,faible,1.0.0,proxy_saisonnier,0
2336,2023-03-13T06:00:00,2023-03-14,0.9104,élevé,haute,1.0.0,observee,0
2337,2023-03-13T06:00:00,2023-03-15,0.4438,modéré,faible,1.0.0,proxy_saisonnier,0
2338,2023-03-14T06:00:00,2023-03-15,0.6473,élevé,faible,1.0.0,observee,0
2339,2023-03-14T06:00:00,2023-03-16,0.4438,modéré,faible,1.0.0,proxy_saisonnier,1
2340,2023-03-15T06:00:00,2023-03-16,0.4691,modéré,faible,1.0.0,observee,1
2341,2023-03-15T06:00:00,2023-03-17,0.4438,modéré,faible,1.0.0,proxy_saisonnier,1
2342,2023-03-16T06:00:00,2023-03-17,0.6541,élevé,modérée,1.0.0,observee,1
2343,2023-03-16T06:00:00,2023-03-18,0.4438,modéré,faible,1.0.0,proxy_saisonnier,1
2344,2023-03-17T06:00:00,2023-03-18,0.9047,élevé,haute,1.0.0,observee,1
2345,2023-03-17T06:00:00,2023-03-19,0.4438,modéré,faible,1.0.0,proxy_saisonnier,0
2346,2023-03-18T06:00:00,2023-03-19,0.864,élevé,haute,1.0.0,observee,0
2347,2023-03-18T06:00:00,2023-03-20,0.4438,modéré,faible,1.0.0,proxy_saisonnier,1
2348,2023-03-19T06:00:00,2023-03-20,0.504,modéré,faible,1.0.0,observee,1
2349,2023-03-19T06:00:00,2023-03-21,0.4438,modéré,faible,1.0.0,proxy_saisonnier,1
2350,2023-03-20T06:00:00,2023-03-21,0.6984,élevé,modérée,1.0.0,observee,1
2351,2023-03-20T06:00:00,2023-03-22,0.4438,modéré,faible,1.0.0,proxy_saisonnier,1
2352,2023-03-21T06:00:00,2023-03-22,0.7022,élevé,modérée,1.0.0,observee,1
2353,2023-03-21T06:00:00,2023-03-23,0.4438,modéré,faible,1.0.0,proxy_saisonnier,1
2354,2023-03-22T06:00:00,2023-03-23,0.8383,élevé,haute,1.0.0,observee,1
2355,2023-03-22T06:00:00,2023-03-24,0.4438,modéré,faible,1.0.0,proxy_saisonnier,0
2356,2023-03-23T06:00:00,2023-03-24,0.9189,élevé,haute,1.0.0,observee,0
2357,2023-03-23T06:00:00,2023-03-25,0.4438,modéré,faible,1.0.0,proxy_saisonnier,1
2358,2023-03-24T06:00:00,2023-03-25,0.4722,modéré,faible,1.0.0,observee,1
2359,2023-03-24T06:00:00,2023-03-26,0.4438,modéré,faible,1.0.0,proxy_saisonnier,0
2360,2023-03-25T06:00:00,2023-03-26,0.7704,élevé,modérée,1.0.0,observee,0
2361,2023-03-25T06:00:00,2023-03-27,0.4438,modéré,faible,1.0.0,proxy_saisonnier,1
2362,2023-03-26T06:00:00,2023-03-27,0.6527,élevé,modérée,1.0.0,observee,1
2363,2023-03-26T06:00:00,2023-03-28,0.4438,modéré,faible,1.0.0,proxy_saisonnier,1
2364,2023-03-27T06:00:00,2023-03-28,0.4268,modéré,faible,1.0.0,observee,1
2365,2023-03-27T06:00:00,2023-03-29,0.4438,modéré,faible,1.0.0,proxy_saisonnier,1
2366,2023-03-28T06:00:00,2023-03-29,0.5243,modéré,faible,1.0.0,observee,1
2367,2023-03-28T06:00:00,2023-03-30,0.4438,modéré,faible,1.0.0,proxy_saisonnier,1
2368,2023-03-29T06:00:00,2023-03-30,0.7078,élevé,modérée,1.0.0,observee,1
2369,2023-03-29T06:00:00,2023-03-31,0.4438,modéré,faible,1.0.0,proxy_saisonnier,1
2370,2023-03-30T06:00:00,2023-03-31,0.7689,élevé,modérée,1.0.0,observee,1
2371,2023-03-30T06:00:00,2023-04-01,0.3682,modéré,faible,1.0.0,proxy_saisonnier,0
2372,2023-03-31T06:00:00,2023-04-01,0.8361,élevé,haute,1.0.0,observee,0
2373,2023-03-31T06:00:00,2023-04-02,0.3682,modéré,faible,1.0.0,proxy_saisonnier,0
2374,2023-04-01T06:00:00,2023-04-02,0.701,élevé,modérée,1.0.0,observee,0
2375,2023-04-01T06:00:00,2023-04-03,0.3682,modéré,faible,1.0.0,proxy_saisonnier,0
2376,2023-04-02T06:00:00,2023-04-03,0.4408,modéré,faible,1.0.0,observee,0
2377,2023-04-02T06:00:00,2023-04-04,0.3682,modéré,faible,1.0.0,proxy_saisonnier,0
2378,2023-04-03T06:00:00,2023-04-04,0.2467,faible,modérée,1.0.0,observee,0
2379,2023-04-03T06:00:00,2023-04-05,0.3682,modéré,faible,1.0.0,proxy_saisonnier,1
2380,2023-04-04T06:00:00,2023-04-05,0.0414,faible,haute,1.0.0,observee,1
2381,2023-04-04T06:00:00,2023-04-06,0.3682,modéré,faible,1.0.0,proxy_saisonnier,0
2382,2023-04-05T06:00:00,2023-04-06,0.4002,modéré,faible,1.0.0,observee,0
2383,2023-04-05T06:00:00,2023-04-07,0.3682,modéré,faible,1.0.0,proxy_saisonnier,0
2384,2023-04-06T06:00:00,2023-04-07,0.4606,modéré,faible,1.0.0,observee,0
2385,2023-04-06T06:00:00,2023-04-08,0.3682,modéré,faible,1.0.0,proxy_saisonnier,0
2386,2023-04-07T06:00:00,2023-04-08,0.1528,faible,haute,1.0.0,observee,0
2387,2023-04-07T06:00:00,2023-04-09,0.3682,modéré,faible,1.0.0,proxy_saisonnier,1
2388,2023-04-08T06:00:00,2023-04-09,0.2104,faible,modérée,1.0.0,observee,1
2389,2023-04-08T06:00:00,2023-04-10,0.3682,modéré,faible,1.0.0,proxy_saisonnier,1
2390,2023-04-09T06:00:00,2023-04-10,0.6339,élevé,faible,1.0.0,observee,1
2391,2023-04-09T06:00:00,2023-04-11,0.3682,modéré,faible,1.0.0,proxy_saisonnier,1
2392,2023-04-10T06:00:00,2023-04-11,0.7145,élevé,modérée,1.0.0,observee,1
2393,2023-04-10T06:00:00,2023-04-12,0.3682,modéré,faible,1.0.0,proxy_saisonnier,1
2394,2023-04-11T06:00:00,2023-04-12,0.6208,élevé,faible,1.0.0,observee,1
2395,2023-04-11T06:00:00,2023-04-13,0.3682,modéré,faible,1.0.0,proxy_saisonnier,1
2396,2023-04-12T06:00:00,2023-04-13,0.8099,élevé,haute,1.0.0,observee,1
2397,2023-04-12T06:00:00,2023-04-14,0.3682,modéré,faible,1.0.0,proxy_saisonnier,1
2398,2023-04-13T06:00:00,2023-04-14,0.8822,élevé,haute,1.0.0,observee,1
2399,2023-04-13T06:00:00,2023-04-15,0.3682,modéré,faible,1.0.0,proxy_saisonnier,0
2400,2023-04-14T06:00:00,2023-04-15,0.8747,élevé,haute,1.0.0,observee,0
2401,2023-04-14T06:00:00,2023-04-16,0.3682,modéré,faible,1.0.0,proxy_saisonnier,0
2402,2023-04-15T06:00:00,2023-04-16,0.672,élevé,modérée,1.0.0,observee,0
2403,2023-04-15T06:00:00,2023-04-17,0.3682,modéré,faible,1.0.0,proxy_saisonnier,1
2404,2023-04-16T06:00:00,2023-04-17,0.3785,modéré,faible,1.0.0,observee,1
2405,2023-04-16T06:00:00,2023-04-18,0.3682,modéré,faible,1.0.0,proxy_saisonnier,0
2406,2023-04-17T06:00:00,2023-04-18,0.539,modéré,faible,1.0.0,observee,0
2407,2023-04-17T06:00:00,2023-04-19,0.3682,modéré,faible,1.0.0,proxy_saisonnier,0
2408,2023-04-18T06:00:00,2023-04-19,0.1424,faible,haute,1.0.0,observee,0
2409,2023-04-18T06:00:00,2023-04-20,0.3682,modéré,faible,1.0.0,proxy_saisonnier,0
2410,2023-04-19T06:00:00,2023-04-20,0.2227,faible,modérée,1.0.0,observee,0
2411,2023-04-19T06:00:00,2023-04-21,0.3682,modéré,faible,1.0.0,proxy_saisonnier,1
2412,2023-04-20T06:00:00,2023-04-21,0.2918,faible,modérée,1.0.0,observee,1
2413,2023-04-20T06:00:00,2023-04-22,0.3682,modéré,faible,1.0.0,proxy_saisonnier,1
2414,2023-04-21T06:00:00,2023-04-22,0.7209,élevé,modérée,1.0.0,observee,1
2415,2023-04-21T06:00:00,2023-04-23,0.3682,modéré,faible,1.0.0,proxy_saisonnier,1
2416,2023-04-22T06:00:00,2023-04-23,0.8289,élevé,haute,1.0.0,observee,1
2417,2023-04-22T06:00:00,2023-04-24,0.3682,modéré,faible,1.0.0,proxy_saisonnier,1
2418,2023-04-23T06:00:00,2023-04-24,0.8461,élevé,haute,1.0.0,observee,1
2419,2023-04-23T06:00:00,2023-04-25,0.3682,modéré,faible,1.0.0,proxy_saisonnier,0
2420,2023-04-24T06:00:00,2023-04-25,0.8038,élevé,haute,1.0.0,observee,0
2421,2023-04-24T06:00:00,2023-04-26,0.3682,modéré,faible,1.0.0,proxy_saisonnier,1
2422,2023-04-25T06:00:00,2023-04-26,0.4795,modéré,faible,1.0.0,observee,1
2423,2023-04-25T06:00:00,2023-04-27,0.3682,modéré,faible,1.0.0,proxy_saisonnier,1
2424,2023-04-26T06:00:00,2023-04-27,0.5795,modéré,faible,1.0.0,observee,1
2425,2023-04-26T06:00:00,2023-04-28,0.3682,modéré,faible,1.0.0,proxy_saisonnier,0
2426,2023-04-27T06:00:00,2023-04-28,0.7274,élevé,modérée,1.0.0,observee,0
2427,2023-04-27T06:00:00,2023-04-29,0.3682,modéré,faible,1.0.0,proxy_saisonnier,0
2428,2023-04-28T06:00:00,2023-04-29,0.6978,élevé,modérée,1.0.0,observee,0
2429,2023-04-28T06:00:00,2023-04-30,0.3682,modéré,faible,1.0.0,proxy_saisonnier,1
2430,2023-04-29T06:00:00,2023-04-30,0.4616,modéré,faible,1.0.0,observee,1
2431,2023-04-29T06:00:00,2023-05-01,0.4796,modéré,faible,1.0.0,proxy_saisonnier,0
2432,2023-04-30T06:00:00,2023-05-01,0.6208,élevé,faible,1.0.0,observee,0
2433,2023-04-30T06:00:00,2023-05-02,0.4796,modéré,faible,1.0.0,proxy_saisonnier,0
2434,2023-05-01T06:00:00,2023-05-02,0.5087,modéré,faible,1.0.0,observee,0
2435,2023-05-01T06:00:00,2023-05-03,0.4796,modéré,faible,1.0.0,proxy_saisonnier,0
2436,2023-05-02T06:00:00,2023-05-03,0.1748,faible,haute,1.0.0,observee,0
2437,2023-05-02T06:00:00,2023-05-04,0.4796,modéré,faible,1.0.0,proxy_saisonnier,1
2438,2023-05-03T06:00:00,2023-05-04,0.0916,faible,haute,1.0.0,observee,1
2439,2023-05-03T06:00:00,2023-05-05,0.4796,modéré,faible,1.0.0,proxy_saisonnier,1
2440,2023-05-04T06:00:00,2023-05-05,0.7075,élevé,modérée,1.0.0,observee,1
2441,2023-05-04T06:00:00,2023-05-06,0.4796,modéré,faible,1.0.0,proxy_saisonnier,1
2442,2023-05-05T06:00:00,2023-05-06,0.6154,élevé,faible,1.0.0,observee,1
2443,2023-05-05T06:00:00,2023-05-07,0.4796,modéré,faible,1.0.0,proxy_saisonnier,0
2444,2023-05-06T06:00:00,2023-05-07,0.751,élevé,modérée,1.0.0,observee,0
2445,2023-05-06T06:00:00,2023-05-08,0.4796,modéré,faible,1.0.0,proxy_saisonnier,1
2446,2023-05-07T06:00:00,2023-05-08,0.451,modéré,faible,1.0.0,observee,1
2447,2023-05-07T06:00:00,2023-05-09,0.4796,modéré,faible,1.0.0,proxy_saisonnier,1
2448,2023-05-08T06:00:00,2023-05-09,0.618,élevé,faible,1.0.0,observee,1
2449,2023-05-08T06:00:00,2023-05-10,0.4796,modéré,faible,1.0.0,proxy_saisonnier,1
2450,2023-05-09T06:00:00,2023-05-10,0.8215,élevé,haute,1.0.0,observee,1
2451,2023-05-09T06:00:00,2023-05-11,0.4796,modéré,faible,1.0.0,proxy_saisonnier,1
2452,2023-05-10T06:00:00,2023-05-11,0.797,élevé,modérée,1.0.0,observee,1
2453,2023-05-10T06:00:00,2023-05-12,0.4796,modéré,faible,1.0.0,proxy_saisonnier,1
2454,2023-05-11T06:00:00,2023-05-12,0.6913,élevé,modérée,1.0.0,observee,1
2455,2023-05-11T06:00:00,2023-05-13,0.4796,modéré,faible,1.0.0,proxy_saisonnier,0
2456,2023-05-12T06:00:00,2023-05-13,0.6455,élevé,faible,1.0.0,observee,0
2457,2023-05-12T06:00:00,2023-05-14,0.4796,modéré,faible,1.0.0,proxy_saisonnier,1
2458,2023-05-13T06:00:00,2023-05-14,0.2821,faible,modérée,1.0.0,observee,1
2459,2023-05-13T06:00:00,2023-05-15,0.4796,modéré,faible,1.0.0,proxy_saisonnier,0
2460,2023-05-14T06:00:00,2023-05-15,0.6247,élevé,faible,1.0.0,observee,0
2461,2023-05-14T06:00:00,2023-05-16,0.4796,modéré,faible,1.0.0,proxy_saisonnier,0
2462,2023-05-15T06:00:00,2023-05-16,0.5469,modéré,faible,1.0.0,observee,0
2463,2023-05-15T06:00:00,2023-05-17,0.4796,modéré,faible,1.0.0,proxy_saisonnier,0
2464,2023-05-16T06:00:00,2023-05-17,0.0776,faible,haute,1.0.0,observee,0
2465,2023-05-16T06:00:00,2023-05-18,0.4796,modéré,faible,1.0.0,proxy_saisonnier,0
2466,2023-05-17T06:00:00,2023-05-18,0.0846,faible,haute,1.0.0,observee,0
2467,2023-05-17T06:00:00,2023-05-19,0.4796,modéré,faible,1.0.0,proxy_saisonnier,0
2468,2023-05-18T06:00:00,2023-05-19,0.1458,faible,haute,1.0.0,observee,0
2469,2023-05-18T06:00:00,2023-05-20,0.4796,modéré,faible,1.0.0,proxy_saisonnier,0
2470,2023-05-19T06:00:00,2023-05-20,0.0153,faible,haute,1.0.0,observee,0
2471,2023-05-19T06:00:00,2023-05-21,0.4796,modéré,faible,1.0.0,proxy_saisonnier,0
2472,2023-05-20T06:00:00,2023-05-21,0.2327,faible,modérée,1.0.0,observee,0
2473,2023-05-20T06:00:00,2023-05-22,0.4796,modéré,faible,1.0.0,proxy_saisonnier,0
2474,2023-05-21T06:00:00,2023-05-22,0.4486,modéré,faible,1.0.0,observee,0
2475,2023-05-21T06:00:00,2023-05-23,0.4796,modéré,faible,1.0.0,proxy_saisonnier,0
2476,2023-05-22T06:00:00,2023-05-23,0.4647,modéré,faible,1.0.0,observee,0
2477,2023-05-22T06:00:00,2023-05-24,0.4796,modéré,faible,1.0.0,proxy_saisonnier,0
2478,2023-05-23T06:00:00,2023-05-24,0.2753,faible,modérée,1.0.0,observee,0
2479,2023-05-23T06:00:00,2023-05-25,0.4796,modéré,faible,1.0.0,proxy_saisonnier,0
2480,2023-05-24T06:00:00,2023-05-25,0.1466,faible,haute,1.0.0,observee,0
2481,2023-05-24T06:00:00,2023-05-26,0.4796,modéré,faible,1.0.0,proxy_saisonnier,0
2482,2023-05-25T06:00:00,2023-05-26,0.012,faible,haute,1.0.0,observee,0
2483,2023-05-25T06:00:00,2023-05-27,0.4796,modéré,faible,1.0.0,proxy_saisonnier,0
2484,2023-05-26T06:00:00,2023-05-27,0.0127,faible,haute,1.0.0,observee,0
2485,2023-05-26T06:00:00,2023-05-28,0.4796,modéré,faible,1.0.0,proxy_saisonnier,0
2486,2023-05-27T06:00:00,2023-05-28,0.006,faible,haute,1.0.0,observee,0
2487,2023-05-27T06:00:00,2023-05-29,0.4796,modéré,faible,1.0.0,proxy_saisonnier,0
2488,2023-05-28T06:00:00,2023-05-29,0.0147,faible,haute,1.0.0,observee,0
2489,2023-05-28T06:00:00,2023-05-30,0.4796,modéré,faible,1.0.0,proxy_saisonnier,0
2490,2023-05-29T06:00:00,2023-05-30,0.0277,faible,haute,1.0.0,observee,0
2491,2023-05-29T06:00:00,2023-05-31,0.4796,modéré,faible,1.0.0,proxy_saisonnier,0
2492,2023-05-30T06:00:00,2023-05-31,0.1574,faible,haute,1.0.0,observee,0
2493,2023-05-30T06:00:00,2023-06-01,0.5901,modéré,faible,1.0.0,proxy_saisonnier,0
2494,2023-05-31T06:00:00,2023-06-01,0.0075,faible,haute,1.0.0,observee,0
2495,2023-05-31T06:00:00,2023-06-02,0.5901,modéré,faible,1.0.0,proxy_saisonnier,0
2496,2023-06-01T06:00:00,2023-06-02,0.0258,faible,haute,1.0.0,observee,0
2497,2023-06-01T06:00:00,2023-06-03,0.5901,modéré,faible,1.0.0,proxy_saisonnier,0
2498,2023-06-02T06:00:00,2023-06-03,0.0289,faible,haute,1.0.0,observee,0
2499,2023-06-02T06:00:00,2023-06-04,0.5901,modéré,faible,1.0.0,proxy_saisonnier,0
2500,2023-06-03T06:00:00,2023-06-04,0.0394,faible,haute,1.0.0,observee,0
2501,2023-06-03T06:00:00,2023-06-05,0.5901,modéré,faible,1.0.0,proxy_saisonnier,0
2502,2023-06-04T06:00:00,2023-06-05,0.0165,faible,haute,1.0.0,observee,0
2503,2023-06-04T06:00:00,2023-06-06,0.5901,modéré,faible,1.0.0,proxy_saisonnier,0
2504,2023-06-05T06:00:00,2023-06-06,0.0132,faible,haute,1.0.0,observee,0
2505,2023-06-05T06:00:00,2023-06-07,0.5901,modéré,faible,1.0.0,proxy_saisonnier,0
2506,2023-06-06T06:00:00,2023-06-07,0.0454,faible,haute,1.0.0,observee,0
2507,2023-06-06T06:00:00,2023-06-08,0.5901,modéré,faible,1.0.0,proxy_saisonnier,0
2508,2023-06-07T06:00:00,2023-06-08,0.0413,faible,haute,1.0.0,observee,0
2509,2023-06-07T06:00:00,2023-06-09,0.5901,modéré,faible,1.0.0,proxy_saisonnier,1
2510,2023-06-08T06:00:00,2023-06-09,0.2139,faible,modérée,1.0.0,observee,1
2511,2023-06-08T06:00:00,2023-06-10,0.5901,modéré,faible,1.0.0,proxy_saisonnier,1
2512,2023-06-09T06:00:00,2023-06-10,0.7172,élevé,modérée,1.0.0,observee,1
2513,2023-06-09T06:00:00,2023-06-11,0.5901,modéré,faible,1.0.0,proxy_saisonnier,1
2514,2023-06-10T06:00:00,2023-06-11,0.7614,élevé,modérée,1.0.0,observee,1
2515,2023-06-10T06:00:00,2023-06-12,0.5901,modéré,faible,1.0.0,proxy_saisonnier,0
2516,2023-06-11T06:00:00,2023-06-12,0.8353,élevé,haute,1.0.0,observee,0
2517,2023-06-11T06:00:00,2023-06-13,0.5901,modéré,faible,1.0.0,proxy_saisonnier,0
2518,2023-06-12T06:00:00,2023-06-13,0.6832,élevé,modérée,1.0.0,observee,0
2519,2023-06-12T06:00:00,2023-06-14,0.5901,modéré,faible,1.0.0,proxy_saisonnier,0
2520,2023-06-13T06:00:00,2023-06-14,0.3678,modéré,faible,1.0.0,observee,0
2521,2023-06-13T06:00:00,2023-06-15,0.5901,modéré,faible,1.0.0,proxy_saisonnier,0
2522,2023-06-14T06:00:00,2023-06-15,0.3574,modéré,faible,1.0.0,observee,0
2523,2023-06-14T06:00:00,2023-06-16,0.5901,modéré,faible,1.0.0,proxy_saisonnier,0
2524,2023-06-15T06:00:00,2023-06-16,0.272,faible,modérée,1.0.0,observee,0
2525,2023-06-15T06:00:00,2023-06-17,0.5901,modéré,faible,1.0.0,proxy_saisonnier,1
2526,2023-06-16T06:00:00,2023-06-17,0.0366,faible,haute,1.0.0,observee,1
2527,2023-06-16T06:00:00,2023-06-18,0.5901,modéré,faible,1.0.0,proxy_saisonnier,1
2528,2023-06-17T06:00:00,2023-06-18,0.7715,élevé,modérée,1.0.0,observee,1
2529,2023-06-17T06:00:00,2023-06-19,0.5901,modéré,faible,1.0.0,proxy_saisonnier,1
2530,2023-06-18T06:00:00,2023-06-19,0.7856,élevé,modérée,1.0.0,observee,1
2531,2023-06-18T06:00:00,2023-06-20,0.5901,modéré,faible,1.0.0,proxy_saisonnier,1
2532,2023-06-19T06:00:00,2023-06-20,0.936,élevé,haute,1.0.0,observee,1
2533,2023-06-19T06:00:00,2023-06-21,0.5901,modéré,faible,1.0.0,proxy_saisonnier,1
2534,2023-06-20T06:00:00,2023-06-21,0.8289,élevé,haute,1.0.0,observee,1
2535,2023-06-20T06:00:00,2023-06-22,0.5901,modéré,faible,1.0.0,proxy_saisonnier,0
2536,2023-06-21T06:00:00,2023-06-22,0.7066,élevé,modérée,1.0.0,observee,0
2537,2023-06-21T06:00:00,2023-06-23,0.5901,modéré,faible,1.0.0,proxy_saisonnier,0
2538,2023-06-22T06:00:00,2023-06-23,0.3675,modéré,faible,1.0.0,observee,0
2539,2023-06-22T06:00:00,2023-06-24,0.5901,modéré,faible,1.0.0,proxy_saisonnier,0
2540,2023-06-23T06:00:00,2023-06-24,0.0543,faible,haute,1.0.0,observee,0
2541,2023-06-23T06:00:00,2023-06-25,0.5901,modéré,faible,1.0.0,proxy_saisonnier,0
2542,2023-06-24T06:00:00,2023-06-25,0.0219,faible,haute,1.0.0,observee,0
2543,2023-06-24T06:00:00,2023-06-26,0.5901,modéré,faible,1.0.0,proxy_saisonnier,0
2544,2023-06-25T06:00:00,2023-06-26,0.0944,faible,haute,1.0.0,observee,0
2545,2023-06-25T06:00:00,2023-06-27,0.5901,modéré,faible,1.0.0,proxy_saisonnier,1
2546,2023-06-26T06:00:00,2023-06-27,0.2526,faible,modérée,1.0.0,observee,1
2547,2023-06-26T06:00:00,2023-06-28,0.5901,modéré,faible,1.0.0,proxy_saisonnier,1
2548,2023-06-27T06:00:00,2023-06-28,0.477,modéré,faible,1.0.0,observee,1
2549,2023-06-27T06:00:00,2023-06-29,0.5901,modéré,faible,1.0.0,proxy_saisonnier,0
2550,2023-06-28T06:00:00,2023-06-29,0.59,modéré,faible,1.0.0,observee,0
2551,2023-06-28T06:00:00,2023-06-30,0.5901,modéré,faible,1.0.0,proxy_saisonnier,1
2552,2023-06-29T06:00:00,2023-06-30,0.3636,modéré,faible,1.0.0,observee,1
2553,2023-06-29T06:00:00,2023-07-01,0.437,modéré,faible,1.0.0,proxy_saisonnier,0
2554,2023-06-30T06:00:00,2023-07-01,0.6453,élevé,faible,1.0.0,observee,0
2555,2023-06-30T06:00:00,2023-07-02,0.437,modéré,faible,1.0.0,proxy_saisonnier,0
2556,2023-07-01T06:00:00,2023-07-02,0.5513,modéré,faible,1.0.0,observee,0
2557,2023-07-01T06:00:00,2023-07-03,0.437,modéré,faible,1.0.0,proxy_saisonnier,1
2558,2023-07-02T06:00:00,2023-07-03,0.3744,modéré,faible,1.0.0,observee,1
2559,2023-07-02T06:00:00,2023-07-04,0.437,modéré,faible,1.0.0,proxy_saisonnier,1
2560,2023-07-03T06:00:00,2023-07-04,0.4662,modéré,faible,1.0.0,observee,1
2561,2023-07-03T06:00:00,2023-07-05,0.437,modéré,faible,1.0.0,proxy_saisonnier,0
2562,2023-07-04T06:00:00,2023-07-05,0.6601,élevé,modérée,1.0.0,observee,0
2563,2023-07-04T06:00:00,2023-07-06,0.437,modéré,faible,1.0.0,proxy_saisonnier,0
2564,2023-07-05T06:00:00,2023-07-06,0.2454,faible,modérée,1.0.0,observee,0
2565,2023-07-05T06:00:00,2023-07-07,0.437,modéré,faible,1.0.0,proxy_saisonnier,0
2566,2023-07-06T06:00:00,2023-07-07,0.1845,faible,haute,1.0.0,observee,0
2567,2023-07-06T06:00:00,2023-07-08,0.437,modéré,faible,1.0.0,proxy_saisonnier,1
2568,2023-07-07T06:00:00,2023-07-08,0.259,faible,modérée,1.0.0,observee,1
2569,2023-07-07T06:00:00,2023-07-09,0.437,modéré,faible,1.0.0,proxy_saisonnier,0
2570,2023-07-08T06:00:00,2023-07-09,0.7959,élevé,modérée,1.0.0,observee,0
2571,2023-07-08T06:00:00,2023-07-10,0.437,modéré,faible,1.0.0,proxy_saisonnier,0
2572,2023-07-09T06:00:00,2023-07-10,0.2994,faible,modérée,1.0.0,observee,0
2573,2023-07-09T06:00:00,2023-07-11,0.437,modéré,faible,1.0.0,proxy_saisonnier,1
2574,2023-07-10T06:00:00,2023-07-11,0.013,faible,haute,1.0.0,observee,1
2575,2023-07-10T06:00:00,2023-07-12,0.437,modéré,faible,1.0.0,proxy_saisonnier,0
2576,2023-07-11T06:00:00,2023-07-12,0.5365,modéré,faible,1.0.0,observee,0
2577,2023-07-11T06:00:00,2023-07-13,0.437,modéré,faible,1.0.0,proxy_saisonnier,0
2578,2023-07-12T06:00:00,2023-07-13,0.2958,faible,modérée,1.0.0,observee,0
2579,2023-07-12T06:00:00,2023-07-14,0.437,modéré,faible,1.0.0,proxy_saisonnier,1
2580,2023-07-13T06:00:00,2023-07-14,0.2086,faible,modérée,1.0.0,observee,1
2581,2023-07-13T06:00:00,2023-07-15,0.437,modéré,faible,1.0.0,proxy_saisonnier,0
2582,2023-07-14T06:00:00,2023-07-15,0.6512,élevé,modérée,1.0.0,observee,0
2583,2023-07-14T06:00:00,2023-07-16,0.437,modéré,faible,1.0.0,proxy_saisonnier,0
2584,2023-07-15T06:00:00,2023-07-16,0.4727,modéré,faible,1.0.0,observee,0
2585,2023-07-15T06:00:00,2023-07-17,0.437,modéré,faible,1.0.0,proxy_saisonnier,0
2586,2023-07-16T06:00:00,2023-07-17,0.3071,faible,modérée,1.0.0,observee,0
2587,2023-07-16T06:00:00,2023-07-18,0.437,modéré,faible,1.0.0,proxy_saisonnier,0
2588,2023-07-17T06:00:00,2023-07-18,0.2457,faible,modérée,1.0.0,observee,0
2589,2023-07-17T06:00:00,2023-07-19,0.437,modéré,faible,1.0.0,proxy_saisonnier,0
2590,2023-07-18T06:00:00,2023-07-19,0.0299,faible,haute,1.0.0,observee,0
2591,2023-07-18T06:00:00,2023-07-20,0.437,modéré,faible,1.0.0,proxy_saisonnier,1
2592,2023-07-19T06:00:00,2023-07-20,0.1918,faible,haute,1.0.0,observee,1
2593,2023-07-19T06:00:00,2023-07-21,0.437,modéré,faible,1.0.0,proxy_saisonnier,0
2594,2023-07-20T06:00:00,2023-07-21,0.6507,élevé,modérée,1.0.0,observee,0
2595,2023-07-20T06:00:00,2023-07-22,0.437,modéré,faible,1.0.0,proxy_saisonnier,1
2596,2023-07-21T06:00:00,2023-07-22,0.3174,faible,modérée,1.0.0,observee,1
2597,2023-07-21T06:00:00,2023-07-23,0.437,modéré,faible,1.0.0,proxy_saisonnier,1
2598,2023-07-22T06:00:00,2023-07-23,0.6637,élevé,modérée,1.0.0,observee,1
2599,2023-07-22T06:00:00,2023-07-24,0.437,modéré,faible,1.0.0,proxy_saisonnier,1
2600,2023-07-23T06:00:00,2023-07-24,0.7378,élevé,modérée,1.0.0,observee,1
2601,2023-07-23T06:00:00,2023-07-25,0.437,modéré,faible,1.0.0,proxy_saisonnier,0
2602,2023-07-24T06:00:00,2023-07-25,0.8763,élevé,haute,1.0.0,observee,0
2603,2023-07-24T06:00:00,2023-07-26,0.437,modéré,faible,1.0.0,proxy_saisonnier,1
2604,2023-07-25T06:00:00,2023-07-26,0.5794,modéré,faible,1.0.0,observee,1
2605,2023-07-25T06:00:00,2023-07-27,0.437,modéré,faible,1.0.0,proxy_saisonnier,1
2606,2023-07-26T06:00:00,2023-07-27,0.7233,élevé,modérée,1.0.0,observee,1
2607,2023-07-26T06:00:00,2023-07-28,0.437,modéré,faible,1.0.0,proxy_saisonnier,1
2608,2023-07-27T06:00:00,2023-07-28,0.795,élevé,modérée,1.0.0,observee,1
2609,2023-07-27T06:00:00,2023-07-29,0.437,modéré,faible,1.0.0,proxy_saisonnier,0
2610,2023-07-28T06:00:00,2023-07-29,0.8764,élevé,haute,1.0.0,observee,0
2611,2023-07-28T06:00:00,2023-07-30,0.437,modéré,faible,1.0.0,proxy_saisonnier,1
2612,2023-07-29T06:00:00,2023-07-30,0.6722,élevé,modérée,1.0.0,observee,1
2613,2023-07-29T06:00:00,2023-07-31,0.437,modéré,faible,1.0.0,proxy_saisonnier,1
2614,2023-07-30T06:00:00,2023-07-31,0.6206,élevé,faible,1.0.0,observee,1
2615,2023-07-30T06:00:00,2023-08-01,0.4705,modéré,faible,1.0.0,proxy_saisonnier,1
2616,2023-07-31T06:00:00,2023-08-01,0.7607,élevé,modérée,1.0.0,observee,1
2617,2023-07-31T06:00:00,2023-08-02,0.4705,modéré,faible,1.0.0,proxy_saisonnier,1
2618,2023-08-01T06:00:00,2023-08-02,0.9082,élevé,haute,1.0.0,observee,1
2619,2023-08-01T06:00:00,2023-08-03,0.4705,modéré,faible,1.0.0,proxy_saisonnier,1
2620,2023-08-02T06:00:00,2023-08-03,0.8504,élevé,haute,1.0.0,observee,1
2621,2023-08-02T06:00:00,2023-08-04,0.4705,modéré,faible,1.0.0,proxy_saisonnier,1
2622,2023-08-03T06:00:00,2023-08-04,0.7883,élevé,modérée,1.0.0,observee,1
2623,2023-08-03T06:00:00,2023-08-05,0.4705,modéré,faible,1.0.0,proxy_saisonnier,1
2624,2023-08-04T06:00:00,2023-08-05,0.6786,élevé,modérée,1.0.0,observee,1
2625,2023-08-04T06:00:00,2023-08-06,0.4705,modéré,faible,1.0.0,proxy_saisonnier,0
2626,2023-08-05T06:00:00,2023-08-06,0.7556,élevé,modérée,1.0.0,observee,0
2627,2023-08-05T06:00:00,2023-08-07,0.4705,modéré,faible,1.0.0,proxy_saisonnier,0
2628,2023-08-06T06:00:00,2023-08-07,0.3575,modéré,faible,1.0.0,observee,0
2629,2023-08-06T06:00:00,2023-08-08,0.4705,modéré,faible,1.0.0,proxy_saisonnier,0
2630,2023-08-07T06:00:00,2023-08-08,0.1323,faible,haute,1.0.0,observee,0
2631,2023-08-07T06:00:00,2023-08-09,0.4705,modéré,faible,1.0.0,proxy_saisonnier,0
2632,2023-08-08T06:00:00,2023-08-09,0.4401,modéré,faible,1.0.0,observee,0
2633,2023-08-08T06:00:00,2023-08-10,0.4705,modéré,faible,1.0.0,proxy_saisonnier,1
2634,2023-08-09T06:00:00,2023-08-10,0.2899,faible,modérée,1.0.0,observee,1
2635,2023-08-09T06:00:00,2023-08-11,0.4705,modéré,faible,1.0.0,proxy_saisonnier,1
2636,2023-08-10T06:00:00,2023-08-11,0.3772,modéré,faible,1.0.0,observee,1
2637,2023-08-10T06:00:00,2023-08-12,0.4705,modéré,faible,1.0.0,proxy_saisonnier,0
2638,2023-08-11T06:00:00,2023-08-12,0.5172,modéré,faible,1.0.0,observee,0
2639,2023-08-11T06:00:00,2023-08-13,0.4705,modéré,faible,1.0.0,proxy_saisonnier,0
2640,2023-08-12T06:00:00,2023-08-13,0.2666,faible,modérée,1.0.0,observee,0
2641,2023-08-12T06:00:00,2023-08-14,0.4705,modéré,faible,1.0.0,proxy_saisonnier,1
2642,2023-08-13T06:00:00,2023-08-14,0.3217,faible,modérée,1.0.0,observee,1
2643,2023-08-13T06:00:00,2023-08-15,0.4705,modéré,faible,1.0.0,proxy_saisonnier,0
2644,2023-08-14T06:00:00,2023-08-15,0.792,élevé,modérée,1.0.0,observee,0
2645,2023-08-14T06:00:00,2023-08-16,0.4705,modéré,faible,1.0.0,proxy_saisonnier,1
2646,2023-08-15T06:00:00,2023-08-16,0.496,modéré,faible,1.0.0,observee,1
2647,2023-08-15T06:00:00,2023-08-17,0.4705,modéré,faible,1.0.0,proxy_saisonnier,0
2648,2023-08-16T06:00:00,2023-08-17,0.5684,modéré,faible,1.0.0,observee,0
2649,2023-08-16T06:00:00,2023-08-18,0.4705,modéré,faible,1.0.0,proxy_saisonnier,1
2650,2023-08-17T06:00:00,2023-08-18,0.3807,modéré,faible,1.0.0,observee,1
2651,2023-08-17T06:00:00,2023-08-19,0.4705,modéré,faible,1.0.0,proxy_saisonnier,0
2652,2023-08-18T06:00:00,2023-08-19,0.8701,élevé,haute,1.0.0,observee,0
2653,2023-08-18T06:00:00,2023-08-20,0.4705,modéré,faible,1.0.0,proxy_saisonnier,0
2654,2023-08-19T06:00:00,2023-08-20,0.4998,modéré,faible,1.0.0,observee,0
2655,2023-08-19T06:00:00,2023-08-21,0.4705,modéré,faible,1.0.0,proxy_saisonnier,0
2656,2023-08-20T06:00:00,2023-08-21,0.1583,faible,haute,1.0.0,observee,0
2657,2023-08-20T06:00:00,2023-08-22,0.4705,modéré,faible,1.0.0,proxy_saisonnier,0
2658,2023-08-21T06:00:00,2023-08-22,0.0256,faible,haute,1.0.0,observee,0
2659,2023-08-21T06:00:00,2023-08-23,0.4705,modéré,faible,1.0.0,proxy_saisonnier,1
2660,2023-08-22T06:00:00,2023-08-23,0.0233,faible,haute,1.0.0,observee,1
2661,2023-08-22T06:00:00,2023-08-24,0.4705,modéré,faible,1.0.0,proxy_saisonnier,1
2662,2023-08-23T06:00:00,2023-08-24,0.328,faible,modérée,1.0.0,observee,1
2663,2023-08-23T06:00:00,2023-08-25,0.4705,modéré,faible,1.0.0,proxy_saisonnier,0
2664,2023-08-24T06:00:00,2023-08-25,0.8471,élevé,haute,1.0.0,observee,0
2665,2023-08-24T06:00:00,2023-08-26,0.4705,modéré,faible,1.0.0,proxy_saisonnier,1
2666,2023-08-25T06:00:00,2023-08-26,0.6425,élevé,faible,1.0.0,observee,1
2667,2023-08-25T06:00:00,2023-08-27,0.4705,modéré,faible,1.0.0,proxy_saisonnier,1
2668,2023-08-26T06:00:00,2023-08-27,0.7009,élevé,modérée,1.0.0,observee,1
2669,2023-08-26T06:00:00,2023-08-28,0.4705,modéré,faible,1.0.0,proxy_saisonnier,1
2670,2023-08-27T06:00:00,2023-08-28,0.8265,élevé,haute,1.0.0,observee,1
2671,2023-08-27T06:00:00,2023-08-29,0.4705,modéré,faible,1.0.0,proxy_saisonnier,1
2672,2023-08-28T06:00:00,2023-08-29,0.8176,élevé,haute,1.0.0,observee,1
2673,2023-08-28T06:00:00,2023-08-30,0.4705,modéré,faible,1.0.0,proxy_saisonnier,1
2674,2023-08-29T06:00:00,2023-08-30,0.7895,élevé,modérée,1.0.0,observee,1
2675,2023-08-29T06:00:00,2023-08-31,0.4705,modéré,faible,1.0.0,proxy_saisonnier,1
2676,2023-08-30T06:00:00,2023-08-31,0.7124,élevé,modérée,1.0.0,observee,1
2677,2023-08-30T06:00:00,2023-09-01,0.6113,élevé,faible,1.0.0,proxy_saisonnier,1
2678,2023-08-31T06:00:00,2023-09-01,0.7737,élevé,modérée,1.0.0,observee,1
2679,2023-08-31T06:00:00,2023-09-02,0.6113,élevé,faible,1.0.0,proxy_saisonnier,0
2680,2023-09-01T06:00:00,2023-09-02,0.8398,élevé,haute,1.0.0,observee,0
2681,2023-09-01T06:00:00,2023-09-03,0.6113,élevé,faible,1.0.0,proxy_saisonnier,0
2682,2023-09-02T06:00:00,2023-09-03,0.3662,modéré,faible,1.0.0,observee,0
2683,2023-09-02T06:00:00,2023-09-04,0.6113,élevé,faible,1.0.0,proxy_saisonnier,0
2684,2023-09-03T06:00:00,2023-09-04,0.2394,faible,modérée,1.0.0,observee,0
2685,2023-09-03T06:00:00,2023-09-05,0.6113,élevé,faible,1.0.0,proxy_saisonnier,0
2686,2023-09-04T06:00:00,2023-09-05,0.1953,faible,haute,1.0.0,observee,0
2687,2023-09-04T06:00:00,2023-09-06,0.6113,élevé,faible,1.0.0,proxy_saisonnier,0
2688,2023-09-05T06:00:00,2023-09-06,0.3429,faible,modérée,1.0.0,observee,0
2689,2023-09-05T06:00:00,2023-09-07,0.6113,élevé,faible,1.0.0,proxy_saisonnier,0
2690,2023-09-06T06:00:00,2023-09-07,0.2268,faible,modérée,1.0.0,observee,0
2691,2023-09-06T06:00:00,2023-09-08,0.6113,élevé,faible,1.0.0,proxy_saisonnier,0
2692,2023-09-07T06:00:00,2023-09-08,0.2478,faible,modérée,1.0.0,observee,0
2693,2023-09-07T06:00:00,2023-09-09,0.6113,élevé,faible,1.0.0,proxy_saisonnier,0
2694,2023-09-08T06:00:00,2023-09-09,0.2996,faible,modérée,1.0.0,observee,0
2695,2023-09-08T06:00:00,2023-09-10,0.6113,élevé,faible,1.0.0,proxy_saisonnier,1
2696,2023-09-09T06:00:00,2023-09-10,0.4801,modéré,faible,1.0.0,observee,1
2697,2023-09-09T06:00:00,2023-09-11,0.6113,élevé,faible,1.0.0,proxy_saisonnier,1
2698,2023-09-10T06:00:00,2023-09-11,0.7162,élevé,modérée,1.0.0,observee,1
2699,2023-09-10T06:00:00,2023-09-12,0.6113,élevé,faible,1.0.0,proxy_saisonnier,1
2700,2023-09-11T06:00:00,2023-09-12,0.7975,élevé,modérée,1.0.0,observee,1
2701,2023-09-11T06:00:00,2023-09-13,0.6113,élevé,faible,1.0.0,proxy_saisonnier,0
2702,2023-09-12T06:00:00,2023-09-13,0.7354,élevé,modérée,1.0.0,observee,0
2703,2023-09-12T06:00:00,2023-09-14,0.6113,élevé,faible,1.0.0,proxy_saisonnier,0
2704,2023-09-13T06:00:00,2023-09-14,0.2402,faible,modérée,1.0.0,observee,0
2705,2023-09-13T06:00:00,2023-09-15,0.6113,élevé,faible,1.0.0,proxy_saisonnier,0
2706,2023-09-14T06:00:00,2023-09-15,0.1941,faible,haute,1.0.0,observee,0
2707,2023-09-14T06:00:00,2023-09-16,0.6113,élevé,faible,1.0.0,proxy_saisonnier,1
2708,2023-09-15T06:00:00,2023-09-16,0.3729,modéré,faible,1.0.0,observee,1
2709,2023-09-15T06:00:00,2023-09-17,0.6113,élevé,faible,1.0.0,proxy_saisonnier,1
2710,2023-09-16T06:00:00,2023-09-17,0.9239,élevé,haute,1.0.0,observee,1
2711,2023-09-16T06:00:00,2023-09-18,0.6113,élevé,faible,1.0.0,proxy_saisonnier,1
2712,2023-09-17T06:00:00,2023-09-18,0.9067,élevé,haute,1.0.0,observee,1
2713,2023-09-17T06:00:00,2023-09-19,0.6113,élevé,faible,1.0.0,proxy_saisonnier,0
2714,2023-09-18T06:00:00,2023-09-19,0.8205,élevé,haute,1.0.0,observee,0
2715,2023-09-18T06:00:00,2023-09-20,0.6113,élevé,faible,1.0.0,proxy_saisonnier,1
2716,2023-09-19T06:00:00,2023-09-20,0.6668,élevé,modérée,1.0.0,observee,1
2717,2023-09-19T06:00:00,2023-09-21,0.6113,élevé,faible,1.0.0,proxy_saisonnier,1
2718,2023-09-20T06:00:00,2023-09-21,0.8438,élevé,haute,1.0.0,observee,1
2719,2023-09-20T06:00:00,2023-09-22,0.6113,élevé,faible,1.0.0,proxy_saisonnier,0
2720,2023-09-21T06:00:00,2023-09-22,0.8788,élevé,haute,1.0.0,observee,0
2721,2023-09-21T06:00:00,2023-09-23,0.6113,élevé,faible,1.0.0,proxy_saisonnier,0
2722,2023-09-22T06:00:00,2023-09-23,0.675,élevé,modérée,1.0.0,observee,0
2723,2023-09-22T06:00:00,2023-09-24,0.6113,élevé,faible,1.0.0,proxy_saisonnier,0
2724,2023-09-23T06:00:00,2023-09-24,0.3271,faible,modérée,1.0.0,observee,0
2725,2023-09-23T06:00:00,2023-09-25,0.6113,élevé,faible,1.0.0,proxy_saisonnier,0
2726,2023-09-24T06:00:00,2023-09-25,0.0995,faible,haute,1.0.0,observee,0
2727,2023-09-24T06:00:00,2023-09-26,0.6113,élevé,faible,1.0.0,proxy_saisonnier,0
2728,2023-09-25T06:00:00,2023-09-26,0.2039,faible,modérée,1.0.0,observee,0
2729,2023-09-25T06:00:00,2023-09-27,0.6113,élevé,faible,1.0.0,proxy_saisonnier,0
2730,2023-09-26T06:00:00,2023-09-27,0.2575,faible,modérée,1.0.0,observee,0
2731,2023-09-26T06:00:00,2023-09-28,0.6113,élevé,faible,1.0.0,proxy_saisonnier,0
2732,2023-09-27T06:00:00,2023-09-28,0.4752,modéré,faible,1.0.0,observee,0
2733,2023-09-27T06:00:00,2023-09-29,0.6113,élevé,faible,1.0.0,proxy_saisonnier,0
2734,2023-09-28T06:00:00,2023-09-29,0.4161,modéré,faible,1.0.0,observee,0
2735,2023-09-28T06:00:00,2023-09-30,0.6113,élevé,faible,1.0.0,proxy_saisonnier,0
2736,2023-09-29T06:00:00,2023-09-30,0.239,faible,modérée,1.0.0,observee,0
2737,2023-09-29T06:00:00,2023-10-01,0.6772,élevé,faible,1.0.0,proxy_saisonnier,0
2738,2023-09-30T06:00:00,2023-10-01,0.095,faible,haute,1.0.0,observee,0
2739,2023-09-30T06:00:00,2023-10-02,0.6772,élevé,faible,1.0.0,proxy_saisonnier,1
2740,2023-10-01T06:00:00,2023-10-02,0.1149,faible,haute,1.0.0,observee,1
2741,2023-10-01T06:00:00,2023-10-03,0.6772,élevé,faible,1.0.0,proxy_saisonnier,0
2742,2023-10-02T06:00:00,2023-10-03,0.5551,modéré,faible,1.0.0,observee,0
2743,2023-10-02T06:00:00,2023-10-04,0.6772,élevé,faible,1.0.0,proxy_saisonnier,0
2744,2023-10-03T06:00:00,2023-10-04,0.2365,faible,modérée,1.0.0,observee,0
2745,2023-10-03T06:00:00,2023-10-05,0.6772,élevé,faible,1.0.0,proxy_saisonnier,0
2746,2023-10-04T06:00:00,2023-10-05,0.0378,faible,haute,1.0.0,observee,0
2747,2023-10-04T06:00:00,2023-10-06,0.6772,élevé,faible,1.0.0,proxy_saisonnier,0
2748,2023-10-05T06:00:00,2023-10-06,0.1007,faible,haute,1.0.0,observee,0
2749,2023-10-05T06:00:00,2023-10-07,0.6772,élevé,faible,1.0.0,proxy_saisonnier,0
2750,2023-10-06T06:00:00,2023-10-07,0.0786,faible,haute,1.0.0,observee,0
2751,2023-10-06T06:00:00,2023-10-08,0.6772,élevé,faible,1.0.0,proxy_saisonnier,0
2752,2023-10-07T06:00:00,2023-10-08,0.0924,faible,haute,1.0.0,observee,0
2753,2023-10-07T06:00:00,2023-10-09,0.6772,élevé,faible,1.0.0,proxy_saisonnier,0
2754,2023-10-08T06:00:00,2023-10-09,0.1229,faible,haute,1.0.0,observee,0
2755,2023-10-08T06:00:00,2023-10-10,0.6772,élevé,faible,1.0.0,proxy_saisonnier,0
2756,2023-10-09T06:00:00,2023-10-10,0.0856,faible,haute,1.0.0,observee,0
2757,2023-10-09T06:00:00,2023-10-11,0.6772,élevé,faible,1.0.0,proxy_saisonnier,1
2758,2023-10-10T06:00:00,2023-10-11,0.1583,faible,haute,1.0.0,observee,1
2759,2023-10-10T06:00:00,2023-10-12,0.6772,élevé,faible,1.0.0,proxy_saisonnier,0
2760,2023-10-11T06:00:00,2023-10-12,0.5309,modéré,faible,1.0.0,observee,0
2761,2023-10-11T06:00:00,2023-10-13,0.6772,élevé,faible,1.0.0,proxy_saisonnier,1
2762,2023-10-12T06:00:00,2023-10-13,0.4767,modéré,faible,1.0.0,observee,1
2763,2023-10-12T06:00:00,2023-10-14,0.6772,élevé,faible,1.0.0,proxy_saisonnier,0
2764,2023-10-13T06:00:00,2023-10-14,0.7845,élevé,modérée,1.0.0,observee,0
2765,2023-10-13T06:00:00,2023-10-15,0.6772,élevé,faible,1.0.0,proxy_saisonnier,0
2766,2023-10-14T06:00:00,2023-10-15,0.4116,modéré,faible,1.0.0,observee,0
2767,2023-10-14T06:00:00,2023-10-16,0.6772,élevé,faible,1.0.0,proxy_saisonnier,0
2768,2023-10-15T06:00:00,2023-10-16,0.2437,faible,modérée,1.0.0,observee,0
2769,2023-10-15T06:00:00,2023-10-17,0.6772,élevé,faible,1.0.0,proxy_saisonnier,1
2770,2023-10-16T06:00:00,2023-10-17,0.4041,modéré,faible,1.0.0,observee,1
2771,2023-10-16T06:00:00,2023-10-18,0.6772,élevé,faible,1.0.0,proxy_saisonnier,1
2772,2023-10-17T06:00:00,2023-10-18,0.7987,élevé,modérée,1.0.0,observee,1
2773,2023-10-17T06:00:00,2023-10-19,0.6772,élevé,faible,1.0.0,proxy_saisonnier,1
2774,2023-10-18T06:00:00,2023-10-19,0.905,élevé,haute,1.0.0,observee,1
2775,2023-10-18T06:00:00,2023-10-20,0.6772,élevé,faible,1.0.0,proxy_saisonnier,1
2776,2023-10-19T06:00:00,2023-10-20,0.8561,élevé,haute,1.0.0,observee,1
2777,2023-10-19T06:00:00,2023-10-21,0.6772,élevé,faible,1.0.0,proxy_saisonnier,1
2778,2023-10-20T06:00:00,2023-10-21,0.8338,élevé,haute,1.0.0,observee,1
2779,2023-10-20T06:00:00,2023-10-22,0.6772,élevé,faible,1.0.0,proxy_saisonnier,1
2780,2023-10-21T06:00:00,2023-10-22,0.7703,élevé,modérée,1.0.0,observee,1
2781,2023-10-21T06:00:00,2023-10-23,0.6772,élevé,faible,1.0.0,proxy_saisonnier,1
2782,2023-10-22T06:00:00,2023-10-23,0.8752,élevé,haute,1.0.0,observee,1
2783,2023-10-22T06:00:00,2023-10-24,0.6772,élevé,faible,1.0.0,proxy_saisonnier,1
2784,2023-10-23T06:00:00,2023-10-24,0.8418,élevé,haute,1.0.0,observee,1
2785,2023-10-23T06:00:00,2023-10-25,0.6772,élevé,faible,1.0.0,proxy_saisonnier,1
2786,2023-10-24T06:00:00,2023-10-25,0.859,élevé,haute,1.0.0,observee,1
2787,2023-10-24T06:00:00,2023-10-26,0.6772,élevé,faible,1.0.0,proxy_saisonnier,1
2788,2023-10-25T06:00:00,2023-10-26,0.9062,élevé,haute,1.0.0,observee,1
2789,2023-10-25T06:00:00,2023-10-27,0.6772,élevé,faible,1.0.0,proxy_saisonnier,1
2790,2023-10-26T06:00:00,2023-10-27,0.895,élevé,haute,1.0.0,observee,1
2791,2023-10-26T06:00:00,2023-10-28,0.6772,élevé,faible,1.0.0,proxy_saisonnier,1
2792,2023-10-27T06:00:00,2023-10-28,0.9539,élevé,haute,1.0.0,observee,1
2793,2023-10-27T06:00:00,2023-10-29,0.6772,élevé,faible,1.0.0,proxy_saisonnier,1
2794,2023-10-28T06:00:00,2023-10-29,0.942,élevé,haute,1.0.0,observee,1
2795,2023-10-28T06:00:00,2023-10-30,0.6772,élevé,faible,1.0.0,proxy_saisonnier,0
2796,2023-10-29T06:00:00,2023-10-30,0.872,élevé,haute,1.0.0,observee,0
2797,2023-10-29T06:00:00,2023-10-31,0.6772,élevé,faible,1.0.0,proxy_saisonnier,1
2798,2023-10-30T06:00:00,2023-10-31,0.7104,élevé,modérée,1.0.0,observee,1
2799,2023-10-30T06:00:00,2023-11-01,0.596,modéré,faible,1.0.0,proxy_saisonnier,1
2800,2023-10-31T06:00:00,2023-11-01,0.8275,élevé,haute,1.0.0,observee,1
2801,2023-10-31T06:00:00,2023-11-02,0.596,modéré,faible,1.0.0,proxy_saisonnier,0
2802,2023-11-01T06:00:00,2023-11-02,0.8192,élevé,haute,1.0.0,observee,0
2803,2023-11-01T06:00:00,2023-11-03,0.596,modéré,faible,1.0.0,proxy_saisonnier,1
2804,2023-11-02T06:00:00,2023-11-03,0.5873,modéré,faible,1.0.0,observee,1
2805,2023-11-02T06:00:00,2023-11-04,0.596,modéré,faible,1.0.0,proxy_saisonnier,1
2806,2023-11-03T06:00:00,2023-11-04,0.7893,élevé,modérée,1.0.0,observee,1
2807,2023-11-03T06:00:00,2023-11-05,0.596,modéré,faible,1.0.0,proxy_saisonnier,1
2808,2023-11-04T06:00:00,2023-11-05,0.9286,élevé,haute,1.0.0,observee,1
2809,2023-11-04T06:00:00,2023-11-06,0.596,modéré,faible,1.0.0,proxy_saisonnier,1
2810,2023-11-05T06:00:00,2023-11-06,0.7776,élevé,modérée,1.0.0,observee,1
2811,2023-11-05T06:00:00,2023-11-07,0.596,modéré,faible,1.0.0,proxy_saisonnier,1
2812,2023-11-06T06:00:00,2023-11-07,0.7401,élevé,modérée,1.0.0,observee,1
2813,2023-11-06T06:00:00,2023-11-08,0.596,modéré,faible,1.0.0,proxy_saisonnier,1
2814,2023-11-07T06:00:00,2023-11-08,0.7398,élevé,modérée,1.0.0,observee,1
2815,2023-11-07T06:00:00,2023-11-09,0.596,modéré,faible,1.0.0,proxy_saisonnier,1
2816,2023-11-08T06:00:00,2023-11-09,0.793,élevé,modérée,1.0.0,observee,1
2817,2023-11-08T06:00:00,2023-11-10,0.596,modéré,faible,1.0.0,proxy_saisonnier,0
2818,2023-11-09T06:00:00,2023-11-10,0.8335,élevé,haute,1.0.0,observee,0
2819,2023-11-09T06:00:00,2023-11-11,0.596,modéré,faible,1.0.0,proxy_saisonnier,1
2820,2023-11-10T06:00:00,2023-11-11,0.5534,modéré,faible,1.0.0,observee,1
2821,2023-11-10T06:00:00,2023-11-12,0.596,modéré,faible,1.0.0,proxy_saisonnier,1
2822,2023-11-11T06:00:00,2023-11-12,0.7604,élevé,modérée,1.0.0,observee,1
2823,2023-11-11T06:00:00,2023-11-13,0.596,modéré,faible,1.0.0,proxy_saisonnier,1
2824,2023-11-12T06:00:00,2023-11-13,0.8794,élevé,haute,1.0.0,observee,1
2825,2023-11-12T06:00:00,2023-11-14,0.596,modéré,faible,1.0.0,proxy_saisonnier,0
2826,2023-11-13T06:00:00,2023-11-14,0.8888,élevé,haute,1.0.0,observee,0
2827,2023-11-13T06:00:00,2023-11-15,0.596,modéré,faible,1.0.0,proxy_saisonnier,1
2828,2023-11-14T06:00:00,2023-11-15,0.551,modéré,faible,1.0.0,observee,1
2829,2023-11-14T06:00:00,2023-11-16,0.596,modéré,faible,1.0.0,proxy_saisonnier,0
2830,2023-11-15T06:00:00,2023-11-16,0.6759,élevé,modérée,1.0.0,observee,0
2831,2023-11-15T06:00:00,2023-11-17,0.596,modéré,faible,1.0.0,proxy_saisonnier,1
2832,2023-11-16T06:00:00,2023-11-17,0.6678,élevé,modérée,1.0.0,observee,1
2833,2023-11-16T06:00:00,2023-11-18,0.596,modéré,faible,1.0.0,proxy_saisonnier,1
2834,2023-11-17T06:00:00,2023-11-18,0.5845,modéré,faible,1.0.0,observee,1
2835,2023-11-17T06:00:00,2023-11-19,0.596,modéré,faible,1.0.0,proxy_saisonnier,1
2836,2023-11-18T06:00:00,2023-11-19,0.6532,élevé,modérée,1.0.0,observee,1
2837,2023-11-18T06:00:00,2023-11-20,0.596,modéré,faible,1.0.0,proxy_saisonnier,0
2838,2023-11-19T06:00:00,2023-11-20,0.6339,élevé,faible,1.0.0,observee,0
2839,2023-11-19T06:00:00,2023-11-21,0.596,modéré,faible,1.0.0,proxy_saisonnier,0
2840,2023-11-20T06:00:00,2023-11-21,0.5434,modéré,faible,1.0.0,observee,0
2841,2023-11-20T06:00:00,2023-11-22,0.596,modéré,faible,1.0.0,proxy_saisonnier,0
2842,2023-11-21T06:00:00,2023-11-22,0.5057,modéré,faible,1.0.0,observee,0
2843,2023-11-21T06:00:00,2023-11-23,0.596,modéré,faible,1.0.0,proxy_saisonnier,0
2844,2023-11-22T06:00:00,2023-11-23,0.1947,faible,haute,1.0.0,observee,0
2845,2023-11-22T06:00:00,2023-11-24,0.596,modéré,faible,1.0.0,proxy_saisonnier,0
2846,2023-11-23T06:00:00,2023-11-24,0.2484,faible,modérée,1.0.0,observee,0
2847,2023-11-23T06:00:00,2023-11-25,0.596,modéré,faible,1.0.0,proxy_saisonnier,0
2848,2023-11-24T06:00:00,2023-11-25,0.4966,modéré,faible,1.0.0,observee,0
2849,2023-11-24T06:00:00,2023-11-26,0.596,modéré,faible,1.0.0,proxy_saisonnier,1
2850,2023-11-25T06:00:00,2023-11-26,0.1847,faible,haute,1.0.0,observee,1
2851,2023-11-25T06:00:00,2023-11-27,0.596,modéré,faible,1.0.0,proxy_saisonnier,0
2852,2023-11-26T06:00:00,2023-11-27,0.6904,élevé,modérée,1.0.0,observee,0
2853,2023-11-26T06:00:00,2023-11-28,0.596,modéré,faible,1.0.0,proxy_saisonnier,0
2854,2023-11-27T06:00:00,2023-11-28,0.7264,élevé,modérée,1.0.0,observee,0
2855,2023-11-27T06:00:00,2023-11-29,0.596,modéré,faible,1.0.0,proxy_saisonnier,1
2856,2023-11-28T06:00:00,2023-11-29,0.5564,modéré,faible,1.0.0,observee,1
2857,2023-11-28T06:00:00,2023-11-30,0.596,modéré,faible,1.0.0,proxy_saisonnier,0
2858,2023-11-29T06:00:00,2023-11-30,0.7363,élevé,modérée,1.0.0,observee,0
2859,2023-11-29T06:00:00,2023-12-01,0.6332,élevé,faible,1.0.0,proxy_saisonnier,0
2860,2023-11-30T06:00:00,2023-12-01,0.4983,modéré,faible,1.0.0,observee,0
2861,2023-11-30T06:00:00,2023-12-02,0.6332,élevé,faible,1.0.0,proxy_saisonnier,0
2862,2023-12-01T06:00:00,2023-12-02,0.3854,modéré,faible,1.0.0,observee,0
2863,2023-12-01T06:00:00,2023-12-03,0.6332,élevé,faible,1.0.0,proxy_saisonnier,1
2864,2023-12-02T06:00:00,2023-12-03,0.3788,modéré,faible,1.0.0,observee,1
2865,2023-12-02T06:00:00,2023-12-04,0.6332,élevé,faible,1.0.0,proxy_saisonnier,1
2866,2023-12-03T06:00:00,2023-12-04,0.7605,élevé,modérée,1.0.0,observee,1
2867,2023-12-03T06:00:00,2023-12-05,0.6332,élevé,faible,1.0.0,proxy_saisonnier,0
2868,2023-12-04T06:00:00,2023-12-05,0.8561,élevé,haute,1.0.0,observee,0
2869,2023-12-04T06:00:00,2023-12-06,0.6332,élevé,faible,1.0.0,proxy_saisonnier,1
2870,2023-12-05T06:00:00,2023-12-06,0.7651,élevé,modérée,1.0.0,observee,1
2871,2023-12-05T06:00:00,2023-12-07,0.6332,élevé,faible,1.0.0,proxy_saisonnier,1
2872,2023-12-06T06:00:00,2023-12-07,0.6139,élevé,faible,1.0.0,observee,1
2873,2023-12-06T06:00:00,2023-12-08,0.6332,élevé,faible,1.0.0,proxy_saisonnier,1
2874,2023-12-07T06:00:00,2023-12-08,0.8084,élevé,haute,1.0.0,observee,1
2875,2023-12-07T06:00:00,2023-12-09,0.6332,élevé,faible,1.0.0,proxy_saisonnier,1
2876,2023-12-08T06:00:00,2023-12-09,0.7728,élevé,modérée,1.0.0,observee,1
2877,2023-12-08T06:00:00,2023-12-10,0.6332,élevé,faible,1.0.0,proxy_saisonnier,0
2878,2023-12-09T06:00:00,2023-12-10,0.8697,élevé,haute,1.0.0,observee,0
2879,2023-12-09T06:00:00,2023-12-11,0.6332,élevé,faible,1.0.0,proxy_saisonnier,1
2880,2023-12-10T06:00:00,2023-12-11,0.6338,élevé,faible,1.0.0,observee,1
2881,2023-12-10T06:00:00,2023-12-12,0.6332,élevé,faible,1.0.0,proxy_saisonnier,1
2882,2023-12-11T06:00:00,2023-12-12,0.8866,élevé,haute,1.0.0,observee,1
2883,2023-12-11T06:00:00,2023-12-13,0.6332,élevé,faible,1.0.0,proxy_saisonnier,1
2884,2023-12-12T06:00:00,2023-12-13,0.8882,élevé,haute,1.0.0,observee,1
2885,2023-12-12T06:00:00,2023-12-14,0.6332,élevé,faible,1.0.0,proxy_saisonnier,1
2886,2023-12-13T06:00:00,2023-12-14,0.7788,élevé,modérée,1.0.0,observee,1
2887,2023-12-13T06:00:00,2023-12-15,0.6332,élevé,faible,1.0.0,proxy_saisonnier,0
2888,2023-12-14T06:00:00,2023-12-15,0.6689,élevé,modérée,1.0.0,observee,0
2889,2023-12-14T06:00:00,2023-12-16,0.6332,élevé,faible,1.0.0,proxy_saisonnier,0
2890,2023-12-15T06:00:00,2023-12-16,0.092,faible,haute,1.0.0,observee,0
2891,2023-12-15T06:00:00,2023-12-17,0.6332,élevé,faible,1.0.0,proxy_saisonnier,0
2892,2023-12-16T06:00:00,2023-12-17,0.0323,faible,haute,1.0.0,observee,0
2893,2023-12-16T06:00:00,2023-12-18,0.6332,élevé,faible,1.0.0,proxy_saisonnier,1
2894,2023-12-17T06:00:00,2023-12-18,0.0598,faible,haute,1.0.0,observee,1
2895,2023-12-17T06:00:00,2023-12-19,0.6332,élevé,faible,1.0.0,proxy_saisonnier,0
2896,2023-12-18T06:00:00,2023-12-19,0.3388,faible,modérée,1.0.0,observee,0
2897,2023-12-18T06:00:00,2023-12-20,0.6332,élevé,faible,1.0.0,proxy_saisonnier,1
2898,2023-12-19T06:00:00,2023-12-20,0.4308,modéré,faible,1.0.0,observee,1
2899,2023-12-19T06:00:00,2023-12-21,0.6332,élevé,faible,1.0.0,proxy_saisonnier,1
2900,2023-12-20T06:00:00,2023-12-21,0.7154,élevé,modérée,1.0.0,observee,1
2901,2023-12-20T06:00:00,2023-12-22,0.6332,élevé,faible,1.0.0,proxy_saisonnier,0
2902,2023-12-21T06:00:00,2023-12-22,0.7842,élevé,modérée,1.0.0,observee,0
2903,2023-12-21T06:00:00,2023-12-23,0.6332,élevé,faible,1.0.0,proxy_saisonnier,0
2904,2023-12-22T06:00:00,2023-12-23,0.4828,modéré,faible,1.0.0,observee,0
2905,2023-12-22T06:00:00,2023-12-24,0.6332,élevé,faible,1.0.0,proxy_saisonnier,0
2906,2023-12-23T06:00:00,2023-12-24,0.431,modéré,faible,1.0.0,observee,0
2907,2023-12-23T06:00:00,2023-12-25,0.6332,élevé,faible,1.0.0,proxy_saisonnier,0
2908,2023-12-24T06:00:00,2023-12-25,0.4298,modéré,faible,1.0.0,observee,0
2909,2023-12-24T06:00:00,2023-12-26,0.6332,élevé,faible,1.0.0,proxy_saisonnier,1
2910,2023-12-25T06:00:00,2023-12-26,0.4835,modéré,faible,1.0.0,observee,1
2911,2023-12-25T06:00:00,2023-12-27,0.6332,élevé,faible,1.0.0,proxy_saisonnier,0
2912,2023-12-26T06:00:00,2023-12-27,0.6257,élevé,faible,1.0.0,observee,0
2913,2023-12-26T06:00:00,2023-12-28,0.6332,élevé,faible,1.0.0,proxy_saisonnier,1
2914,2023-12-27T06:00:00,2023-12-28,0.4749,modéré,faible,1.0.0,observee,1
2915,2023-12-27T06:00:00,2023-12-29,0.6332,élevé,faible,1.0.0,proxy_saisonnier,0
2916,2023-12-28T06:00:00,2023-12-29,0.6812,élevé,modérée,1.0.0,observee,0
2917,2023-12-28T06:00:00,2023-12-30,0.6332,élevé,faible,1.0.0,proxy_saisonnier,1
2918,2023-12-29T06:00:00,2023-12-30,0.6365,élevé,faible,1.0.0,observee,1
2919,2023-12-29T06:00:00,2023-12-31,0.6332,élevé,faible,1.0.0,proxy_saisonnier,1
2920,2023-12-30T06:00:00,2023-12-31,0.7895,élevé,modérée,1.0.0,observee,1
2921,2023-12-30T06:00:00,2024-01-01,0.6218,élevé,faible,1.0.0,proxy_saisonnier,1
2922,2023-12-31T06:00:00,2024-01-01,0.7366,élevé,modérée,1.0.0,observee,1
2923,2023-12-31T06:00:00,2024-01-02,0.6218,élevé,faible,1.0.0,proxy_saisonnier,1
2924,2024-01-01T06:00:00,2024-01-02,0.7591,élevé,modérée,1.0.0,observee,1
2925,2024-01-01T06:00:00,2024-01-03,0.6218,élevé,faible,1.0.0,proxy_saisonnier,1
2926,2024-01-02T06:00:00,2024-01-03,0.8617,élevé,haute,1.0.0,observee,1
2927,2024-01-02T06:00:00,2024-01-04,0.6218,élevé,faible,1.0.0,proxy_saisonnier,0
2928,2024-01-03T06:00:00,2024-01-04,0.6924,élevé,modérée,1.0.0,observee,0
2929,2024-01-03T06:00:00,2024-01-05,0.6218,élevé,faible,1.0.0,proxy_saisonnier,1
2930,2024-01-04T06:00:00,2024-01-05,0.6411,élevé,faible,1.0.0,observee,1
2931,2024-01-04T06:00:00,2024-01-06,0.6218,élevé,faible,1.0.0,proxy_saisonnier,0
2932,2024-01-05T06:00:00,2024-01-06,0.6618,élevé,modérée,1.0.0,observee,0
2933,2024-01-05T06:00:00,2024-01-07,0.6218,élevé,faible,1.0.0,proxy_saisonnier,0
2934,2024-01-06T06:00:00,2024-01-07,0.5411,modéré,faible,1.0.0,observee,0
2935,2024-01-06T06:00:00,2024-01-08,0.6218,élevé,faible,1.0.0,proxy_saisonnier,1
2936,2024-01-07T06:00:00,2024-01-08,0.4663,modéré,faible,1.0.0,observee,1
2937,2024-01-07T06:00:00,2024-01-09,0.6218,élevé,faible,1.0.0,proxy_saisonnier,0
2938,2024-01-08T06:00:00,2024-01-09,0.4558,modéré,faible,1.0.0,observee,0
2939,2024-01-08T06:00:00,2024-01-10,0.6218,élevé,faible,1.0.0,proxy_saisonnier,0
2940,2024-01-09T06:00:00,2024-01-10,0.2751,faible,modérée,1.0.0,observee,0
2941,2024-01-09T06:00:00,2024-01-11,0.6218,élevé,faible,1.0.0,proxy_saisonnier,0
2942,2024-01-10T06:00:00,2024-01-11,0.2978,faible,modérée,1.0.0,observee,0
2943,2024-01-10T06:00:00,2024-01-12,0.6218,élevé,faible,1.0.0,proxy_saisonnier,0
2944,2024-01-11T06:00:00,2024-01-12,0.1079,faible,haute,1.0.0,observee,0
2945,2024-01-11T06:00:00,2024-01-13,0.6218,élevé,faible,1.0.0,proxy_saisonnier,0
2946,2024-01-12T06:00:00,2024-01-13,0.1516,faible,haute,1.0.0,observee,0
2947,2024-01-12T06:00:00,2024-01-14,0.6218,élevé,faible,1.0.0,proxy_saisonnier,0
2948,2024-01-13T06:00:00,2024-01-14,0.0915,faible,haute,1.0.0,observee,0
2949,2024-01-13T06:00:00,2024-01-15,0.6218,élevé,faible,1.0.0,proxy_saisonnier,0
2950,2024-01-14T06:00:00,2024-01-15,0.3694,modéré,faible,1.0.0,observee,0
2951,2024-01-14T06:00:00,2024-01-16,0.6218,élevé,faible,1.0.0,proxy_saisonnier,1
2952,2024-01-15T06:00:00,2024-01-16,0.4526,modéré,faible,1.0.0,observee,1
2953,2024-01-15T06:00:00,2024-01-17,0.6218,élevé,faible,1.0.0,proxy_saisonnier,1
2954,2024-01-16T06:00:00,2024-01-17,0.4213,modéré,faible,1.0.0,observee,1
2955,2024-01-16T06:00:00,2024-01-18,0.6218,élevé,faible,1.0.0,proxy_saisonnier,0
2956,2024-01-17T06:00:00,2024-01-18,0.7567,élevé,modérée,1.0.0,observee,0
2957,2024-01-17T06:00:00,2024-01-19,0.6218,élevé,faible,1.0.0,proxy_saisonnier,0
2958,2024-01-18T06:00:00,2024-01-19,0.4243,modéré,faible,1.0.0,observee,0
2959,2024-01-18T06:00:00,2024-01-20,0.6218,élevé,faible,1.0.0,proxy_saisonnier,0
2960,2024-01-19T06:00:00,2024-01-20,0.1689,faible,haute,1.0.0,observee,0
2961,2024-01-19T06:00:00,2024-01-21,0.6218,élevé,faible,1.0.0,proxy_saisonnier,1
2962,2024-01-20T06:00:00,2024-01-21,0.0511,faible,haute,1.0.0,observee,1
2963,2024-01-20T06:00:00,2024-01-22,0.6218,élevé,faible,1.0.0,proxy_saisonnier,0
2964,2024-01-21T06:00:00,2024-01-22,0.7309,élevé,modérée,1.0.0,observee,0
2965,2024-01-21T06:00:00,2024-01-23,0.6218,élevé,faible,1.0.0,proxy_saisonnier,0
2966,2024-01-22T06:00:00,2024-01-23,0.6364,élevé,faible,1.0.0,observee,0
2967,2024-01-22T06:00:00,2024-01-24,0.6218,élevé,faible,1.0.0,proxy_saisonnier,1
2968,2024-01-23T06:00:00,2024-01-24,0.4538,modéré,faible,1.0.0,observee,1
2969,2024-01-23T06:00:00,2024-01-25,0.6218,élevé,faible,1.0.0,proxy_saisonnier,1
2970,2024-01-24T06:00:00,2024-01-25,0.5193,modéré,faible,1.0.0,observee,1
2971,2024-01-24T06:00:00,2024-01-26,0.6218,élevé,faible,1.0.0,proxy_saisonnier,0
2972,2024-01-25T06:00:00,2024-01-26,0.4691,modéré,faible,1.0.0,observee,0
2973,2024-01-25T06:00:00,2024-01-27,0.6218,élevé,faible,1.0.0,proxy_saisonnier,0
2974,2024-01-26T06:00:00,2024-01-27,0.2687,faible,modérée,1.0.0,observee,0
2975,2024-01-26T06:00:00,2024-01-28,0.6218,élevé,faible,1.0.0,proxy_saisonnier,0
2976,2024-01-27T06:00:00,2024-01-28,0.1572,faible,haute,1.0.0,observee,0
2977,2024-01-27T06:00:00,2024-01-29,0.6218,élevé,faible,1.0.0,proxy_saisonnier,0
2978,2024-01-28T06:00:00,2024-01-29,0.2473,faible,modérée,1.0.0,observee,0
2979,2024-01-28T06:00:00,2024-01-30,0.6218,élevé,faible,1.0.0,proxy_saisonnier,0
2980,2024-01-29T06:00:00,2024-01-30,0.363,modéré,faible,1.0.0,observee,0
2981,2024-01-29T06:00:00,2024-01-31,0.6218,élevé,faible,1.0.0,proxy_saisonnier,1
2982,2024-01-30T06:00:00,2024-01-31,0.2457,faible,modérée,1.0.0,observee,1
2983,2024-01-30T06:00:00,2024-02-01,0.5473,modéré,faible,1.0.0,proxy_saisonnier,0
2984,2024-01-31T06:00:00,2024-02-01,0.4015,modéré,faible,1.0.0,observee,0
2985,2024-01-31T06:00:00,2024-02-02,0.5473,modéré,faible,1.0.0,proxy_saisonnier,0
2986,2024-02-01T06:00:00,2024-02-02,0.2195,faible,modérée,1.0.0,observee,0
2987,2024-02-01T06:00:00,2024-02-03,0.5473,modéré,faible,1.0.0,proxy_saisonnier,0
2988,2024-02-02T06:00:00,2024-02-03,0.2559,faible,modérée,1.0.0,observee,0
2989,2024-02-02T06:00:00,2024-02-04,0.5473,modéré,faible,1.0.0,proxy_saisonnier,0
2990,2024-02-03T06:00:00,2024-02-04,0.1563,faible,haute,1.0.0,observee,0
2991,2024-02-03T06:00:00,2024-02-05,0.5473,modéré,faible,1.0.0,proxy_saisonnier,0
2992,2024-02-04T06:00:00,2024-02-05,0.1883,faible,haute,1.0.0,observee,0
2993,2024-02-04T06:00:00,2024-02-06,0.5473,modéré,faible,1.0.0,proxy_saisonnier,1
2994,2024-02-05T06:00:00,2024-02-06,0.2079,faible,modérée,1.0.0,observee,1
2995,2024-02-05T06:00:00,2024-02-07,0.5473,modéré,faible,1.0.0,proxy_saisonnier,1
2996,2024-02-06T06:00:00,2024-02-07,0.7656,élevé,modérée,1.0.0,observee,1
2997,2024-02-06T06:00:00,2024-02-08,0.5473,modéré,faible,1.0.0,proxy_saisonnier,1
2998,2024-02-07T06:00:00,2024-02-08,0.941,élevé,haute,1.0.0,observee,1
2999,2024-02-07T06:00:00,2024-02-09,0.5473,modéré,faible,1.0.0,proxy_saisonnier,1
3000,2024-02-08T06:00:00,2024-02-09,0.9389,élevé,haute,1.0.0,observee,1
3001,2024-02-08T06:00:00,2024-02-10,0.5473,modéré,faible,1.0.0,proxy_saisonnier,1
3002,2024-02-09T06:00:00,2024-02-10,0.9482,élevé,haute,1.0.0,observee,1
3003,2024-02-09T06:00:00,2024-02-11,0.5473,modéré,faible,1.0.0,proxy_saisonnier,0
3004,2024-02-10T06:00:00,2024-02-11,0.8729,élevé,haute,1.0.0,observee,0
3005,2024-02-10T06:00:00,2024-02-12,0.5473,modéré,faible,1.0.0,proxy_saisonnier,1
3006,2024-02-11T06:00:00,2024-02-12,0.7179,élevé,modérée,1.0.0,observee,1
3007,2024-02-11T06:00:00,2024-02-13,0.5473,modéré,faible,1.0.0,proxy_saisonnier,1
3008,2024-02-12T06:00:00,2024-02-13,0.771,élevé,modérée,1.0.0,observee,1
3009,2024-02-12T06:00:00,2024-02-14,0.5473,modéré,faible,1.0.0,proxy_saisonnier,1
3010,2024-02-13T06:00:00,2024-02-14,0.6907,élevé,modérée,1.0.0,observee,1
3011,2024-02-13T06:00:00,2024-02-15,0.5473,modéré,faible,1.0.0,proxy_saisonnier,1
3012,2024-02-14T06:00:00,2024-02-15,0.7628,élevé,modérée,1.0.0,observee,1
3013,2024-02-14T06:00:00,2024-02-16,0.5473,modéré,faible,1.0.0,proxy_saisonnier,0
3014,2024-02-15T06:00:00,2024-02-16,0.7821,élevé,modérée,1.0.0,observee,0
3015,2024-02-15T06:00:00,2024-02-17,0.5473,modéré,faible,1.0.0,proxy_saisonnier,1
3016,2024-02-16T06:00:00,2024-02-17,0.4897,modéré,faible,1.0.0,observee,1
3017,2024-02-16T06:00:00,2024-02-18,0.5473,modéré,faible,1.0.0,proxy_saisonnier,0
3018,2024-02-17T06:00:00,2024-02-18,0.4452,modéré,faible,1.0.0,observee,0
3019,2024-02-17T06:00:00,2024-02-19,0.5473,modéré,faible,1.0.0,proxy_saisonnier,0
3020,2024-02-18T06:00:00,2024-02-19,0.2054,faible,modérée,1.0.0,observee,0
3021,2024-02-18T06:00:00,2024-02-20,0.5473,modéré,faible,1.0.0,proxy_saisonnier,1
3022,2024-02-19T06:00:00,2024-02-20,0.188,faible,haute,1.0.0,observee,1
3023,2024-02-19T06:00:00,2024-02-21,0.5473,modéré,faible,1.0.0,proxy_saisonnier,1
3024,2024-02-20T06:00:00,2024-02-21,0.4249,modéré,faible,1.0.0,observee,1
3025,2024-02-20T06:00:00,2024-02-22,0.5473,modéré,faible,1.0.0,proxy_saisonnier,1
3026,2024-02-21T06:00:00,2024-02-22,0.7673,élevé,modérée,1.0.0,observee,1
3027,2024-02-21T06:00:00,2024-02-23,0.5473,modéré,faible,1.0.0,proxy_saisonnier,1
3028,2024-02-22T06:00:00,2024-02-23,0.8916,élevé,haute,1.0.0,observee,1
3029,2024-02-22T06:00:00,2024-02-24,0.5473,modéré,faible,1.0.0,proxy_saisonnier,1
3030,2024-02-23T06:00:00,2024-02-24,0.8214,élevé,haute,1.0.0,observee,1
3031,2024-02-23T06:00:00,2024-02-25,0.5473,modéré,faible,1.0.0,proxy_saisonnier,1
3032,2024-02-24T06:00:00,2024-02-25,0.8492,élevé,haute,1.0.0,observee,1
3033,2024-02-24T06:00:00,2024-02-26,0.5473,modéré,faible,1.0.0,proxy_saisonnier,0
3034,2024-02-25T06:00:00,2024-02-26,0.9043,élevé,haute,1.0.0,observee,0
3035,2024-02-25T06:00:00,2024-02-27,0.5473,modéré,faible,1.0.0,proxy_saisonnier,0
3036,2024-02-26T06:00:00,2024-02-27,0.7441,élevé,modérée,1.0.0,observee,0
3037,2024-02-26T06:00:00,2024-02-28,0.5473,modéré,faible,1.0.0,proxy_saisonnier,1
3038,2024-02-27T06:00:00,2024-02-28,0.5619,modéré,faible,1.0.0,observee,1
3039,2024-02-27T06:00:00,2024-02-29,0.5473,modéré,faible,1.0.0,proxy_saisonnier,1
3040,2024-02-28T06:00:00,2024-02-29,0.7149,élevé,modérée,1.0.0,observee,1
3041,2024-02-28T06:00:00,2024-03-01,0.4438,modéré,faible,1.0.0,proxy_saisonnier,1
3042,2024-02-29T06:00:00,2024-03-01,0.7987,élevé,modérée,1.0.0,observee,1
3043,2024-02-29T06:00:00,2024-03-02,0.4438,modéré,faible,1.0.0,proxy_saisonnier,1
3044,2024-03-01T06:00:00,2024-03-02,0.8678,élevé,haute,1.0.0,observee,1
3045,2024-03-01T06:00:00,2024-03-03,0.4438,modéré,faible,1.0.0,proxy_saisonnier,0
3046,2024-03-02T06:00:00,2024-03-03,0.859,élevé,haute,1.0.0,observee,0
3047,2024-03-02T06:00:00,2024-03-04,0.4438,modéré,faible,1.0.0,proxy_saisonnier,1
3048,2024-03-03T06:00:00,2024-03-04,0.7412,élevé,modérée,1.0.0,observee,1
3049,2024-03-03T06:00:00,2024-03-05,0.4438,modéré,faible,1.0.0,proxy_saisonnier,1
3050,2024-03-04T06:00:00,2024-03-05,0.7622,élevé,modérée,1.0.0,observee,1
3051,2024-03-04T06:00:00,2024-03-06,0.4438,modéré,faible,1.0.0,proxy_saisonnier,0
3052,2024-03-05T06:00:00,2024-03-06,0.7524,élevé,modérée,1.0.0,observee,0
3053,2024-03-05T06:00:00,2024-03-07,0.4438,modéré,faible,1.0.0,proxy_saisonnier,0
3054,2024-03-06T06:00:00,2024-03-07,0.3144,faible,modérée,1.0.0,observee,0
3055,2024-03-06T06:00:00,2024-03-08,0.4438,modéré,faible,1.0.0,proxy_saisonnier,1
3056,2024-03-07T06:00:00,2024-03-08,0.3155,faible,modérée,1.0.0,observee,1
3057,2024-03-07T06:00:00,2024-03-09,0.4438,modéré,faible,1.0.0,proxy_saisonnier,1
3058,2024-03-08T06:00:00,2024-03-09,0.8215,élevé,haute,1.0.0,observee,1
3059,2024-03-08T06:00:00,2024-03-10,0.4438,modéré,faible,1.0.0,proxy_saisonnier,1
3060,2024-03-09T06:00:00,2024-03-10,0.9625,élevé,haute,1.0.0,observee,1
3061,2024-03-09T06:00:00,2024-03-11,0.4438,modéré,faible,1.0.0,proxy_saisonnier,1
3062,2024-03-10T06:00:00,2024-03-11,0.8371,élevé,haute,1.0.0,observee,1
3063,2024-03-10T06:00:00,2024-03-12,0.4438,modéré,faible,1.0.0,proxy_saisonnier,0
3064,2024-03-11T06:00:00,2024-03-12,0.8326,élevé,haute,1.0.0,observee,0
3065,2024-03-11T06:00:00,2024-03-13,0.4438,modéré,faible,1.0.0,proxy_saisonnier,0
3066,2024-03-12T06:00:00,2024-03-13,0.484,modéré,faible,1.0.0,observee,0
3067,2024-03-12T06:00:00,2024-03-14,0.4438,modéré,faible,1.0.0,proxy_saisonnier,1
3068,2024-03-13T06:00:00,2024-03-14,0.5403,modéré,faible,1.0.0,observee,1
3069,2024-03-13T06:00:00,2024-03-15,0.4438,modéré,faible,1.0.0,proxy_saisonnier,0
3070,2024-03-14T06:00:00,2024-03-15,0.774,élevé,modérée,1.0.0,observee,0
3071,2024-03-14T06:00:00,2024-03-16,0.4438,modéré,faible,1.0.0,proxy_saisonnier,1
3072,2024-03-15T06:00:00,2024-03-16,0.7052,élevé,modérée,1.0.0,observee,1
3073,2024-03-15T06:00:00,2024-03-17,0.4438,modéré,faible,1.0.0,proxy_saisonnier,1
3074,2024-03-16T06:00:00,2024-03-17,0.5627,modéré,faible,1.0.0,observee,1
3075,2024-03-16T06:00:00,2024-03-18,0.4438,modéré,faible,1.0.0,proxy_saisonnier,0
3076,2024-03-17T06:00:00,2024-03-18,0.5795,modéré,faible,1.0.0,observee,0
3077,2024-03-17T06:00:00,2024-03-19,0.4438,modéré,faible,1.0.0,proxy_saisonnier,0
3078,2024-03-18T06:00:00,2024-03-19,0.4933,modéré,faible,1.0.0,observee,0
3079,2024-03-18T06:00:00,2024-03-20,0.4438,modéré,faible,1.0.0,proxy_saisonnier,0
3080,2024-03-19T06:00:00,2024-03-20,0.4677,modéré,faible,1.0.0,observee,0
3081,2024-03-19T06:00:00,2024-03-21,0.4438,modéré,faible,1.0.0,proxy_saisonnier,0
3082,2024-03-20T06:00:00,2024-03-21,0.5131,modéré,faible,1.0.0,observee,0
3083,2024-03-20T06:00:00,2024-03-22,0.4438,modéré,faible,1.0.0,proxy_saisonnier,1
3084,2024-03-21T06:00:00,2024-03-22,0.2405,faible,modérée,1.0.0,observee,1
3085,2024-03-21T06:00:00,2024-03-23,0.4438,modéré,faible,1.0.0,proxy_saisonnier,1
3086,2024-03-22T06:00:00,2024-03-23,0.6369,élevé,faible,1.0.0,observee,1
3087,2024-03-22T06:00:00,2024-03-24,0.4438,modéré,faible,1.0.0,proxy_saisonnier,0
3088,2024-03-23T06:00:00,2024-03-24,0.6705,élevé,modérée,1.0.0,observee,0
3089,2024-03-23T06:00:00,2024-03-25,0.4438,modéré,faible,1.0.0,proxy_saisonnier,1
3090,2024-03-24T06:00:00,2024-03-25,0.5201,modéré,faible,1.0.0,observee,1
3091,2024-03-24T06:00:00,2024-03-26,0.4438,modéré,faible,1.0.0,proxy_saisonnier,1
3092,2024-03-25T06:00:00,2024-03-26,0.837,élevé,haute,1.0.0,observee,1
3093,2024-03-25T06:00:00,2024-03-27,0.4438,modéré,faible,1.0.0,proxy_saisonnier,1
3094,2024-03-26T06:00:00,2024-03-27,0.9351,élevé,haute,1.0.0,observee,1
3095,2024-03-26T06:00:00,2024-03-28,0.4438,modéré,faible,1.0.0,proxy_saisonnier,1
3096,2024-03-27T06:00:00,2024-03-28,0.956,élevé,haute,1.0.0,observee,1
3097,2024-03-27T06:00:00,2024-03-29,0.4438,modéré,faible,1.0.0,proxy_saisonnier,1
3098,2024-03-28T06:00:00,2024-03-29,0.7677,élevé,modérée,1.0.0,observee,1
3099,2024-03-28T06:00:00,2024-03-30,0.4438,modéré,faible,1.0.0,proxy_saisonnier,1
3100,2024-03-29T06:00:00,2024-03-30,0.9105,élevé,haute,1.0.0,observee,1
3101,2024-03-29T06:00:00,2024-03-31,0.4438,modéré,faible,1.0.0,proxy_saisonnier,1
3102,2024-03-30T06:00:00,2024-03-31,0.8563,élevé,haute,1.0.0,observee,1
3103,2024-03-30T06:00:00,2024-04-01,0.3682,modéré,faible,1.0.0,proxy_saisonnier,1
3104,2024-03-31T06:00:00,2024-04-01,0.9619,élevé,haute,1.0.0,observee,1
3105,2024-03-31T06:00:00,2024-04-02,0.3682,modéré,faible,1.0.0,proxy_saisonnier,1
3106,2024-04-01T06:00:00,2024-04-02,0.9348,élevé,haute,1.0.0,observee,1
3107,2024-04-01T06:00:00,2024-04-03,0.3682,modéré,faible,1.0.0,proxy_saisonnier,1
3108,2024-04-02T06:00:00,2024-04-03,0.7861,élevé,modérée,1.0.0,observee,1
3109,2024-04-02T06:00:00,2024-04-04,0.3682,modéré,faible,1.0.0,proxy_saisonnier,1
3110,2024-04-03T06:00:00,2024-04-04,0.9121,élevé,haute,1.0.0,observee,1
3111,2024-04-03T06:00:00,2024-04-05,0.3682,modéré,faible,1.0.0,proxy_saisonnier,0
3112,2024-04-04T06:00:00,2024-04-05,0.7856,élevé,modérée,1.0.0,observee,0
3113,2024-04-04T06:00:00,2024-04-06,0.3682,modéré,faible,1.0.0,proxy_saisonnier,1
3114,2024-04-05T06:00:00,2024-04-06,0.6581,élevé,modérée,1.0.0,observee,1
3115,2024-04-05T06:00:00,2024-04-07,0.3682,modéré,faible,1.0.0,proxy_saisonnier,1
3116,2024-04-06T06:00:00,2024-04-07,0.822,élevé,haute,1.0.0,observee,1
3117,2024-04-06T06:00:00,2024-04-08,0.3682,modéré,faible,1.0.0,proxy_saisonnier,1
3118,2024-04-07T06:00:00,2024-04-08,0.7361,élevé,modérée,1.0.0,observee,1
3119,2024-04-07T06:00:00,2024-04-09,0.3682,modéré,faible,1.0.0,proxy_saisonnier,0
3120,2024-04-08T06:00:00,2024-04-09,0.8631,élevé,haute,1.0.0,observee,0
3121,2024-04-08T06:00:00,2024-04-10,0.3682,modéré,faible,1.0.0,proxy_saisonnier,0
3122,2024-04-09T06:00:00,2024-04-10,0.3408,faible,modérée,1.0.0,observee,0
3123,2024-04-09T06:00:00,2024-04-11,0.3682,modéré,faible,1.0.0,proxy_saisonnier,0
3124,2024-04-10T06:00:00,2024-04-11,0.1503,faible,haute,1.0.0,observee,0
3125,2024-04-10T06:00:00,2024-04-12,0.3682,modéré,faible,1.0.0,proxy_saisonnier,0
3126,2024-04-11T06:00:00,2024-04-12,0.1825,faible,haute,1.0.0,observee,0
3127,2024-04-11T06:00:00,2024-04-13,0.3682,modéré,faible,1.0.0,proxy_saisonnier,0
3128,2024-04-12T06:00:00,2024-04-13,0.1454,faible,haute,1.0.0,observee,0
3129,2024-04-12T06:00:00,2024-04-14,0.3682,modéré,faible,1.0.0,proxy_saisonnier,1
3130,2024-04-13T06:00:00,2024-04-14,0.243,faible,modérée,1.0.0,observee,1
3131,2024-04-13T06:00:00,2024-04-15,0.3682,modéré,faible,1.0.0,proxy_saisonnier,1
3132,2024-04-14T06:00:00,2024-04-15,0.5566,modéré,faible,1.0.0,observee,1
3133,2024-04-14T06:00:00,2024-04-16,0.3682,modéré,faible,1.0.0,proxy_saisonnier,1
3134,2024-04-15T06:00:00,2024-04-16,0.7458,élevé,modérée,1.0.0,observee,1
3135,2024-04-15T06:00:00,2024-04-17,0.3682,modéré,faible,1.0.0,proxy_saisonnier,1
3136,2024-04-16T06:00:00,2024-04-17,0.5893,modéré,faible,1.0.0,observee,1
3137,2024-04-16T06:00:00,2024-04-18,0.3682,modéré,faible,1.0.0,proxy_saisonnier,1
3138,2024-04-17T06:00:00,2024-04-18,0.6975,élevé,modérée,1.0.0,observee,1
3139,2024-04-17T06:00:00,2024-04-19,0.3682,modéré,faible,1.0.0,proxy_saisonnier,0
3140,2024-04-18T06:00:00,2024-04-19,0.6601,élevé,modérée,1.0.0,observee,0
3141,2024-04-18T06:00:00,2024-04-20,0.3682,modéré,faible,1.0.0,proxy_saisonnier,1
3142,2024-04-19T06:00:00,2024-04-20,0.5072,modéré,faible,1.0.0,observee,1
3143,2024-04-19T06:00:00,2024-04-21,0.3682,modéré,faible,1.0.0,proxy_saisonnier,1
3144,2024-04-20T06:00:00,2024-04-21,0.5998,modéré,faible,1.0.0,observee,1
3145,2024-04-20T06:00:00,2024-04-22,0.3682,modéré,faible,1.0.0,proxy_saisonnier,0
3146,2024-04-21T06:00:00,2024-04-22,0.3902,modéré,faible,1.0.0,observee,0
3147,2024-04-21T06:00:00,2024-04-23,0.3682,modéré,faible,1.0.0,proxy_saisonnier,1
3148,2024-04-22T06:00:00,2024-04-23,0.1311,faible,haute,1.0.0,observee,1
3149,2024-04-22T06:00:00,2024-04-24,0.3682,modéré,faible,1.0.0,proxy_saisonnier,0
3150,2024-04-23T06:00:00,2024-04-24,0.6065,élevé,faible,1.0.0,observee,0
3151,2024-04-23T06:00:00,2024-04-25,0.3682,modéré,faible,1.0.0,proxy_saisonnier,1
3152,2024-04-24T06:00:00,2024-04-25,0.4437,modéré,faible,1.0.0,observee,1
3153,2024-04-24T06:00:00,2024-04-26,0.3682,modéré,faible,1.0.0,proxy_saisonnier,1
3154,2024-04-25T06:00:00,2024-04-26,0.6298,élevé,faible,1.0.0,observee,1
3155,2024-04-25T06:00:00,2024-04-27,0.3682,modéré,faible,1.0.0,proxy_saisonnier,1
3156,2024-04-26T06:00:00,2024-04-27,0.8626,élevé,haute,1.0.0,observee,1
3157,2024-04-26T06:00:00,2024-04-28,0.3682,modéré,faible,1.0.0,proxy_saisonnier,0
3158,2024-04-27T06:00:00,2024-04-28,0.8793,élevé,haute,1.0.0,observee,0
3159,2024-04-27T06:00:00,2024-04-29,0.3682,modéré,faible,1.0.0,proxy_saisonnier,1
3160,2024-04-28T06:00:00,2024-04-29,0.5659,modéré,faible,1.0.0,observee,1
3161,2024-04-28T06:00:00,2024-04-30,0.3682,modéré,faible,1.0.0,proxy_saisonnier,1
3162,2024-04-29T06:00:00,2024-04-30,0.6275,élevé,faible,1.0.0,observee,1
3163,2024-04-29T06:00:00,2024-05-01,0.4796,modéré,faible,1.0.0,proxy_saisonnier,1
3164,2024-04-30T06:00:00,2024-05-01,0.8295,élevé,haute,1.0.0,observee,1
3165,2024-04-30T06:00:00,2024-05-02,0.4796,modéré,faible,1.0.0,proxy_saisonnier,1
3166,2024-05-01T06:00:00,2024-05-02,0.8729,élevé,haute,1.0.0,observee,1
3167,2024-05-01T06:00:00,2024-05-03,0.4796,modéré,faible,1.0.0,proxy_saisonnier,1
3168,2024-05-02T06:00:00,2024-05-03,0.8989,élevé,haute,1.0.0,observee,1
3169,2024-05-02T06:00:00,2024-05-04,0.4796,modéré,faible,1.0.0,proxy_saisonnier,1
3170,2024-05-03T06:00:00,2024-05-04,0.8355,élevé,haute,1.0.0,observee,1
3171,2024-05-03T06:00:00,2024-05-05,0.4796,modéré,faible,1.0.0,proxy_saisonnier,1
3172,2024-05-04T06:00:00,2024-05-05,0.8362,élevé,haute,1.0.0,observee,1
3173,2024-05-04T06:00:00,2024-05-06,0.4796,modéré,faible,1.0.0,proxy_saisonnier,1
3174,2024-05-05T06:00:00,2024-05-06,0.8486,élevé,haute,1.0.0,observee,1
3175,2024-05-05T06:00:00,2024-05-07,0.4796,modéré,faible,1.0.0,proxy_saisonnier,0
3176,2024-05-06T06:00:00,2024-05-07,0.8337,élevé,haute,1.0.0,observee,0
3177,2024-05-06T06:00:00,2024-05-08,0.4796,modéré,faible,1.0.0,proxy_saisonnier,0
3178,2024-05-07T06:00:00,2024-05-08,0.4365,modéré,faible,1.0.0,observee,0
3179,2024-05-07T06:00:00,2024-05-09,0.4796,modéré,faible,1.0.0,proxy_saisonnier,0
3180,2024-05-08T06:00:00,2024-05-09,0.1344,faible,haute,1.0.0,observee,0
3181,2024-05-08T06:00:00,2024-05-10,0.4796,modéré,faible,1.0.0,proxy_saisonnier,0
3182,2024-05-09T06:00:00,2024-05-10,0.2429,faible,modérée,1.0.0,observee,0
3183,2024-05-09T06:00:00,2024-05-11,0.4796,modéré,faible,1.0.0,proxy_saisonnier,1
3184,2024-05-10T06:00:00,2024-05-11,0.2938,faible,modérée,1.0.0,observee,1
3185,2024-05-10T06:00:00,2024-05-12,0.4796,modéré,faible,1.0.0,proxy_saisonnier,0
3186,2024-05-11T06:00:00,2024-05-12,0.5643,modéré,faible,1.0.0,observee,0
3187,2024-05-11T06:00:00,2024-05-13,0.4796,modéré,faible,1.0.0,proxy_saisonnier,1
3188,2024-05-12T06:00:00,2024-05-13,0.6941,élevé,modérée,1.0.0,observee,1
3189,2024-05-12T06:00:00,2024-05-14,0.4796,modéré,faible,1.0.0,proxy_saisonnier,1
3190,2024-05-13T06:00:00,2024-05-14,0.7315,élevé,modérée,1.0.0,observee,1
3191,2024-05-13T06:00:00,2024-05-15,0.4796,modéré,faible,1.0.0,proxy_saisonnier,1
3192,2024-05-14T06:00:00,2024-05-15,0.8677,élevé,haute,1.0.0,observee,1
3193,2024-05-14T06:00:00,2024-05-16,0.4796,modéré,faible,1.0.0,proxy_saisonnier,0
3194,2024-05-15T06:00:00,2024-05-16,0.8365,élevé,haute,1.0.0,observee,0
3195,2024-05-15T06:00:00,2024-05-17,0.4796,modéré,faible,1.0.0,proxy_saisonnier,1
3196,2024-05-16T06:00:00,2024-05-17,0.6891,élevé,modérée,1.0.0,observee,1
3197,2024-05-16T06:00:00,2024-05-18,0.4796,modéré,faible,1.0.0,proxy_saisonnier,1
3198,2024-05-17T06:00:00,2024-05-18,0.8266,élevé,haute,1.0.0,observee,1
3199,2024-05-17T06:00:00,2024-05-19,0.4796,modéré,faible,1.0.0,proxy_saisonnier,1
3200,2024-05-18T06:00:00,2024-05-19,0.8891,élevé,haute,1.0.0,observee,1
3201,2024-05-18T06:00:00,2024-05-20,0.4796,modéré,faible,1.0.0,proxy_saisonnier,1
3202,2024-05-19T06:00:00,2024-05-20,0.8742,élevé,haute,1.0.0,observee,1
3203,2024-05-19T06:00:00,2024-05-21,0.4796,modéré,faible,1.0.0,proxy_saisonnier,1
3204,2024-05-20T06:00:00,2024-05-21,0.8515,élevé,haute,1.0.0,observee,1
3205,2024-05-20T06:00:00,2024-05-22,0.4796,modéré,faible,1.0.0,proxy_saisonnier,1
3206,2024-05-21T06:00:00,2024-05-22,0.9091,élevé,haute,1.0.0,observee,1
3207,2024-05-21T06:00:00,2024-05-23,0.4796,modéré,faible,1.0.0,proxy_saisonnier,1
3208,2024-05-22T06:00:00,2024-05-23,0.783,élevé,modérée,1.0.0,observee,1
3209,2024-05-22T06:00:00,2024-05-24,0.4796,modéré,faible,1.0.0,proxy_saisonnier,1
3210,2024-05-23T06:00:00,2024-05-24,0.7443,élevé,modérée,1.0.0,observee,1
3211,2024-05-23T06:00:00,2024-05-25,0.4796,modéré,faible,1.0.0,proxy_saisonnier,1
3212,2024-05-24T06:00:00,2024-05-25,0.5093,modéré,faible,1.0.0,observee,1
3213,2024-05-24T06:00:00,2024-05-26,0.4796,modéré,faible,1.0.0,proxy_saisonnier,1
3214,2024-05-25T06:00:00,2024-05-26,0.6817,élevé,modérée,1.0.0,observee,1
3215,2024-05-25T06:00:00,2024-05-27,0.4796,modéré,faible,1.0.0,proxy_saisonnier,1
3216,2024-05-26T06:00:00,2024-05-27,0.6631,élevé,modérée,1.0.0,observee,1
3217,2024-05-26T06:00:00,2024-05-28,0.4796,modéré,faible,1.0.0,proxy_saisonnier,1
3218,2024-05-27T06:00:00,2024-05-28,0.5967,modéré,faible,1.0.0,observee,1
3219,2024-05-27T06:00:00,2024-05-29,0.4796,modéré,faible,1.0.0,proxy_saisonnier,1
3220,2024-05-28T06:00:00,2024-05-29,0.6392,élevé,faible,1.0.0,observee,1
3221,2024-05-28T06:00:00,2024-05-30,0.4796,modéré,faible,1.0.0,proxy_saisonnier,1
3222,2024-05-29T06:00:00,2024-05-30,0.8238,élevé,haute,1.0.0,observee,1
3223,2024-05-29T06:00:00,2024-05-31,0.4796,modéré,faible,1.0.0,proxy_saisonnier,1
3224,2024-05-30T06:00:00,2024-05-31,0.7641,élevé,modérée,1.0.0,observee,1
3225,2024-05-30T06:00:00,2024-06-01,0.5901,modéré,faible,1.0.0,proxy_saisonnier,0
3226,2024-05-31T06:00:00,2024-06-01,0.7667,élevé,modérée,1.0.0,observee,0
3227,2024-05-31T06:00:00,2024-06-02,0.5901,modéré,faible,1.0.0,proxy_saisonnier,0
3228,2024-06-01T06:00:00,2024-06-02,0.418,modéré,faible,1.0.0,observee,0
3229,2024-06-01T06:00:00,2024-06-03,0.5901,modéré,faible,1.0.0,proxy_saisonnier,1
3230,2024-06-02T06:00:00,2024-06-03,0.2477,faible,modérée,1.0.0,observee,1
3231,2024-06-02T06:00:00,2024-06-04,0.5901,modéré,faible,1.0.0,proxy_saisonnier,0
3232,2024-06-03T06:00:00,2024-06-04,0.5849,modéré,faible,1.0.0,observee,0
3233,2024-06-03T06:00:00,2024-06-05,0.5901,modéré,faible,1.0.0,proxy_saisonnier,0
3234,2024-06-04T06:00:00,2024-06-05,0.5609,modéré,faible,1.0.0,observee,0
3235,2024-06-04T06:00:00,2024-06-06,0.5901,modéré,faible,1.0.0,proxy_saisonnier,0
3236,2024-06-05T06:00:00,2024-06-06,0.601,élevé,faible,1.0.0,observee,0
3237,2024-06-05T06:00:00,2024-06-07,0.5901,modéré,faible,1.0.0,proxy_saisonnier,0
3238,2024-06-06T06:00:00,2024-06-07,0.2148,faible,modérée,1.0.0,observee,0
3239,2024-06-06T06:00:00,2024-06-08,0.5901,modéré,faible,1.0.0,proxy_saisonnier,0
3240,2024-06-07T06:00:00,2024-06-08,0.0938,faible,haute,1.0.0,observee,0
3241,2024-06-07T06:00:00,2024-06-09,0.5901,modéré,faible,1.0.0,proxy_saisonnier,1
3242,2024-06-08T06:00:00,2024-06-09,0.4188,modéré,faible,1.0.0,observee,1
3243,2024-06-08T06:00:00,2024-06-10,0.5901,modéré,faible,1.0.0,proxy_saisonnier,1
3244,2024-06-09T06:00:00,2024-06-10,0.6054,élevé,faible,1.0.0,observee,1
3245,2024-06-09T06:00:00,2024-06-11,0.5901,modéré,faible,1.0.0,proxy_saisonnier,1
3246,2024-06-10T06:00:00,2024-06-11,0.7723,élevé,modérée,1.0.0,observee,1
3247,2024-06-10T06:00:00,2024-06-12,0.5901,modéré,faible,1.0.0,proxy_saisonnier,1
3248,2024-06-11T06:00:00,2024-06-12,0.4667,modéré,faible,1.0.0,observee,1
3249,2024-06-11T06:00:00,2024-06-13,0.5901,modéré,faible,1.0.0,proxy_saisonnier,1
3250,2024-06-12T06:00:00,2024-06-13,0.4447,modéré,faible,1.0.0,observee,1
3251,2024-06-12T06:00:00,2024-06-14,0.5901,modéré,faible,1.0.0,proxy_saisonnier,1
3252,2024-06-13T06:00:00,2024-06-14,0.4821,modéré,faible,1.0.0,observee,1
3253,2024-06-13T06:00:00,2024-06-15,0.5901,modéré,faible,1.0.0,proxy_saisonnier,1
3254,2024-06-14T06:00:00,2024-06-15,0.8635,élevé,haute,1.0.0,observee,1
3255,2024-06-14T06:00:00,2024-06-16,0.5901,modéré,faible,1.0.0,proxy_saisonnier,1
3256,2024-06-15T06:00:00,2024-06-16,0.7638,élevé,modérée,1.0.0,observee,1
3257,2024-06-15T06:00:00,2024-06-17,0.5901,modéré,faible,1.0.0,proxy_saisonnier,1
3258,2024-06-16T06:00:00,2024-06-17,0.8982,élevé,haute,1.0.0,observee,1
3259,2024-06-16T06:00:00,2024-06-18,0.5901,modéré,faible,1.0.0,proxy_saisonnier,1
3260,2024-06-17T06:00:00,2024-06-18,0.9091,élevé,haute,1.0.0,observee,1
3261,2024-06-17T06:00:00,2024-06-19,0.5901,modéré,faible,1.0.0,proxy_saisonnier,1
3262,2024-06-18T06:00:00,2024-06-19,0.9497,élevé,haute,1.0.0,observee,1
3263,2024-06-18T06:00:00,2024-06-20,0.5901,modéré,faible,1.0.0,proxy_saisonnier,1
3264,2024-06-19T06:00:00,2024-06-20,0.6503,élevé,modérée,1.0.0,observee,1
3265,2024-06-19T06:00:00,2024-06-21,0.5901,modéré,faible,1.0.0,proxy_saisonnier,1
3266,2024-06-20T06:00:00,2024-06-21,0.6949,élevé,modérée,1.0.0,observee,1
3267,2024-06-20T06:00:00,2024-06-22,0.5901,modéré,faible,1.0.0,proxy_saisonnier,0
3268,2024-06-21T06:00:00,2024-06-22,0.7977,élevé,modérée,1.0.0,observee,0
3269,2024-06-21T06:00:00,2024-06-23,0.5901,modéré,faible,1.0.0,proxy_saisonnier,0
3270,2024-06-22T06:00:00,2024-06-23,0.5235,modéré,faible,1.0.0,observee,0
3271,2024-06-22T06:00:00,2024-06-24,0.5901,modéré,faible,1.0.0,proxy_saisonnier,0
3272,2024-06-23T06:00:00,2024-06-24,0.098,faible,haute,1.0.0,observee,0
3273,2024-06-23T06:00:00,2024-06-25,0.5901,modéré,faible,1.0.0,proxy_saisonnier,0
3274,2024-06-24T06:00:00,2024-06-25,0.2764,faible,modérée,1.0.0,observee,0
3275,2024-06-24T06:00:00,2024-06-26,0.5901,modéré,faible,1.0.0,proxy_saisonnier,0
3276,2024-06-25T06:00:00,2024-06-26,0.3189,faible,modérée,1.0.0,observee,0
3277,2024-06-25T06:00:00,2024-06-27,0.5901,modéré,faible,1.0.0,proxy_saisonnier,0
3278,2024-06-26T06:00:00,2024-06-27,0.4962,modéré,faible,1.0.0,observee,0
3279,2024-06-26T06:00:00,2024-06-28,0.5901,modéré,faible,1.0.0,proxy_saisonnier,1
3280,2024-06-27T06:00:00,2024-06-28,0.5335,modéré,faible,1.0.0,observee,1
3281,2024-06-27T06:00:00,2024-06-29,0.5901,modéré,faible,1.0.0,proxy_saisonnier,1
3282,2024-06-28T06:00:00,2024-06-29,0.5055,modéré,faible,1.0.0,observee,1
3283,2024-06-28T06:00:00,2024-06-30,0.5901,modéré,faible,1.0.0,proxy_saisonnier,1
3284,2024-06-29T06:00:00,2024-06-30,0.8137,élevé,haute,1.0.0,observee,1
3285,2024-06-29T06:00:00,2024-07-01,0.437,modéré,faible,1.0.0,proxy_saisonnier,1
3286,2024-06-30T06:00:00,2024-07-01,0.9087,élevé,haute,1.0.0,observee,1
3287,2024-06-30T06:00:00,2024-07-02,0.437,modéré,faible,1.0.0,proxy_saisonnier,0
3288,2024-07-01T06:00:00,2024-07-02,0.5211,modéré,faible,1.0.0,observee,0
3289,2024-07-01T06:00:00,2024-07-03,0.437,modéré,faible,1.0.0,proxy_saisonnier,1
3290,2024-07-02T06:00:00,2024-07-03,0.3707,modéré,faible,1.0.0,observee,1
3291,2024-07-02T06:00:00,2024-07-04,0.437,modéré,faible,1.0.0,proxy_saisonnier,0
3292,2024-07-03T06:00:00,2024-07-04,0.8159,élevé,haute,1.0.0,observee,0
3293,2024-07-03T06:00:00,2024-07-05,0.437,modéré,faible,1.0.0,proxy_saisonnier,0
3294,2024-07-04T06:00:00,2024-07-05,0.411,modéré,faible,1.0.0,observee,0
3295,2024-07-04T06:00:00,2024-07-06,0.437,modéré,faible,1.0.0,proxy_saisonnier,0
3296,2024-07-05T06:00:00,2024-07-06,0.5779,modéré,faible,1.0.0,observee,0
3297,2024-07-05T06:00:00,2024-07-07,0.437,modéré,faible,1.0.0,proxy_saisonnier,0
3298,2024-07-06T06:00:00,2024-07-07,0.5854,modéré,faible,1.0.0,observee,0
3299,2024-07-06T06:00:00,2024-07-08,0.437,modéré,faible,1.0.0,proxy_saisonnier,1
3300,2024-07-07T06:00:00,2024-07-08,0.3857,modéré,faible,1.0.0,observee,1
3301,2024-07-07T06:00:00,2024-07-09,0.437,modéré,faible,1.0.0,proxy_saisonnier,0
3302,2024-07-08T06:00:00,2024-07-09,0.742,élevé,modérée,1.0.0,observee,0
3303,2024-07-08T06:00:00,2024-07-10,0.437,modéré,faible,1.0.0,proxy_saisonnier,0
3304,2024-07-09T06:00:00,2024-07-10,0.7281,élevé,modérée,1.0.0,observee,0
3305,2024-07-09T06:00:00,2024-07-11,0.437,modéré,faible,1.0.0,proxy_saisonnier,1
3306,2024-07-10T06:00:00,2024-07-11,0.3549,modéré,faible,1.0.0,observee,1
3307,2024-07-10T06:00:00,2024-07-12,0.437,modéré,faible,1.0.0,proxy_saisonnier,1
3308,2024-07-11T06:00:00,2024-07-12,0.5947,modéré,faible,1.0.0,observee,1
3309,2024-07-11T06:00:00,2024-07-13,0.437,modéré,faible,1.0.0,proxy_saisonnier,0
3310,2024-07-12T06:00:00,2024-07-13,0.7575,élevé,modérée,1.0.0,observee,0
3311,2024-07-12T06:00:00,2024-07-14,0.437,modéré,faible,1.0.0,proxy_saisonnier,0
3312,2024-07-13T06:00:00,2024-07-14,0.6188,élevé,faible,1.0.0,observee,0
3313,2024-07-13T06:00:00,2024-07-15,0.437,modéré,faible,1.0.0,proxy_saisonnier,0
3314,2024-07-14T06:00:00,2024-07-15,0.4639,modéré,faible,1.0.0,observee,0
3315,2024-07-14T06:00:00,2024-07-16,0.437,modéré,faible,1.0.0,proxy_saisonnier,0
3316,2024-07-15T06:00:00,2024-07-16,0.5354,modéré,faible,1.0.0,observee,0
3317,2024-07-15T06:00:00,2024-07-17,0.437,modéré,faible,1.0.0,proxy_saisonnier,0
3318,2024-07-16T06:00:00,2024-07-17,0.3381,faible,modérée,1.0.0,observee,0
3319,2024-07-16T06:00:00,2024-07-18,0.437,modéré,faible,1.0.0,proxy_saisonnier,0
3320,2024-07-17T06:00:00,2024-07-18,0.2331,faible,modérée,1.0.0,observee,0
3321,2024-07-17T06:00:00,2024-07-19,0.437,modéré,faible,1.0.0,proxy_saisonnier,1
3322,2024-07-18T06:00:00,2024-07-19,0.3041,faible,modérée,1.0.0,observee,1
3323,2024-07-18T06:00:00,2024-07-20,0.437,modéré,faible,1.0.0,proxy_saisonnier,1
3324,2024-07-19T06:00:00,2024-07-20,0.5101,modéré,faible,1.0.0,observee,1
3325,2024-07-19T06:00:00,2024-07-21,0.437,modéré,faible,1.0.0,proxy_saisonnier,0
3326,2024-07-20T06:00:00,2024-07-21,0.7722,élevé,modérée,1.0.0,observee,0
3327,2024-07-20T06:00:00,2024-07-22,0.437,modéré,faible,1.0.0,proxy_saisonnier,1
3328,2024-07-21T06:00:00,2024-07-22,0.7005,élevé,modérée,1.0.0,observee,1
3329,2024-07-21T06:00:00,2024-07-23,0.437,modéré,faible,1.0.0,proxy_saisonnier,0
3330,2024-07-22T06:00:00,2024-07-23,0.4686,modéré,faible,1.0.0,observee,0
3331,2024-07-22T06:00:00,2024-07-24,0.437,modéré,faible,1.0.0,proxy_saisonnier,0
3332,2024-07-23T06:00:00,2024-07-24,0.1432,faible,haute,1.0.0,observee,0
3333,2024-07-23T06:00:00,2024-07-25,0.437,modéré,faible,1.0.0,proxy_saisonnier,1
3334,2024-07-24T06:00:00,2024-07-25,0.2621,faible,modérée,1.0.0,observee,1
3335,2024-07-24T06:00:00,2024-07-26,0.437,modéré,faible,1.0.0,proxy_saisonnier,1
3336,2024-07-25T06:00:00,2024-07-26,0.5854,modéré,faible,1.0.0,observee,1
3337,2024-07-25T06:00:00,2024-07-27,0.437,modéré,faible,1.0.0,proxy_saisonnier,0
3338,2024-07-26T06:00:00,2024-07-27,0.8175,élevé,haute,1.0.0,observee,0
3339,2024-07-26T06:00:00,2024-07-28,0.437,modéré,faible,1.0.0,proxy_saisonnier,0
3340,2024-07-27T06:00:00,2024-07-28,0.5516,modéré,faible,1.0.0,observee,0
3341,2024-07-27T06:00:00,2024-07-29,0.437,modéré,faible,1.0.0,proxy_saisonnier,0
3342,2024-07-28T06:00:00,2024-07-29,0.0978,faible,haute,1.0.0,observee,0
3343,2024-07-28T06:00:00,2024-07-30,0.437,modéré,faible,1.0.0,proxy_saisonnier,1
3344,2024-07-29T06:00:00,2024-07-30,0.06,faible,haute,1.0.0,observee,1
3345,2024-07-29T06:00:00,2024-07-31,0.437,modéré,faible,1.0.0,proxy_saisonnier,1
3346,2024-07-30T06:00:00,2024-07-31,0.7482,élevé,modérée,1.0.0,observee,1
3347,2024-07-30T06:00:00,2024-08-01,0.4705,modéré,faible,1.0.0,proxy_saisonnier,1
3348,2024-07-31T06:00:00,2024-08-01,0.8061,élevé,haute,1.0.0,observee,1
3349,2024-07-31T06:00:00,2024-08-02,0.4705,modéré,faible,1.0.0,proxy_saisonnier,1
3350,2024-08-01T06:00:00,2024-08-02,0.8333,élevé,haute,1.0.0,observee,1
3351,2024-08-01T06:00:00,2024-08-03,0.4705,modéré,faible,1.0.0,proxy_saisonnier,0
3352,2024-08-02T06:00:00,2024-08-03,0.858,élevé,haute,1.0.0,observee,0
3353,2024-08-02T06:00:00,2024-08-04,0.4705,modéré,faible,1.0.0,proxy_saisonnier,0
3354,2024-08-03T06:00:00,2024-08-04,0.486,modéré,faible,1.0.0,observee,0
3355,2024-08-03T06:00:00,2024-08-05,0.4705,modéré,faible,1.0.0,proxy_saisonnier,0
3356,2024-08-04T06:00:00,2024-08-05,0.4758,modéré,faible,1.0.0,observee,0
3357,2024-08-04T06:00:00,2024-08-06,0.4705,modéré,faible,1.0.0,proxy_saisonnier,1
3358,2024-08-05T06:00:00,2024-08-06,0.3283,faible,modérée,1.0.0,observee,1
3359,2024-08-05T06:00:00,2024-08-07,0.4705,modéré,faible,1.0.0,proxy_saisonnier,0
3360,2024-08-06T06:00:00,2024-08-07,0.6992,élevé,modérée,1.0.0,observee,0
3361,2024-08-06T06:00:00,2024-08-08,0.4705,modéré,faible,1.0.0,proxy_saisonnier,0
3362,2024-08-07T06:00:00,2024-08-08,0.3263,faible,modérée,1.0.0,observee,0
3363,2024-08-07T06:00:00,2024-08-09,0.4705,modéré,faible,1.0.0,proxy_saisonnier,0
3364,2024-08-08T06:00:00,2024-08-09,0.3261,faible,modérée,1.0.0,observee,0
3365,2024-08-08T06:00:00,2024-08-10,0.4705,modéré,faible,1.0.0,proxy_saisonnier,0
3366,2024-08-09T06:00:00,2024-08-10,0.2565,faible,modérée,1.0.0,observee,0
3367,2024-08-09T06:00:00,2024-08-11,0.4705,modéré,faible,1.0.0,proxy_saisonnier,0
3368,2024-08-10T06:00:00,2024-08-11,0.0991,faible,haute,1.0.0,observee,0
3369,2024-08-10T06:00:00,2024-08-12,0.4705,modéré,faible,1.0.0,proxy_saisonnier,1
3370,2024-08-11T06:00:00,2024-08-12,0.2097,faible,modérée,1.0.0,observee,1
3371,2024-08-11T06:00:00,2024-08-13,0.4705,modéré,faible,1.0.0,proxy_saisonnier,1
3372,2024-08-12T06:00:00,2024-08-13,0.8089,élevé,haute,1.0.0,observee,1
3373,2024-08-12T06:00:00,2024-08-14,0.4705,modéré,faible,1.0.0,proxy_saisonnier,1
3374,2024-08-13T06:00:00,2024-08-14,0.8434,élevé,haute,1.0.0,observee,1
3375,2024-08-13T06:00:00,2024-08-15,0.4705,modéré,faible,1.0.0,proxy_saisonnier,1
3376,2024-08-14T06:00:00,2024-08-15,0.8711,élevé,haute,1.0.0,observee,1
3377,2024-08-14T06:00:00,2024-08-16,0.4705,modéré,faible,1.0.0,proxy_saisonnier,1
3378,2024-08-15T06:00:00,2024-08-16,0.4832,modéré,faible,1.0.0,observee,1
3379,2024-08-15T06:00:00,2024-08-17,0.4705,modéré,faible,1.0.0,proxy_saisonnier,1
3380,2024-08-16T06:00:00,2024-08-17,0.5642,modéré,faible,1.0.0,observee,1
3381,2024-08-16T06:00:00,2024-08-18,0.4705,modéré,faible,1.0.0,proxy_saisonnier,0
3382,2024-08-17T06:00:00,2024-08-18,0.7739,élevé,modérée,1.0.0,observee,0
3383,2024-08-17T06:00:00,2024-08-19,0.4705,modéré,faible,1.0.0,proxy_saisonnier,1
3384,2024-08-18T06:00:00,2024-08-19,0.6349,élevé,faible,1.0.0,observee,1
3385,2024-08-18T06:00:00,2024-08-20,0.4705,modéré,faible,1.0.0,proxy_saisonnier,0
3386,2024-08-19T06:00:00,2024-08-20,0.4077,modéré,faible,1.0.0,observee,0
3387,2024-08-19T06:00:00,2024-08-21,0.4705,modéré,faible,1.0.0,proxy_saisonnier,0
3388,2024-08-20T06:00:00,2024-08-21,0.6006,élevé,faible,1.0.0,observee,0
3389,2024-08-20T06:00:00,2024-08-22,0.4705,modéré,faible,1.0.0,proxy_saisonnier,1
3390,2024-08-21T06:00:00,2024-08-22,0.2431,faible,modérée,1.0.0,observee,1
3391,2024-08-21T06:00:00,2024-08-23,0.4705,modéré,faible,1.0.0,proxy_saisonnier,1
3392,2024-08-22T06:00:00,2024-08-23,0.6844,élevé,modérée,1.0.0,observee,1
3393,2024-08-22T06:00:00,2024-08-24,0.4705,modéré,faible,1.0.0,proxy_saisonnier,0
3394,2024-08-23T06:00:00,2024-08-24,0.7726,élevé,modérée,1.0.0,observee,0
3395,2024-08-23T06:00:00,2024-08-25,0.4705,modéré,faible,1.0.0,proxy_saisonnier,0
3396,2024-08-24T06:00:00,2024-08-25,0.4807,modéré,faible,1.0.0,observee,0
3397,2024-08-24T06:00:00,2024-08-26,0.4705,modéré,faible,1.0.0,proxy_saisonnier,0
3398,2024-08-25T06:00:00,2024-08-26,0.0212,faible,haute,1.0.0,observee,0
3399,2024-08-25T06:00:00,2024-08-27,0.4705,modéré,faible,1.0.0,proxy_saisonnier,0
3400,2024-08-26T06:00:00,2024-08-27,0.0102,faible,haute,1.0.0,observee,0
3401,2024-08-26T06:00:00,2024-08-28,0.4705,modéré,faible,1.0.0,proxy_saisonnier,1
3402,2024-08-27T06:00:00,2024-08-28,0.1155,faible,haute,1.0.0,observee,1
3403,2024-08-27T06:00:00,2024-08-29,0.4705,modéré,faible,1.0.0,proxy_saisonnier,1
3404,2024-08-28T06:00:00,2024-08-29,0.6267,élevé,faible,1.0.0,observee,1
3405,2024-08-28T06:00:00,2024-08-30,0.4705,modéré,faible,1.0.0,proxy_saisonnier,1
3406,2024-08-29T06:00:00,2024-08-30,0.5729,modéré,faible,1.0.0,observee,1
3407,2024-08-29T06:00:00,2024-08-31,0.4705,modéré,faible,1.0.0,proxy_saisonnier,0
3408,2024-08-30T06:00:00,2024-08-31,0.5446,modéré,faible,1.0.0,observee,0
3409,2024-08-30T06:00:00,2024-09-01,0.6113,élevé,faible,1.0.0,proxy_saisonnier,0
3410,2024-08-31T06:00:00,2024-09-01,0.3815,modéré,faible,1.0.0,observee,0
3411,2024-08-31T06:00:00,2024-09-02,0.6113,élevé,faible,1.0.0,proxy_saisonnier,1
3412,2024-09-01T06:00:00,2024-09-02,0.6489,élevé,faible,1.0.0,observee,1
3413,2024-09-01T06:00:00,2024-09-03,0.6113,élevé,faible,1.0.0,proxy_saisonnier,1
3414,2024-09-02T06:00:00,2024-09-03,0.7881,élevé,modérée,1.0.0,observee,1
3415,2024-09-02T06:00:00,2024-09-04,0.6113,élevé,faible,1.0.0,proxy_saisonnier,1
3416,2024-09-03T06:00:00,2024-09-04,0.7403,élevé,modérée,1.0.0,observee,1
3417,2024-09-03T06:00:00,2024-09-05,0.6113,élevé,faible,1.0.0,proxy_saisonnier,0
3418,2024-09-04T06:00:00,2024-09-05,0.61,élevé,faible,1.0.0,observee,0
3419,2024-09-04T06:00:00,2024-09-06,0.6113,élevé,faible,1.0.0,proxy_saisonnier,1
3420,2024-09-05T06:00:00,2024-09-06,0.6293,élevé,faible,1.0.0,observee,1
3421,2024-09-05T06:00:00,2024-09-07,0.6113,élevé,faible,1.0.0,proxy_saisonnier,1
3422,2024-09-06T06:00:00,2024-09-07,0.8822,élevé,haute,1.0.0,observee,1
3423,2024-09-06T06:00:00,2024-09-08,0.6113,élevé,faible,1.0.0,proxy_saisonnier,1
3424,2024-09-07T06:00:00,2024-09-08,0.9237,élevé,haute,1.0.0,observee,1
3425,2024-09-07T06:00:00,2024-09-09,0.6113,élevé,faible,1.0.0,proxy_saisonnier,0
3426,2024-09-08T06:00:00,2024-09-09,0.8314,élevé,haute,1.0.0,observee,0
3427,2024-09-08T06:00:00,2024-09-10,0.6113,élevé,faible,1.0.0,proxy_saisonnier,1
3428,2024-09-09T06:00:00,2024-09-10,0.6617,élevé,modérée,1.0.0,observee,1
3429,2024-09-09T06:00:00,2024-09-11,0.6113,élevé,faible,1.0.0,proxy_saisonnier,1
3430,2024-09-10T06:00:00,2024-09-11,0.7331,élevé,modérée,1.0.0,observee,1
3431,2024-09-10T06:00:00,2024-09-12,0.6113,élevé,faible,1.0.0,proxy_saisonnier,1
3432,2024-09-11T06:00:00,2024-09-12,0.7221,élevé,modérée,1.0.0,observee,1
3433,2024-09-11T06:00:00,2024-09-13,0.6113,élevé,faible,1.0.0,proxy_saisonnier,0
3434,2024-09-12T06:00:00,2024-09-13,0.683,élevé,modérée,1.0.0,observee,0
3435,2024-09-12T06:00:00,2024-09-14,0.6113,élevé,faible,1.0.0,proxy_saisonnier,0
3436,2024-09-13T06:00:00,2024-09-14,0.1086,faible,haute,1.0.0,observee,0
3437,2024-09-13T06:00:00,2024-09-15,0.6113,élevé,faible,1.0.0,proxy_saisonnier,0
3438,2024-09-14T06:00:00,2024-09-15,0.0559,faible,haute,1.0.0,observee,0
3439,2024-09-14T06:00:00,2024-09-16,0.6113,élevé,faible,1.0.0,proxy_saisonnier,0
3440,2024-09-15T06:00:00,2024-09-16,0.0553,faible,haute,1.0.0,observee,0
3441,2024-09-15T06:00:00,2024-09-17,0.6113,élevé,faible,1.0.0,proxy_saisonnier,0
3442,2024-09-16T06:00:00,2024-09-17,0.1579,faible,haute,1.0.0,observee,0
3443,2024-09-16T06:00:00,2024-09-18,0.6113,élevé,faible,1.0.0,proxy_saisonnier,0
3444,2024-09-17T06:00:00,2024-09-18,0.0485,faible,haute,1.0.0,observee,0
3445,2024-09-17T06:00:00,2024-09-19,0.6113,élevé,faible,1.0.0,proxy_saisonnier,1
3446,2024-09-18T06:00:00,2024-09-19,0.0724,faible,haute,1.0.0,observee,1
3447,2024-09-18T06:00:00,2024-09-20,0.6113,élevé,faible,1.0.0,proxy_saisonnier,1
3448,2024-09-19T06:00:00,2024-09-20,0.2483,faible,modérée,1.0.0,observee,1
3449,2024-09-19T06:00:00,2024-09-21,0.6113,élevé,faible,1.0.0,proxy_saisonnier,1
3450,2024-09-20T06:00:00,2024-09-21,0.5465,modéré,faible,1.0.0,observee,1
3451,2024-09-20T06:00:00,2024-09-22,0.6113,élevé,faible,1.0.0,proxy_saisonnier,1
3452,2024-09-21T06:00:00,2024-09-22,0.562,modéré,faible,1.0.0,observee,1
3453,2024-09-21T06:00:00,2024-09-23,0.6113,élevé,faible,1.0.0,proxy_saisonnier,1
3454,2024-09-22T06:00:00,2024-09-23,0.8187,élevé,haute,1.0.0,observee,1
3455,2024-09-22T06:00:00,2024-09-24,0.6113,élevé,faible,1.0.0,proxy_saisonnier,1
3456,2024-09-23T06:00:00,2024-09-24,0.841,élevé,haute,1.0.0,observee,1
3457,2024-09-23T06:00:00,2024-09-25,0.6113,élevé,faible,1.0.0,proxy_saisonnier,1
3458,2024-09-24T06:00:00,2024-09-25,0.9071,élevé,haute,1.0.0,observee,1
3459,2024-09-24T06:00:00,2024-09-26,0.6113,élevé,faible,1.0.0,proxy_saisonnier,1
3460,2024-09-25T06:00:00,2024-09-26,0.9224,élevé,haute,1.0.0,observee,1
3461,2024-09-25T06:00:00,2024-09-27,0.6113,élevé,faible,1.0.0,proxy_saisonnier,0
3462,2024-09-26T06:00:00,2024-09-27,0.9083,élevé,haute,1.0.0,observee,0
3463,2024-09-26T06:00:00,2024-09-28,0.6113,élevé,faible,1.0.0,proxy_saisonnier,0
3464,2024-09-27T06:00:00,2024-09-28,0.7199,élevé,modérée,1.0.0,observee,0
3465,2024-09-27T06:00:00,2024-09-29,0.6113,élevé,faible,1.0.0,proxy_saisonnier,0
3466,2024-09-28T06:00:00,2024-09-29,0.1437,faible,haute,1.0.0,observee,0
3467,2024-09-28T06:00:00,2024-09-30,0.6113,élevé,faible,1.0.0,proxy_saisonnier,0
3468,2024-09-29T06:00:00,2024-09-30,0.3007,faible,modérée,1.0.0,observee,0
3469,2024-09-29T06:00:00,2024-10-01,0.6772,élevé,faible,1.0.0,proxy_saisonnier,1
3470,2024-09-30T06:00:00,2024-10-01,0.6686,élevé,modérée,1.0.0,observee,1
3471,2024-09-30T06:00:00,2024-10-02,0.6772,élevé,faible,1.0.0,proxy_saisonnier,0
3472,2024-10-01T06:00:00,2024-10-02,0.7308,élevé,modérée,1.0.0,observee,0
3473,2024-10-01T06:00:00,2024-10-03,0.6772,élevé,faible,1.0.0,proxy_saisonnier,0
3474,2024-10-02T06:00:00,2024-10-03,0.5527,modéré,faible,1.0.0,observee,0
3475,2024-10-02T06:00:00,2024-10-04,0.6772,élevé,faible,1.0.0,proxy_saisonnier,0
3476,2024-10-03T06:00:00,2024-10-04,0.4483,modéré,faible,1.0.0,observee,0
3477,2024-10-03T06:00:00,2024-10-05,0.6772,élevé,faible,1.0.0,proxy_saisonnier,1
3478,2024-10-04T06:00:00,2024-10-05,0.2627,faible,modérée,1.0.0,observee,1
3479,2024-10-04T06:00:00,2024-10-06,0.6772,élevé,faible,1.0.0,proxy_saisonnier,1
3480,2024-10-05T06:00:00,2024-10-06,0.6019,élevé,faible,1.0.0,observee,1
3481,2024-10-05T06:00:00,2024-10-07,0.6772,élevé,faible,1.0.0,proxy_saisonnier,0
3482,2024-10-06T06:00:00,2024-10-07,0.8517,élevé,haute,1.0.0,observee,0
3483,2024-10-06T06:00:00,2024-10-08,0.6772,élevé,faible,1.0.0,proxy_saisonnier,1
3484,2024-10-07T06:00:00,2024-10-08,0.6725,élevé,modérée,1.0.0,observee,1
3485,2024-10-07T06:00:00,2024-10-09,0.6772,élevé,faible,1.0.0,proxy_saisonnier,1
3486,2024-10-08T06:00:00,2024-10-09,0.8883,élevé,haute,1.0.0,observee,1
3487,2024-10-08T06:00:00,2024-10-10,0.6772,élevé,faible,1.0.0,proxy_saisonnier,0
3488,2024-10-09T06:00:00,2024-10-10,0.9217,élevé,haute,1.0.0,observee,0
3489,2024-10-09T06:00:00,2024-10-11,0.6772,élevé,faible,1.0.0,proxy_saisonnier,1
3490,2024-10-10T06:00:00,2024-10-11,0.6416,élevé,faible,1.0.0,observee,1
3491,2024-10-10T06:00:00,2024-10-12,0.6772,élevé,faible,1.0.0,proxy_saisonnier,0
3492,2024-10-11T06:00:00,2024-10-12,0.5594,modéré,faible,1.0.0,observee,0
3493,2024-10-11T06:00:00,2024-10-13,0.6772,élevé,faible,1.0.0,proxy_saisonnier,0
3494,2024-10-12T06:00:00,2024-10-13,0.7159,élevé,modérée,1.0.0,observee,0
3495,2024-10-12T06:00:00,2024-10-14,0.6772,élevé,faible,1.0.0,proxy_saisonnier,0
3496,2024-10-13T06:00:00,2024-10-14,0.5042,modéré,faible,1.0.0,observee,0
3497,2024-10-13T06:00:00,2024-10-15,0.6772,élevé,faible,1.0.0,proxy_saisonnier,1
3498,2024-10-14T06:00:00,2024-10-15,0.5734,modéré,faible,1.0.0,observee,1
3499,2024-10-14T06:00:00,2024-10-16,0.6772,élevé,faible,1.0.0,proxy_saisonnier,1
3500,2024-10-15T06:00:00,2024-10-16,0.8216,élevé,haute,1.0.0,observee,1
3501,2024-10-15T06:00:00,2024-10-17,0.6772,élevé,faible,1.0.0,proxy_saisonnier,1
3502,2024-10-16T06:00:00,2024-10-17,0.7809,élevé,modérée,1.0.0,observee,1
3503,2024-10-16T06:00:00,2024-10-18,0.6772,élevé,faible,1.0.0,proxy_saisonnier,1
3504,2024-10-17T06:00:00,2024-10-18,0.7832,élevé,modérée,1.0.0,observee,1
3505,2024-10-17T06:00:00,2024-10-19,0.6772,élevé,faible,1.0.0,proxy_saisonnier,1
3506,2024-10-18T06:00:00,2024-10-19,0.8116,élevé,haute,1.0.0,observee,1
3507,2024-10-18T06:00:00,2024-10-20,0.6772,élevé,faible,1.0.0,proxy_saisonnier,1
3508,2024-10-19T06:00:00,2024-10-20,0.7105,élevé,modérée,1.0.0,observee,1
3509,2024-10-19T06:00:00,2024-10-21,0.6772,élevé,faible,1.0.0,proxy_saisonnier,0
3510,2024-10-20T06:00:00,2024-10-21,0.7267,élevé,modérée,1.0.0,observee,0
3511,2024-10-20T06:00:00,2024-10-22,0.6772,élevé,faible,1.0.0,proxy_saisonnier,0
3512,2024-10-21T06:00:00,2024-10-22,0.3832,modéré,faible,1.0.0,observee,0
3513,2024-10-21T06:00:00,2024-10-23,0.6772,élevé,faible,1.0.0,proxy_saisonnier,0
3514,2024-10-22T06:00:00,2024-10-23,0.1022,faible,haute,1.0.0,observee,0
3515,2024-10-22T06:00:00,2024-10-24,0.6772,élevé,faible,1.0.0,proxy_saisonnier,1
3516,2024-10-23T06:00:00,2024-10-24,0.0955,faible,haute,1.0.0,observee,1
3517,2024-10-23T06:00:00,2024-10-25,0.6772,élevé,faible,1.0.0,proxy_saisonnier,1
3518,2024-10-24T06:00:00,2024-10-25,0.5166,modéré,faible,1.0.0,observee,1
3519,2024-10-24T06:00:00,2024-10-26,0.6772,élevé,faible,1.0.0,proxy_saisonnier,1
3520,2024-10-25T06:00:00,2024-10-26,0.7173,élevé,modérée,1.0.0,observee,1
3521,2024-10-25T06:00:00,2024-10-27,0.6772,élevé,faible,1.0.0,proxy_saisonnier,0
3522,2024-10-26T06:00:00,2024-10-27,0.6918,élevé,modérée,1.0.0,observee,0
3523,2024-10-26T06:00:00,2024-10-28,0.6772,élevé,faible,1.0.0,proxy_saisonnier,0
3524,2024-10-27T06:00:00,2024-10-28,0.2821,faible,modérée,1.0.0,observee,0
3525,2024-10-27T06:00:00,2024-10-29,0.6772,élevé,faible,1.0.0,proxy_saisonnier,0
3526,2024-10-28T06:00:00,2024-10-29,0.0831,faible,haute,1.0.0,observee,0
3527,2024-10-28T06:00:00,2024-10-30,0.6772,élevé,faible,1.0.0,proxy_saisonnier,0
3528,2024-10-29T06:00:00,2024-10-30,0.0496,faible,haute,1.0.0,observee,0
3529,2024-10-29T06:00:00,2024-10-31,0.6772,élevé,faible,1.0.0,proxy_saisonnier,0
3530,2024-10-30T06:00:00,2024-10-31,0.102,faible,haute,1.0.0,observee,0
3531,2024-10-30T06:00:00,2024-11-01,0.596,modéré,faible,1.0.0,proxy_saisonnier,0
3532,2024-10-31T06:00:00,2024-11-01,0.0851,faible,haute,1.0.0,observee,0
3533,2024-10-31T06:00:00,2024-11-02,0.596,modéré,faible,1.0.0,proxy_saisonnier,0
3534,2024-11-01T06:00:00,2024-11-02,0.2538,faible,modérée,1.0.0,observee,0
3535,2024-11-01T06:00:00,2024-11-03,0.596,modéré,faible,1.0.0,proxy_saisonnier,0
3536,2024-11-02T06:00:00,2024-11-03,0.1238,faible,haute,1.0.0,observee,0
3537,2024-11-02T06:00:00,2024-11-04,0.596,modéré,faible,1.0.0,proxy_saisonnier,0
3538,2024-11-03T06:00:00,2024-11-04,0.0354,faible,haute,1.0.0,observee,0
3539,2024-11-03T06:00:00,2024-11-05,0.596,modéré,faible,1.0.0,proxy_saisonnier,0
3540,2024-11-04T06:00:00,2024-11-05,0.1368,faible,haute,1.0.0,observee,0
3541,2024-11-04T06:00:00,2024-11-06,0.596,modéré,faible,1.0.0,proxy_saisonnier,0
3542,2024-11-05T06:00:00,2024-11-06,0.2007,faible,modérée,1.0.0,observee,0
3543,2024-11-05T06:00:00,2024-11-07,0.596,modéré,faible,1.0.0,proxy_saisonnier,0
3544,2024-11-06T06:00:00,2024-11-07,0.0781,faible,haute,1.0.0,observee,0
3545,2024-11-06T06:00:00,2024-11-08,0.596,modéré,faible,1.0.0,proxy_saisonnier,0
3546,2024-11-07T06:00:00,2024-11-08,0.1908,faible,haute,1.0.0,observee,0
3547,2024-11-07T06:00:00,2024-11-09,0.596,modéré,faible,1.0.0,proxy_saisonnier,1
3548,2024-11-08T06:00:00,2024-11-09,0.1802,faible,haute,1.0.0,observee,1
3549,2024-11-08T06:00:00,2024-11-10,0.596,modéré,faible,1.0.0,proxy_saisonnier,0
3550,2024-11-09T06:00:00,2024-11-10,0.3948,modéré,faible,1.0.0,observee,0
3551,2024-11-09T06:00:00,2024-11-11,0.596,modéré,faible,1.0.0,proxy_saisonnier,1
3552,2024-11-10T06:00:00,2024-11-11,0.1298,faible,haute,1.0.0,observee,1
3553,2024-11-10T06:00:00,2024-11-12,0.596,modéré,faible,1.0.0,proxy_saisonnier,0
3554,2024-11-11T06:00:00,2024-11-12,0.3936,modéré,faible,1.0.0,observee,0
3555,2024-11-11T06:00:00,2024-11-13,0.596,modéré,faible,1.0.0,proxy_saisonnier,0
3556,2024-11-12T06:00:00,2024-11-13,0.265,faible,modérée,1.0.0,observee,0
3557,2024-11-12T06:00:00,2024-11-14,0.596,modéré,faible,1.0.0,proxy_saisonnier,0
3558,2024-11-13T06:00:00,2024-11-14,0.1503,faible,haute,1.0.0,observee,0
3559,2024-11-13T06:00:00,2024-11-15,0.596,modéré,faible,1.0.0,proxy_saisonnier,0
3560,2024-11-14T06:00:00,2024-11-15,0.107,faible,haute,1.0.0,observee,0
3561,2024-11-14T06:00:00,2024-11-16,0.596,modéré,faible,1.0.0,proxy_saisonnier,0
3562,2024-11-15T06:00:00,2024-11-16,0.1098,faible,haute,1.0.0,observee,0
3563,2024-11-15T06:00:00,2024-11-17,0.596,modéré,faible,1.0.0,proxy_saisonnier,1
3564,2024-11-16T06:00:00,2024-11-17,0.2938,faible,modérée,1.0.0,observee,1
3565,2024-11-16T06:00:00,2024-11-18,0.596,modéré,faible,1.0.0,proxy_saisonnier,1
3566,2024-11-17T06:00:00,2024-11-18,0.5786,modéré,faible,1.0.0,observee,1
3567,2024-11-17T06:00:00,2024-11-19,0.596,modéré,faible,1.0.0,proxy_saisonnier,1
3568,2024-11-18T06:00:00,2024-11-19,0.831,élevé,haute,1.0.0,observee,1
3569,2024-11-18T06:00:00,2024-11-20,0.596,modéré,faible,1.0.0,proxy_saisonnier,1
3570,2024-11-19T06:00:00,2024-11-20,0.9203,élevé,haute,1.0.0,observee,1
3571,2024-11-19T06:00:00,2024-11-21,0.596,modéré,faible,1.0.0,proxy_saisonnier,1
3572,2024-11-20T06:00:00,2024-11-21,0.7882,élevé,modérée,1.0.0,observee,1
3573,2024-11-20T06:00:00,2024-11-22,0.596,modéré,faible,1.0.0,proxy_saisonnier,0
3574,2024-11-21T06:00:00,2024-11-22,0.5895,modéré,faible,1.0.0,observee,0
3575,2024-11-21T06:00:00,2024-11-23,0.596,modéré,faible,1.0.0,proxy_saisonnier,0
3576,2024-11-22T06:00:00,2024-11-23,0.3576,modéré,faible,1.0.0,observee,0
3577,2024-11-22T06:00:00,2024-11-24,0.596,modéré,faible,1.0.0,proxy_saisonnier,1
3578,2024-11-23T06:00:00,2024-11-24,0.5092,modéré,faible,1.0.0,observee,1
3579,2024-11-23T06:00:00,2024-11-25,0.596,modéré,faible,1.0.0,proxy_saisonnier,1
3580,2024-11-24T06:00:00,2024-11-25,0.6993,élevé,modérée,1.0.0,observee,1
3581,2024-11-24T06:00:00,2024-11-26,0.596,modéré,faible,1.0.0,proxy_saisonnier,1
3582,2024-11-25T06:00:00,2024-11-26,0.8688,élevé,haute,1.0.0,observee,1
3583,2024-11-25T06:00:00,2024-11-27,0.596,modéré,faible,1.0.0,proxy_saisonnier,0
3584,2024-11-26T06:00:00,2024-11-27,0.526,modéré,faible,1.0.0,observee,0
3585,2024-11-26T06:00:00,2024-11-28,0.596,modéré,faible,1.0.0,proxy_saisonnier,0
3586,2024-11-27T06:00:00,2024-11-28,0.6079,élevé,faible,1.0.0,observee,0
3587,2024-11-27T06:00:00,2024-11-29,0.596,modéré,faible,1.0.0,proxy_saisonnier,0
3588,2024-11-28T06:00:00,2024-11-29,0.1307,faible,haute,1.0.0,observee,0
3589,2024-11-28T06:00:00,2024-11-30,0.596,modéré,faible,1.0.0,proxy_saisonnier,0
3590,2024-11-29T06:00:00,2024-11-30,0.032,faible,haute,1.0.0,observee,0
3591,2024-11-29T06:00:00,2024-12-01,0.6332,élevé,faible,1.0.0,proxy_saisonnier,0
3592,2024-11-30T06:00:00,2024-12-01,0.0384,faible,haute,1.0.0,observee,0
3593,2024-11-30T06:00:00,2024-12-02,0.6332,élevé,faible,1.0.0,proxy_saisonnier,1
3594,2024-12-01T06:00:00,2024-12-02,0.4158,modéré,faible,1.0.0,observee,1
3595,2024-12-01T06:00:00,2024-12-03,0.6332,élevé,faible,1.0.0,proxy_saisonnier,0
3596,2024-12-02T06:00:00,2024-12-03,0.6382,élevé,faible,1.0.0,observee,0
3597,2024-12-02T06:00:00,2024-12-04,0.6332,élevé,faible,1.0.0,proxy_saisonnier,1
3598,2024-12-03T06:00:00,2024-12-04,0.282,faible,modérée,1.0.0,observee,1
3599,2024-12-03T06:00:00,2024-12-05,0.6332,élevé,faible,1.0.0,proxy_saisonnier,1
3600,2024-12-04T06:00:00,2024-12-05,0.3499,faible,modérée,1.0.0,observee,1
3601,2024-12-04T06:00:00,2024-12-06,0.6332,élevé,faible,1.0.0,proxy_saisonnier,1
3602,2024-12-05T06:00:00,2024-12-06,0.6998,élevé,modérée,1.0.0,observee,1
3603,2024-12-05T06:00:00,2024-12-07,0.6332,élevé,faible,1.0.0,proxy_saisonnier,1
3604,2024-12-06T06:00:00,2024-12-07,0.6973,élevé,modérée,1.0.0,observee,1
3605,2024-12-06T06:00:00,2024-12-08,0.6332,élevé,faible,1.0.0,proxy_saisonnier,1
3606,2024-12-07T06:00:00,2024-12-08,0.8883,élevé,haute,1.0.0,observee,1
3607,2024-12-07T06:00:00,2024-12-09,0.6332,élevé,faible,1.0.0,proxy_saisonnier,0
3608,2024-12-08T06:00:00,2024-12-09,0.8335,élevé,haute,1.0.0,observee,0
3609,2024-12-08T06:00:00,2024-12-10,0.6332,élevé,faible,1.0.0,proxy_saisonnier,0
3610,2024-12-09T06:00:00,2024-12-10,0.4603,modéré,faible,1.0.0,observee,0
3611,2024-12-09T06:00:00,2024-12-11,0.6332,élevé,faible,1.0.0,proxy_saisonnier,0
3612,2024-12-10T06:00:00,2024-12-11,0.321,faible,modérée,1.0.0,observee,0
3613,2024-12-10T06:00:00,2024-12-12,0.6332,élevé,faible,1.0.0,proxy_saisonnier,0
3614,2024-12-11T06:00:00,2024-12-12,0.149,faible,haute,1.0.0,observee,0
3615,2024-12-11T06:00:00,2024-12-13,0.6332,élevé,faible,1.0.0,proxy_saisonnier,0
3616,2024-12-12T06:00:00,2024-12-13,0.0667,faible,haute,1.0.0,observee,0
3617,2024-12-12T06:00:00,2024-12-14,0.6332,élevé,faible,1.0.0,proxy_saisonnier,0
3618,2024-12-13T06:00:00,2024-12-14,0.1413,faible,haute,1.0.0,observee,0
3619,2024-12-13T06:00:00,2024-12-15,0.6332,élevé,faible,1.0.0,proxy_saisonnier,0
3620,2024-12-14T06:00:00,2024-12-15,0.2523,faible,modérée,1.0.0,observee,0
3621,2024-12-14T06:00:00,2024-12-16,0.6332,élevé,faible,1.0.0,proxy_saisonnier,0
3622,2024-12-15T06:00:00,2024-12-16,0.1573,faible,haute,1.0.0,observee,0
3623,2024-12-15T06:00:00,2024-12-17,0.6332,élevé,faible,1.0.0,proxy_saisonnier,1
3624,2024-12-16T06:00:00,2024-12-17,0.1374,faible,haute,1.0.0,observee,1
3625,2024-12-16T06:00:00,2024-12-18,0.6332,élevé,faible,1.0.0,proxy_saisonnier,1
3626,2024-12-17T06:00:00,2024-12-18,0.3987,modéré,faible,1.0.0,observee,1
3627,2024-12-17T06:00:00,2024-12-19,0.6332,élevé,faible,1.0.0,proxy_saisonnier,0
3628,2024-12-18T06:00:00,2024-12-19,0.7151,élevé,modérée,1.0.0,observee,0
3629,2024-12-18T06:00:00,2024-12-20,0.6332,élevé,faible,1.0.0,proxy_saisonnier,1
3630,2024-12-19T06:00:00,2024-12-20,0.6116,élevé,faible,1.0.0,observee,1
3631,2024-12-19T06:00:00,2024-12-21,0.6332,élevé,faible,1.0.0,proxy_saisonnier,1
3632,2024-12-20T06:00:00,2024-12-21,0.5633,modéré,faible,1.0.0,observee,1
3633,2024-12-20T06:00:00,2024-12-22,0.6332,élevé,faible,1.0.0,proxy_saisonnier,1
3634,2024-12-21T06:00:00,2024-12-22,0.7294,élevé,modérée,1.0.0,observee,1
3635,2024-12-21T06:00:00,2024-12-23,0.6332,élevé,faible,1.0.0,proxy_saisonnier,1
3636,2024-12-22T06:00:00,2024-12-23,0.803,élevé,haute,1.0.0,observee,1
3637,2024-12-22T06:00:00,2024-12-24,0.6332,élevé,faible,1.0.0,proxy_saisonnier,0
3638,2024-12-23T06:00:00,2024-12-24,0.6377,élevé,faible,1.0.0,observee,0
3639,2024-12-23T06:00:00,2024-12-25,0.6332,élevé,faible,1.0.0,proxy_saisonnier,0
3640,2024-12-24T06:00:00,2024-12-25,0.2282,faible,modérée,1.0.0,observee,0
3641,2024-12-24T06:00:00,2024-12-26,0.6332,élevé,faible,1.0.0,proxy_saisonnier,0
3642,2024-12-25T06:00:00,2024-12-26,0.1458,faible,haute,1.0.0,observee,0
3643,2024-12-25T06:00:00,2024-12-27,0.6332,élevé,faible,1.0.0,proxy_saisonnier,0
3644,2024-12-26T06:00:00,2024-12-27,0.1694,faible,haute,1.0.0,observee,0
3645,2024-12-26T06:00:00,2024-12-28,0.6332,élevé,faible,1.0.0,proxy_saisonnier,0
3646,2024-12-27T06:00:00,2024-12-28,0.0605,faible,haute,1.0.0,observee,0
3647,2024-12-27T06:00:00,2024-12-29,0.6332,élevé,faible,1.0.0,proxy_saisonnier,0
3648,2024-12-28T06:00:00,2024-12-29,0.1768,faible,haute,1.0.0,observee,0
3649,2024-12-28T06:00:00,2024-12-30,0.6332,élevé,faible,1.0.0,proxy_saisonnier,0
3650,2024-12-29T06:00:00,2024-12-30,0.1197,faible,haute,1.0.0,observee,0
3651,2024-12-29T06:00:00,2024-12-31,0.6332,élevé,faible,1.0.0,proxy_saisonnier,0
3652,2024-12-30T06:00:00,2024-12-31,0.0952,faible,haute,1.0.0,observee,0
3653,2024-12-30T06:00:00,2025-01-01,0.6218,élevé,faible,1.0.0,proxy_saisonnier,1
3654,2024-12-31T06:00:00,2025-01-01,0.2792,faible,modérée,1.0.0,observee,1
3655,2024-12-31T06:00:00,2025-01-02,0.6218,élevé,faible,1.0.0,proxy_saisonnier,0
3656,2025-01-01T06:00:00,2025-01-02,0.7721,élevé,modérée,1.0.0,observee,0
3657,2025-01-01T06:00:00,2025-01-03,0.6218,élevé,faible,1.0.0,proxy_saisonnier,1
3658,2025-01-02T06:00:00,2025-01-03,0.5668,modéré,faible,1.0.0,observee,1
3659,2025-01-02T06:00:00,2025-01-04,0.6218,élevé,faible,1.0.0,proxy_saisonnier,1
3660,2025-01-03T06:00:00,2025-01-04,0.3069,faible,modérée,1.0.0,observee,1
3661,2025-01-03T06:00:00,2025-01-05,0.6218,élevé,faible,1.0.0,proxy_saisonnier,1
3662,2025-01-04T06:00:00,2025-01-05,0.5359,modéré,faible,1.0.0,observee,1
3663,2025-01-04T06:00:00,2025-01-06,0.6218,élevé,faible,1.0.0,proxy_saisonnier,1
3664,2025-01-05T06:00:00,2025-01-06,0.836,élevé,haute,1.0.0,observee,1
3665,2025-01-05T06:00:00,2025-01-07,0.6218,élevé,faible,1.0.0,proxy_saisonnier,1
3666,2025-01-06T06:00:00,2025-01-07,0.8791,élevé,haute,1.0.0,observee,1
3667,2025-01-06T06:00:00,2025-01-08,0.6218,élevé,faible,1.0.0,proxy_saisonnier,1
3668,2025-01-07T06:00:00,2025-01-08,0.6925,élevé,modérée,1.0.0,observee,1
3669,2025-01-07T06:00:00,2025-01-09,0.6218,élevé,faible,1.0.0,proxy_saisonnier,0
3670,2025-01-08T06:00:00,2025-01-09,0.8338,élevé,haute,1.0.0,observee,0
3671,2025-01-08T06:00:00,2025-01-10,0.6218,élevé,faible,1.0.0,proxy_saisonnier,0
3672,2025-01-09T06:00:00,2025-01-10,0.6421,élevé,faible,1.0.0,observee,0
3673,2025-01-09T06:00:00,2025-01-11,0.6218,élevé,faible,1.0.0,proxy_saisonnier,0
3674,2025-01-10T06:00:00,2025-01-11,0.2253,faible,modérée,1.0.0,observee,0
3675,2025-01-10T06:00:00,2025-01-12,0.6218,élevé,faible,1.0.0,proxy_saisonnier,0
3676,2025-01-11T06:00:00,2025-01-12,0.0656,faible,haute,1.0.0,observee,0
3677,2025-01-11T06:00:00,2025-01-13,0.6218,élevé,faible,1.0.0,proxy_saisonnier,0
3678,2025-01-12T06:00:00,2025-01-13,0.057,faible,haute,1.0.0,observee,0
3679,2025-01-12T06:00:00,2025-01-14,0.6218,élevé,faible,1.0.0,proxy_saisonnier,0
3680,2025-01-13T06:00:00,2025-01-14,0.0748,faible,haute,1.0.0,observee,0
3681,2025-01-13T06:00:00,2025-01-15,0.6218,élevé,faible,1.0.0,proxy_saisonnier,0
3682,2025-01-14T06:00:00,2025-01-15,0.0758,faible,haute,1.0.0,observee,0
3683,2025-01-14T06:00:00,2025-01-16,0.6218,élevé,faible,1.0.0,proxy_saisonnier,0
3684,2025-01-15T06:00:00,2025-01-16,0.1014,faible,haute,1.0.0,observee,0
3685,2025-01-15T06:00:00,2025-01-17,0.6218,élevé,faible,1.0.0,proxy_saisonnier,0
3686,2025-01-16T06:00:00,2025-01-17,0.0693,faible,haute,1.0.0,observee,0
3687,2025-01-16T06:00:00,2025-01-18,0.6218,élevé,faible,1.0.0,proxy_saisonnier,0
3688,2025-01-17T06:00:00,2025-01-18,0.0379,faible,haute,1.0.0,observee,0
3689,2025-01-17T06:00:00,2025-01-19,0.6218,élevé,faible,1.0.0,proxy_saisonnier,0
3690,2025-01-18T06:00:00,2025-01-19,0.057,faible,haute,1.0.0,observee,0
3691,2025-01-18T06:00:00,2025-01-20,0.6218,élevé,faible,1.0.0,proxy_saisonnier,0
3692,2025-01-19T06:00:00,2025-01-20,0.1708,faible,haute,1.0.0,observee,0
3693,2025-01-19T06:00:00,2025-01-21,0.6218,élevé,faible,1.0.0,proxy_saisonnier,1
3694,2025-01-20T06:00:00,2025-01-21,0.1154,faible,haute,1.0.0,observee,1
3695,2025-01-20T06:00:00,2025-01-22,0.6218,élevé,faible,1.0.0,proxy_saisonnier,1
3696,2025-01-21T06:00:00,2025-01-22,0.533,modéré,faible,1.0.0,observee,1
3697,2025-01-21T06:00:00,2025-01-23,0.6218,élevé,faible,1.0.0,proxy_saisonnier,1
3698,2025-01-22T06:00:00,2025-01-23,0.8565,élevé,haute,1.0.0,observee,1
3699,2025-01-22T06:00:00,2025-01-24,0.6218,élevé,faible,1.0.0,proxy_saisonnier,1
3700,2025-01-23T06:00:00,2025-01-24,0.8415,élevé,haute,1.0.0,observee,1
3701,2025-01-23T06:00:00,2025-01-25,0.6218,élevé,faible,1.0.0,proxy_saisonnier,1
3702,2025-01-24T06:00:00,2025-01-25,0.9014,élevé,haute,1.0.0,observee,1
3703,2025-01-24T06:00:00,2025-01-26,0.6218,élevé,faible,1.0.0,proxy_saisonnier,1
3704,2025-01-25T06:00:00,2025-01-26,0.8958,élevé,haute,1.0.0,observee,1
3705,2025-01-25T06:00:00,2025-01-27,0.6218,élevé,faible,1.0.0,proxy_saisonnier,1
3706,2025-01-26T06:00:00,2025-01-27,0.8867,élevé,haute,1.0.0,observee,1
3707,2025-01-26T06:00:00,2025-01-28,0.6218,élevé,faible,1.0.0,proxy_saisonnier,1
3708,2025-01-27T06:00:00,2025-01-28,0.8558,élevé,haute,1.0.0,observee,1
3709,2025-01-27T06:00:00,2025-01-29,0.6218,élevé,faible,1.0.0,proxy_saisonnier,1
3710,2025-01-28T06:00:00,2025-01-29,0.8283,élevé,haute,1.0.0,observee,1
3711,2025-01-28T06:00:00,2025-01-30,0.6218,élevé,faible,1.0.0,proxy_saisonnier,1
3712,2025-01-29T06:00:00,2025-01-30,0.8679,élevé,haute,1.0.0,observee,1
3713,2025-01-29T06:00:00,2025-01-31,0.6218,élevé,faible,1.0.0,proxy_saisonnier,0
3714,2025-01-30T06:00:00,2025-01-31,0.6043,élevé,faible,1.0.0,observee,0
3715,2025-01-30T06:00:00,2025-02-01,0.5473,modéré,faible,1.0.0,proxy_saisonnier,0
3716,2025-01-31T06:00:00,2025-02-01,0.1618,faible,haute,1.0.0,observee,0
3717,2025-01-31T06:00:00,2025-02-02,0.5473,modéré,faible,1.0.0,proxy_saisonnier,0
3718,2025-02-01T06:00:00,2025-02-02,0.0494,faible,haute,1.0.0,observee,0
3719,2025-02-01T06:00:00,2025-02-03,0.5473,modéré,faible,1.0.0,proxy_saisonnier,0
3720,2025-02-02T06:00:00,2025-02-03,0.124,faible,haute,1.0.0,observee,0
3721,2025-02-02T06:00:00,2025-02-04,0.5473,modéré,faible,1.0.0,proxy_saisonnier,0
3722,2025-02-03T06:00:00,2025-02-04,0.1032,faible,haute,1.0.0,observee,0
3723,2025-02-03T06:00:00,2025-02-05,0.5473,modéré,faible,1.0.0,proxy_saisonnier,0
3724,2025-02-04T06:00:00,2025-02-05,0.061,faible,haute,1.0.0,observee,0
3725,2025-02-04T06:00:00,2025-02-06,0.5473,modéré,faible,1.0.0,proxy_saisonnier,1
3726,2025-02-05T06:00:00,2025-02-06,0.073,faible,haute,1.0.0,observee,1
3727,2025-02-05T06:00:00,2025-02-07,0.5473,modéré,faible,1.0.0,proxy_saisonnier,1
3728,2025-02-06T06:00:00,2025-02-07,0.3148,faible,modérée,1.0.0,observee,1
3729,2025-02-06T06:00:00,2025-02-08,0.5473,modéré,faible,1.0.0,proxy_saisonnier,1
3730,2025-02-07T06:00:00,2025-02-08,0.616,élevé,faible,1.0.0,observee,1
3731,2025-02-07T06:00:00,2025-02-09,0.5473,modéré,faible,1.0.0,proxy_saisonnier,1
3732,2025-02-08T06:00:00,2025-02-09,0.6318,élevé,faible,1.0.0,observee,1
3733,2025-02-08T06:00:00,2025-02-10,0.5473,modéré,faible,1.0.0,proxy_saisonnier,0
3734,2025-02-09T06:00:00,2025-02-10,0.4914,modéré,faible,1.0.0,observee,0
3735,2025-02-09T06:00:00,2025-02-11,0.5473,modéré,faible,1.0.0,proxy_saisonnier,0
3736,2025-02-10T06:00:00,2025-02-11,0.4357,modéré,faible,1.0.0,observee,0
3737,2025-02-10T06:00:00,2025-02-12,0.5473,modéré,faible,1.0.0,proxy_saisonnier,0
3738,2025-02-11T06:00:00,2025-02-12,0.4196,modéré,faible,1.0.0,observee,0
3739,2025-02-11T06:00:00,2025-02-13,0.5473,modéré,faible,1.0.0,proxy_saisonnier,0
3740,2025-02-12T06:00:00,2025-02-13,0.2521,faible,modérée,1.0.0,observee,0
3741,2025-02-12T06:00:00,2025-02-14,0.5473,modéré,faible,1.0.0,proxy_saisonnier,0
3742,2025-02-13T06:00:00,2025-02-14,0.3406,faible,modérée,1.0.0,observee,0
3743,2025-02-13T06:00:00,2025-02-15,0.5473,modéré,faible,1.0.0,proxy_saisonnier,0
3744,2025-02-14T06:00:00,2025-02-15,0.1309,faible,haute,1.0.0,observee,0
3745,2025-02-14T06:00:00,2025-02-16,0.5473,modéré,faible,1.0.0,proxy_saisonnier,0
3746,2025-02-15T06:00:00,2025-02-16,0.3255,faible,modérée,1.0.0,observee,0
3747,2025-02-15T06:00:00,2025-02-17,0.5473,modéré,faible,1.0.0,proxy_saisonnier,0
3748,2025-02-16T06:00:00,2025-02-17,0.207,faible,modérée,1.0.0,observee,0
3749,2025-02-16T06:00:00,2025-02-18,0.5473,modéré,faible,1.0.0,proxy_saisonnier,0
3750,2025-02-17T06:00:00,2025-02-18,0.19,faible,haute,1.0.0,observee,0
3751,2025-02-17T06:00:00,2025-02-19,0.5473,modéré,faible,1.0.0,proxy_saisonnier,1
3752,2025-02-18T06:00:00,2025-02-19,0.4946,modéré,faible,1.0.0,observee,1
3753,2025-02-18T06:00:00,2025-02-20,0.5473,modéré,faible,1.0.0,proxy_saisonnier,0
3754,2025-02-19T06:00:00,2025-02-20,0.6553,élevé,modérée,1.0.0,observee,0
3755,2025-02-19T06:00:00,2025-02-21,0.5473,modéré,faible,1.0.0,proxy_saisonnier,1
3756,2025-02-20T06:00:00,2025-02-21,0.4762,modéré,faible,1.0.0,observee,1
3757,2025-02-20T06:00:00,2025-02-22,0.5473,modéré,faible,1.0.0,proxy_saisonnier,0
3758,2025-02-21T06:00:00,2025-02-22,0.6567,élevé,modérée,1.0.0,observee,0
3759,2025-02-21T06:00:00,2025-02-23,0.5473,modéré,faible,1.0.0,proxy_saisonnier,1
3760,2025-02-22T06:00:00,2025-02-23,0.5209,modéré,faible,1.0.0,observee,1
3761,2025-02-22T06:00:00,2025-02-24,0.5473,modéré,faible,1.0.0,proxy_saisonnier,1
3762,2025-02-23T06:00:00,2025-02-24,0.5001,modéré,faible,1.0.0,observee,1
3763,2025-02-23T06:00:00,2025-02-25,0.5473,modéré,faible,1.0.0,proxy_saisonnier,1
3764,2025-02-24T06:00:00,2025-02-25,0.6561,élevé,modérée,1.0.0,observee,1
3765,2025-02-24T06:00:00,2025-02-26,0.5473,modéré,faible,1.0.0,proxy_saisonnier,0
3766,2025-02-25T06:00:00,2025-02-26,0.8115,élevé,haute,1.0.0,observee,0
3767,2025-02-25T06:00:00,2025-02-27,0.5473,modéré,faible,1.0.0,proxy_saisonnier,0
3768,2025-02-26T06:00:00,2025-02-27,0.5259,modéré,faible,1.0.0,observee,0
3769,2025-02-26T06:00:00,2025-02-28,0.5473,modéré,faible,1.0.0,proxy_saisonnier,0
3770,2025-02-27T06:00:00,2025-02-28,0.1849,faible,haute,1.0.0,observee,0
3771,2025-02-27T06:00:00,2025-03-01,0.4438,modéré,faible,1.0.0,proxy_saisonnier,0
3772,2025-02-28T06:00:00,2025-03-01,0.0735,faible,haute,1.0.0,observee,0
3773,2025-02-28T06:00:00,2025-03-02,0.4438,modéré,faible,1.0.0,proxy_saisonnier,0
3774,2025-03-01T06:00:00,2025-03-02,0.0386,faible,haute,1.0.0,observee,0
3775,2025-03-01T06:00:00,2025-03-03,0.4438,modéré,faible,1.0.0,proxy_saisonnier,0
3776,2025-03-02T06:00:00,2025-03-03,0.0702,faible,haute,1.0.0,observee,0
3777,2025-03-02T06:00:00,2025-03-04,0.4438,modéré,faible,1.0.0,proxy_saisonnier,0
3778,2025-03-03T06:00:00,2025-03-04,0.1533,faible,haute,1.0.0,observee,0
3779,2025-03-03T06:00:00,2025-03-05,0.4438,modéré,faible,1.0.0,proxy_saisonnier,0
3780,2025-03-04T06:00:00,2025-03-05,0.375,modéré,faible,1.0.0,observee,0
3781,2025-03-04T06:00:00,2025-03-06,0.4438,modéré,faible,1.0.0,proxy_saisonnier,0
3782,2025-03-05T06:00:00,2025-03-06,0.3811,modéré,faible,1.0.0,observee,0
3783,2025-03-05T06:00:00,2025-03-07,0.4438,modéré,faible,1.0.0,proxy_saisonnier,0
3784,2025-03-06T06:00:00,2025-03-07,0.1845,faible,haute,1.0.0,observee,0
3785,2025-03-06T06:00:00,2025-03-08,0.4438,modéré,faible,1.0.0,proxy_saisonnier,0
3786,2025-03-07T06:00:00,2025-03-08,0.1908,faible,haute,1.0.0,observee,0
3787,2025-03-07T06:00:00,2025-03-09,0.4438,modéré,faible,1.0.0,proxy_saisonnier,1
3788,2025-03-08T06:00:00,2025-03-09,0.4227,modéré,faible,1.0.0,observee,1
3789,2025-03-08T06:00:00,2025-03-10,0.4438,modéré,faible,1.0.0,proxy_saisonnier,0
3790,2025-03-09T06:00:00,2025-03-10,0.7604,élevé,modérée,1.0.0,observee,0
3791,2025-03-09T06:00:00,2025-03-11,0.4438,modéré,faible,1.0.0,proxy_saisonnier,1
3792,2025-03-10T06:00:00,2025-03-11,0.6672,élevé,modérée,1.0.0,observee,1
3793,2025-03-10T06:00:00,2025-03-12,0.4438,modéré,faible,1.0.0,proxy_saisonnier,1
3794,2025-03-11T06:00:00,2025-03-12,0.8508,élevé,haute,1.0.0,observee,1
3795,2025-03-11T06:00:00,2025-03-13,0.4438,modéré,faible,1.0.0,proxy_saisonnier,1
3796,2025-03-12T06:00:00,2025-03-13,0.8107,élevé,haute,1.0.0,observee,1
3797,2025-03-12T06:00:00,2025-03-14,0.4438,modéré,faible,1.0.0,proxy_saisonnier,0
3798,2025-03-13T06:00:00,2025-03-14,0.7435,élevé,modérée,1.0.0,observee,0
3799,2025-03-13T06:00:00,2025-03-15,0.4438,modéré,faible,1.0.0,proxy_saisonnier,0
3800,2025-03-14T06:00:00,2025-03-15,0.4602,modéré,faible,1.0.0,observee,0
3801,2025-03-14T06:00:00,2025-03-16,0.4438,modéré,faible,1.0.0,proxy_saisonnier,0
3802,2025-03-15T06:00:00,2025-03-16,0.4046,modéré,faible,1.0.0,observee,0
3803,2025-03-15T06:00:00,2025-03-17,0.4438,modéré,faible,1.0.0,proxy_saisonnier,0
3804,2025-03-16T06:00:00,2025-03-17,0.3639,modéré,faible,1.0.0,observee,0
3805,2025-03-16T06:00:00,2025-03-18,0.4438,modéré,faible,1.0.0,proxy_saisonnier,0
3806,2025-03-17T06:00:00,2025-03-18,0.0434,faible,haute,1.0.0,observee,0
3807,2025-03-17T06:00:00,2025-03-19,0.4438,modéré,faible,1.0.0,proxy_saisonnier,0
3808,2025-03-18T06:00:00,2025-03-19,0.0801,faible,haute,1.0.0,observee,0
3809,2025-03-18T06:00:00,2025-03-20,0.4438,modéré,faible,1.0.0,proxy_saisonnier,1
3810,2025-03-19T06:00:00,2025-03-20,0.1586,faible,haute,1.0.0,observee,1
3811,2025-03-19T06:00:00,2025-03-21,0.4438,modéré,faible,1.0.0,proxy_saisonnier,1
3812,2025-03-20T06:00:00,2025-03-21,0.4508,modéré,faible,1.0.0,observee,1
3813,2025-03-20T06:00:00,2025-03-22,0.4438,modéré,faible,1.0.0,proxy_saisonnier,1
3814,2025-03-21T06:00:00,2025-03-22,0.8251,élevé,haute,1.0.0,observee,1
3815,2025-03-21T06:00:00,2025-03-23,0.4438,modéré,faible,1.0.0,proxy_saisonnier,1
3816,2025-03-22T06:00:00,2025-03-23,0.8693,élevé,haute,1.0.0,observee,1
3817,2025-03-22T06:00:00,2025-03-24,0.4438,modéré,faible,1.0.0,proxy_saisonnier,0
3818,2025-03-23T06:00:00,2025-03-24,0.8271,élevé,haute,1.0.0,observee,0
3819,2025-03-23T06:00:00,2025-03-25,0.4438,modéré,faible,1.0.0,proxy_saisonnier,0
3820,2025-03-24T06:00:00,2025-03-25,0.4927,modéré,faible,1.0.0,observee,0
3821,2025-03-24T06:00:00,2025-03-26,0.4438,modéré,faible,1.0.0,proxy_saisonnier,0
3822,2025-03-25T06:00:00,2025-03-26,0.4522,modéré,faible,1.0.0,observee,0
3823,2025-03-25T06:00:00,2025-03-27,0.4438,modéré,faible,1.0.0,proxy_saisonnier,1
3824,2025-03-26T06:00:00,2025-03-27,0.2764,faible,modérée,1.0.0,observee,1
3825,2025-03-26T06:00:00,2025-03-28,0.4438,modéré,faible,1.0.0,proxy_saisonnier,0
3826,2025-03-27T06:00:00,2025-03-28,0.4296,modéré,faible,1.0.0,observee,0
3827,2025-03-27T06:00:00,2025-03-29,0.4438,modéré,faible,1.0.0,proxy_saisonnier,0
3828,2025-03-28T06:00:00,2025-03-29,0.4807,modéré,faible,1.0.0,observee,0
3829,2025-03-28T06:00:00,2025-03-30,0.4438,modéré,faible,1.0.0,proxy_saisonnier,0
3830,2025-03-29T06:00:00,2025-03-30,0.1304,faible,haute,1.0.0,observee,0
3831,2025-03-29T06:00:00,2025-03-31,0.4438,modéré,faible,1.0.0,proxy_saisonnier,0
3832,2025-03-30T06:00:00,2025-03-31,0.4125,modéré,faible,1.0.0,observee,0
3833,2025-03-30T06:00:00,2025-04-01,0.3682,modéré,faible,1.0.0,proxy_saisonnier,0
3834,2025-03-31T06:00:00,2025-04-01,0.1039,faible,haute,1.0.0,observee,0
3835,2025-03-31T06:00:00,2025-04-02,0.3682,modéré,faible,1.0.0,proxy_saisonnier,0
3836,2025-04-01T06:00:00,2025-04-02,0.0362,faible,haute,1.0.0,observee,0
3837,2025-04-01T06:00:00,2025-04-03,0.3682,modéré,faible,1.0.0,proxy_saisonnier,0
3838,2025-04-02T06:00:00,2025-04-03,0.1159,faible,haute,1.0.0,observee,0
3839,2025-04-02T06:00:00,2025-04-04,0.3682,modéré,faible,1.0.0,proxy_saisonnier,0
3840,2025-04-03T06:00:00,2025-04-04,0.1639,faible,haute,1.0.0,observee,0
3841,2025-04-03T06:00:00,2025-04-05,0.3682,modéré,faible,1.0.0,proxy_saisonnier,0
3842,2025-04-04T06:00:00,2025-04-05,0.3876,modéré,faible,1.0.0,observee,0
3843,2025-04-04T06:00:00,2025-04-06,0.3682,modéré,faible,1.0.0,proxy_saisonnier,0
3844,2025-04-05T06:00:00,2025-04-06,0.312,faible,modérée,1.0.0,observee,0
3845,2025-04-05T06:00:00,2025-04-07,0.3682,modéré,faible,1.0.0,proxy_saisonnier,0
3846,2025-04-06T06:00:00,2025-04-07,0.042,faible,haute,1.0.0,observee,0
3847,2025-04-06T06:00:00,2025-04-08,0.3682,modéré,faible,1.0.0,proxy_saisonnier,0
3848,2025-04-07T06:00:00,2025-04-08,0.1211,faible,haute,1.0.0,observee,0
3849,2025-04-07T06:00:00,2025-04-09,0.3682,modéré,faible,1.0.0,proxy_saisonnier,0
3850,2025-04-08T06:00:00,2025-04-09,0.0926,faible,haute,1.0.0,observee,0
3851,2025-04-08T06:00:00,2025-04-10,0.3682,modéré,faible,1.0.0,proxy_saisonnier,0
3852,2025-04-09T06:00:00,2025-04-10,0.0515,faible,haute,1.0.0,observee,0
3853,2025-04-09T06:00:00,2025-04-11,0.3682,modéré,faible,1.0.0,proxy_saisonnier,1
3854,2025-04-10T06:00:00,2025-04-11,0.0435,faible,haute,1.0.0,observee,1
3855,2025-04-10T06:00:00,2025-04-12,0.3682,modéré,faible,1.0.0,proxy_saisonnier,1
3856,2025-04-11T06:00:00,2025-04-12,0.2824,faible,modérée,1.0.0,observee,1
3857,2025-04-11T06:00:00,2025-04-13,0.3682,modéré,faible,1.0.0,proxy_saisonnier,0
3858,2025-04-12T06:00:00,2025-04-13,0.6957,élevé,modérée,1.0.0,observee,0
3859,2025-04-12T06:00:00,2025-04-14,0.3682,modéré,faible,1.0.0,proxy_saisonnier,1
3860,2025-04-13T06:00:00,2025-04-14,0.6043,élevé,faible,1.0.0,observee,1
3861,2025-04-13T06:00:00,2025-04-15,0.3682,modéré,faible,1.0.0,proxy_saisonnier,0
3862,2025-04-14T06:00:00,2025-04-15,0.7423,élevé,modérée,1.0.0,observee,0
3863,2025-04-14T06:00:00,2025-04-16,0.3682,modéré,faible,1.0.0,proxy_saisonnier,0
3864,2025-04-15T06:00:00,2025-04-16,0.7328,élevé,modérée,1.0.0,observee,0
3865,2025-04-15T06:00:00,2025-04-17,0.3682,modéré,faible,1.0.0,proxy_saisonnier,0
3866,2025-04-16T06:00:00,2025-04-17,0.6239,élevé,faible,1.0.0,observee,0
3867,2025-04-16T06:00:00,2025-04-18,0.3682,modéré,faible,1.0.0,proxy_saisonnier,1
3868,2025-04-17T06:00:00,2025-04-18,0.4046,modéré,faible,1.0.0,observee,1
3869,2025-04-17T06:00:00,2025-04-19,0.3682,modéré,faible,1.0.0,proxy_saisonnier,1
3870,2025-04-18T06:00:00,2025-04-19,0.5073,modéré,faible,1.0.0,observee,1
3871,2025-04-18T06:00:00,2025-04-20,0.3682,modéré,faible,1.0.0,proxy_saisonnier,1
3872,2025-04-19T06:00:00,2025-04-20,0.7255,élevé,modérée,1.0.0,observee,1
3873,2025-04-19T06:00:00,2025-04-21,0.3682,modéré,faible,1.0.0,proxy_saisonnier,0
3874,2025-04-20T06:00:00,2025-04-21,0.7555,élevé,modérée,1.0.0,observee,0
3875,2025-04-20T06:00:00,2025-04-22,0.3682,modéré,faible,1.0.0,proxy_saisonnier,1
3876,2025-04-21T06:00:00,2025-04-22,0.7629,élevé,modérée,1.0.0,observee,1
3877,2025-04-21T06:00:00,2025-04-23,0.3682,modéré,faible,1.0.0,proxy_saisonnier,1
3878,2025-04-22T06:00:00,2025-04-23,0.5505,modéré,faible,1.0.0,observee,1
3879,2025-04-22T06:00:00,2025-04-24,0.3682,modéré,faible,1.0.0,proxy_saisonnier,0
3880,2025-04-23T06:00:00,2025-04-24,0.7269,élevé,modérée,1.0.0,observee,0
3881,2025-04-23T06:00:00,2025-04-25,0.3682,modéré,faible,1.0.0,proxy_saisonnier,0
3882,2025-04-24T06:00:00,2025-04-25,0.5013,modéré,faible,1.0.0,observee,0
3883,2025-04-24T06:00:00,2025-04-26,0.3682,modéré,faible,1.0.0,proxy_saisonnier,0
3884,2025-04-25T06:00:00,2025-04-26,0.4707,modéré,faible,1.0.0,observee,0
3885,2025-04-25T06:00:00,2025-04-27,0.3682,modéré,faible,1.0.0,proxy_saisonnier,0
3886,2025-04-26T06:00:00,2025-04-27,0.5731,modéré,faible,1.0.0,observee,0
3887,2025-04-26T06:00:00,2025-04-28,0.3682,modéré,faible,1.0.0,proxy_saisonnier,0
3888,2025-04-27T06:00:00,2025-04-28,0.072,faible,haute,1.0.0,observee,0
3889,2025-04-27T06:00:00,2025-04-29,0.3682,modéré,faible,1.0.0,proxy_saisonnier,0
3890,2025-04-28T06:00:00,2025-04-29,0.068,faible,haute,1.0.0,observee,0
3891,2025-04-28T06:00:00,2025-04-30,0.3682,modéré,faible,1.0.0,proxy_saisonnier,0
3892,2025-04-29T06:00:00,2025-04-30,0.0824,faible,haute,1.0.0,observee,0
3893,2025-04-29T06:00:00,2025-05-01,0.4796,modéré,faible,1.0.0,proxy_saisonnier,0
3894,2025-04-30T06:00:00,2025-05-01,0.1277,faible,haute,1.0.0,observee,0
3895,2025-04-30T06:00:00,2025-05-02,0.4796,modéré,faible,1.0.0,proxy_saisonnier,1
3896,2025-05-01T06:00:00,2025-05-02,0.0835,faible,haute,1.0.0,observee,1
3897,2025-05-01T06:00:00,2025-05-03,0.4796,modéré,faible,1.0.0,proxy_saisonnier,1
3898,2025-05-02T06:00:00,2025-05-03,0.4783,modéré,faible,1.0.0,observee,1
3899,2025-05-02T06:00:00,2025-05-04,0.4796,modéré,faible,1.0.0,proxy_saisonnier,0
3900,2025-05-03T06:00:00,2025-05-04,0.718,élevé,modérée,1.0.0,observee,0
3901,2025-05-03T06:00:00,2025-05-05,0.4796,modéré,faible,1.0.0,proxy_saisonnier,0
3902,2025-05-04T06:00:00,2025-05-05,0.6632,élevé,modérée,1.0.0,observee,0
3903,2025-05-04T06:00:00,2025-05-06,0.4796,modéré,faible,1.0.0,proxy_saisonnier,0
3904,2025-05-05T06:00:00,2025-05-06,0.4602,modéré,faible,1.0.0,observee,0
3905,2025-05-05T06:00:00,2025-05-07,0.4796,modéré,faible,1.0.0,proxy_saisonnier,0
3906,2025-05-06T06:00:00,2025-05-07,0.1695,faible,haute,1.0.0,observee,0
3907,2025-05-06T06:00:00,2025-05-08,0.4796,modéré,faible,1.0.0,proxy_saisonnier,0
3908,2025-05-07T06:00:00,2025-05-08,0.3481,faible,modérée,1.0.0,observee,0
3909,2025-05-07T06:00:00,2025-05-09,0.4796,modéré,faible,1.0.0,proxy_saisonnier,0
3910,2025-05-08T06:00:00,2025-05-09,0.4638,modéré,faible,1.0.0,observee,0
3911,2025-05-08T06:00:00,2025-05-10,0.4796,modéré,faible,1.0.0,proxy_saisonnier,1
3912,2025-05-09T06:00:00,2025-05-10,0.2457,faible,modérée,1.0.0,observee,1
3913,2025-05-09T06:00:00,2025-05-11,0.4796,modéré,faible,1.0.0,proxy_saisonnier,1
3914,2025-05-10T06:00:00,2025-05-11,0.358,modéré,faible,1.0.0,observee,1
3915,2025-05-10T06:00:00,2025-05-12,0.4796,modéré,faible,1.0.0,proxy_saisonnier,1
3916,2025-05-11T06:00:00,2025-05-12,0.5351,modéré,faible,1.0.0,observee,1
3917,2025-05-11T06:00:00,2025-05-13,0.4796,modéré,faible,1.0.0,proxy_saisonnier,0
3918,2025-05-12T06:00:00,2025-05-13,0.8007,élevé,haute,1.0.0,observee,0
3919,2025-05-12T06:00:00,2025-05-14,0.4796,modéré,faible,1.0.0,proxy_saisonnier,0
3920,2025-05-13T06:00:00,2025-05-14,0.7232,élevé,modérée,1.0.0,observee,0
3921,2025-05-13T06:00:00,2025-05-15,0.4796,modéré,faible,1.0.0,proxy_saisonnier,0
3922,2025-05-14T06:00:00,2025-05-15,0.112,faible,haute,1.0.0,observee,0
3923,2025-05-14T06:00:00,2025-05-16,0.4796,modéré,faible,1.0.0,proxy_saisonnier,0
3924,2025-05-15T06:00:00,2025-05-16,0.2794,faible,modérée,1.0.0,observee,0
3925,2025-05-15T06:00:00,2025-05-17,0.4796,modéré,faible,1.0.0,proxy_saisonnier,0
3926,2025-05-16T06:00:00,2025-05-17,0.0211,faible,haute,1.0.0,observee,0
3927,2025-05-16T06:00:00,2025-05-18,0.4796,modéré,faible,1.0.0,proxy_saisonnier,0
3928,2025-05-17T06:00:00,2025-05-18,0.3223,faible,modérée,1.0.0,observee,0
3929,2025-05-17T06:00:00,2025-05-19,0.4796,modéré,faible,1.0.0,proxy_saisonnier,0
3930,2025-05-18T06:00:00,2025-05-19,0.0631,faible,haute,1.0.0,observee,0
3931,2025-05-18T06:00:00,2025-05-20,0.4796,modéré,faible,1.0.0,proxy_saisonnier,1
3932,2025-05-19T06:00:00,2025-05-20,0.2965,faible,modérée,1.0.0,observee,1
3933,2025-05-19T06:00:00,2025-05-21,0.4796,modéré,faible,1.0.0,proxy_saisonnier,1
3934,2025-05-20T06:00:00,2025-05-21,0.2959,faible,modérée,1.0.0,observee,1
3935,2025-05-20T06:00:00,2025-05-22,0.4796,modéré,faible,1.0.0,proxy_saisonnier,0
3936,2025-05-21T06:00:00,2025-05-22,0.5031,modéré,faible,1.0.0,observee,0
3937,2025-05-21T06:00:00,2025-05-23,0.4796,modéré,faible,1.0.0,proxy_saisonnier,1
3938,2025-05-22T06:00:00,2025-05-23,0.48,modéré,faible,1.0.0,observee,1
3939,2025-05-22T06:00:00,2025-05-24,0.4796,modéré,faible,1.0.0,proxy_saisonnier,1
3940,2025-05-23T06:00:00,2025-05-24,0.1004,faible,haute,1.0.0,observee,1
3941,2025-05-23T06:00:00,2025-05-25,0.4796,modéré,faible,1.0.0,proxy_saisonnier,0
3942,2025-05-24T06:00:00,2025-05-25,0.3761,modéré,faible,1.0.0,observee,0
3943,2025-05-24T06:00:00,2025-05-26,0.4796,modéré,faible,1.0.0,proxy_saisonnier,0
3944,2025-05-25T06:00:00,2025-05-26,0.5375,modéré,faible,1.0.0,observee,0
3945,2025-05-25T06:00:00,2025-05-27,0.4796,modéré,faible,1.0.0,proxy_saisonnier,1
3946,2025-05-26T06:00:00,2025-05-27,0.3081,faible,modérée,1.0.0,observee,1
3947,2025-05-26T06:00:00,2025-05-28,0.4796,modéré,faible,1.0.0,proxy_saisonnier,0
3948,2025-05-27T06:00:00,2025-05-28,0.3836,modéré,faible,1.0.0,observee,0
3949,2025-05-27T06:00:00,2025-05-29,0.4796,modéré,faible,1.0.0,proxy_saisonnier,0
3950,2025-05-28T06:00:00,2025-05-29,0.364,modéré,faible,1.0.0,observee,0
3951,2025-05-28T06:00:00,2025-05-30,0.4796,modéré,faible,1.0.0,proxy_saisonnier,1
3952,2025-05-29T06:00:00,2025-05-30,0.2114,faible,modérée,1.0.0,observee,1
3953,2025-05-29T06:00:00,2025-05-31,0.4796,modéré,faible,1.0.0,proxy_saisonnier,1
3954,2025-05-30T06:00:00,2025-05-31,0.0451,faible,haute,1.0.0,observee,1
3955,2025-05-30T06:00:00,2025-06-01,0.5901,modéré,faible,1.0.0,proxy_saisonnier,1
3956,2025-05-31T06:00:00,2025-06-01,0.5285,modéré,faible,1.0.0,observee,1
3957,2025-05-31T06:00:00,2025-06-02,0.5901,modéré,faible,1.0.0,proxy_saisonnier,0
3958,2025-06-01T06:00:00,2025-06-02,0.5779,modéré,faible,1.0.0,observee,0
3959,2025-06-01T06:00:00,2025-06-03,0.5901,modéré,faible,1.0.0,proxy_saisonnier,1
3960,2025-06-02T06:00:00,2025-06-03,0.2831,faible,modérée,1.0.0,observee,1
3961,2025-06-02T06:00:00,2025-06-04,0.5901,modéré,faible,1.0.0,proxy_saisonnier,1
3962,2025-06-03T06:00:00,2025-06-04,0.4171,modéré,faible,1.0.0,observee,1
3963,2025-06-03T06:00:00,2025-06-05,0.5901,modéré,faible,1.0.0,proxy_saisonnier,1
3964,2025-06-04T06:00:00,2025-06-05,0.6685,élevé,modérée,1.0.0,observee,1
3965,2025-06-04T06:00:00,2025-06-06,0.5901,modéré,faible,1.0.0,proxy_saisonnier,1
3966,2025-06-05T06:00:00,2025-06-06,0.7623,élevé,modérée,1.0.0,observee,1
3967,2025-06-05T06:00:00,2025-06-07,0.5901,modéré,faible,1.0.0,proxy_saisonnier,1
3968,2025-06-06T06:00:00,2025-06-07,0.775,élevé,modérée,1.0.0,observee,1
3969,2025-06-06T06:00:00,2025-06-08,0.5901,modéré,faible,1.0.0,proxy_saisonnier,0
3970,2025-06-07T06:00:00,2025-06-08,0.6648,élevé,modérée,1.0.0,observee,0
3971,2025-06-07T06:00:00,2025-06-09,0.5901,modéré,faible,1.0.0,proxy_saisonnier,0
3972,2025-06-08T06:00:00,2025-06-09,0.3093,faible,modérée,1.0.0,observee,0
3973,2025-06-08T06:00:00,2025-06-10,0.5901,modéré,faible,1.0.0,proxy_saisonnier,0
3974,2025-06-09T06:00:00,2025-06-10,0.0444,faible,haute,1.0.0,observee,0
3975,2025-06-09T06:00:00,2025-06-11,0.5901,modéré,faible,1.0.0,proxy_saisonnier,0
3976,2025-06-10T06:00:00,2025-06-11,0.4017,modéré,faible,1.0.0,observee,0
3977,2025-06-10T06:00:00,2025-06-12,0.5901,modéré,faible,1.0.0,proxy_saisonnier,1
3978,2025-06-11T06:00:00,2025-06-12,0.1149,faible,haute,1.0.0,observee,1
3979,2025-06-11T06:00:00,2025-06-13,0.5901,modéré,faible,1.0.0,proxy_saisonnier,1
3980,2025-06-12T06:00:00,2025-06-13,0.7863,élevé,modérée,1.0.0,observee,1
3981,2025-06-12T06:00:00,2025-06-14,0.5901,modéré,faible,1.0.0,proxy_saisonnier,0
3982,2025-06-13T06:00:00,2025-06-14,0.3819,modéré,faible,1.0.0,observee,0
3983,2025-06-13T06:00:00,2025-06-15,0.5901,modéré,faible,1.0.0,proxy_saisonnier,0
3984,2025-06-14T06:00:00,2025-06-15,0.5334,modéré,faible,1.0.0,observee,0
3985,2025-06-14T06:00:00,2025-06-16,0.5901,modéré,faible,1.0.0,proxy_saisonnier,0
3986,2025-06-15T06:00:00,2025-06-16,0.2981,faible,modérée,1.0.0,observee,0
3987,2025-06-15T06:00:00,2025-06-17,0.5901,modéré,faible,1.0.0,proxy_saisonnier,0
3988,2025-06-16T06:00:00,2025-06-17,0.0282,faible,haute,1.0.0,observee,0
3989,2025-06-16T06:00:00,2025-06-18,0.5901,modéré,faible,1.0.0,proxy_saisonnier,0
3990,2025-06-17T06:00:00,2025-06-18,0.0061,faible,haute,1.0.0,observee,0
3991,2025-06-17T06:00:00,2025-06-19,0.5901,modéré,faible,1.0.0,proxy_saisonnier,0
3992,2025-06-18T06:00:00,2025-06-19,0.0147,faible,haute,1.0.0,observee,0
3993,2025-06-18T06:00:00,2025-06-20,0.5901,modéré,faible,1.0.0,proxy_saisonnier,0
3994,2025-06-19T06:00:00,2025-06-20,0.1165,faible,haute,1.0.0,observee,0
3995,2025-06-19T06:00:00,2025-06-21,0.5901,modéré,faible,1.0.0,proxy_saisonnier,0
3996,2025-06-20T06:00:00,2025-06-21,0.2977,faible,modérée,1.0.0,observee,0
3997,2025-06-20T06:00:00,2025-06-22,0.5901,modéré,faible,1.0.0,proxy_saisonnier,0
3998,2025-06-21T06:00:00,2025-06-22,0.2058,faible,modérée,1.0.0,observee,0
3999,2025-06-21T06:00:00,2025-06-23,0.5901,modéré,faible,1.0.0,proxy_saisonnier,0
4000,2025-06-22T06:00:00,2025-06-23,0.5316,modéré,faible,1.0.0,observee,0
4001,2025-06-22T06:00:00,2025-06-24,0.5901,modéré,faible,1.0.0,proxy_saisonnier,1
4002,2025-06-23T06:00:00,2025-06-24,0.3372,faible,modérée,1.0.0,observee,1
4003,2025-06-23T06:00:00,2025-06-25,0.5901,modéré,faible,1.0.0,proxy_saisonnier,1
4004,2025-06-24T06:00:00,2025-06-25,0.1064,faible,haute,1.0.0,observee,1
4005,2025-06-24T06:00:00,2025-06-26,0.5901,modéré,faible,1.0.0,proxy_saisonnier,0
4006,2025-06-25T06:00:00,2025-06-26,0.7829,élevé,modérée,1.0.0,observee,0
4007,2025-06-25T06:00:00,2025-06-27,0.5901,modéré,faible,1.0.0,proxy_saisonnier,0
4008,2025-06-26T06:00:00,2025-06-27,0.5972,modéré,faible,1.0.0,observee,0
4009,2025-06-26T06:00:00,2025-06-28,0.5901,modéré,faible,1.0.0,proxy_saisonnier,0
4010,2025-06-27T06:00:00,2025-06-28,0.3441,faible,modérée,1.0.0,observee,0
4011,2025-06-27T06:00:00,2025-06-29,0.5901,modéré,faible,1.0.0,proxy_saisonnier,0
4012,2025-06-28T06:00:00,2025-06-29,0.1879,faible,haute,1.0.0,observee,0
4013,2025-06-28T06:00:00,2025-06-30,0.5901,modéré,faible,1.0.0,proxy_saisonnier,0
4014,2025-06-29T06:00:00,2025-06-30,0.1074,faible,haute,1.0.0,observee,0
4015,2025-06-29T06:00:00,2025-07-01,0.437,modéré,faible,1.0.0,proxy_saisonnier,1
4016,2025-06-30T06:00:00,2025-07-01,0.2383,faible,modérée,1.0.0,observee,1
4017,2025-06-30T06:00:00,2025-07-02,0.437,modéré,faible,1.0.0,proxy_saisonnier,0
4018,2025-07-01T06:00:00,2025-07-02,0.6962,élevé,modérée,1.0.0,observee,0
4019,2025-07-01T06:00:00,2025-07-03,0.437,modéré,faible,1.0.0,proxy_saisonnier,0
4020,2025-07-02T06:00:00,2025-07-03,0.5869,modéré,faible,1.0.0,observee,0
4021,2025-07-02T06:00:00,2025-07-04,0.437,modéré,faible,1.0.0,proxy_saisonnier,0
4022,2025-07-03T06:00:00,2025-07-04,0.0547,faible,haute,1.0.0,observee,0
4023,2025-07-03T06:00:00,2025-07-05,0.437,modéré,faible,1.0.0,proxy_saisonnier,1
4024,2025-07-04T06:00:00,2025-07-05,0.0253,faible,haute,1.0.0,observee,1
4025,2025-07-04T06:00:00,2025-07-06,0.437,modéré,faible,1.0.0,proxy_saisonnier,1
4026,2025-07-05T06:00:00,2025-07-06,0.3418,faible,modérée,1.0.0,observee,1
4027,2025-07-05T06:00:00,2025-07-07,0.437,modéré,faible,1.0.0,proxy_saisonnier,1
4028,2025-07-06T06:00:00,2025-07-07,0.7008,élevé,modérée,1.0.0,observee,1
4029,2025-07-06T06:00:00,2025-07-08,0.437,modéré,faible,1.0.0,proxy_saisonnier,0
4030,2025-07-07T06:00:00,2025-07-08,0.6642,élevé,modérée,1.0.0,observee,0
4031,2025-07-07T06:00:00,2025-07-09,0.437,modéré,faible,1.0.0,proxy_saisonnier,0
4032,2025-07-08T06:00:00,2025-07-09,0.3454,faible,modérée,1.0.0,observee,0
4033,2025-07-08T06:00:00,2025-07-10,0.437,modéré,faible,1.0.0,proxy_saisonnier,0
4034,2025-07-09T06:00:00,2025-07-10,0.1031,faible,haute,1.0.0,observee,0
4035,2025-07-09T06:00:00,2025-07-11,0.437,modéré,faible,1.0.0,proxy_saisonnier,0
4036,2025-07-10T06:00:00,2025-07-11,0.0205,faible,haute,1.0.0,observee,0
4037,2025-07-10T06:00:00,2025-07-12,0.437,modéré,faible,1.0.0,proxy_saisonnier,0
4038,2025-07-11T06:00:00,2025-07-12,0.1055,faible,haute,1.0.0,observee,0
4039,2025-07-11T06:00:00,2025-07-13,0.437,modéré,faible,1.0.0,proxy_saisonnier,1
4040,2025-07-12T06:00:00,2025-07-13,0.4902,modéré,faible,1.0.0,observee,1
4041,2025-07-12T06:00:00,2025-07-14,0.437,modéré,faible,1.0.0,proxy_saisonnier,1
4042,2025-07-13T06:00:00,2025-07-14,0.7565,élevé,modérée,1.0.0,observee,1
4043,2025-07-13T06:00:00,2025-07-15,0.437,modéré,faible,1.0.0,proxy_saisonnier,1
4044,2025-07-14T06:00:00,2025-07-15,0.4084,modéré,faible,1.0.0,observee,1
4045,2025-07-14T06:00:00,2025-07-16,0.437,modéré,faible,1.0.0,proxy_saisonnier,0
4046,2025-07-15T06:00:00,2025-07-16,0.1776,faible,haute,1.0.0,observee,0
4047,2025-07-15T06:00:00,2025-07-17,0.437,modéré,faible,1.0.0,proxy_saisonnier,0
4048,2025-07-16T06:00:00,2025-07-17,0.2944,faible,modérée,1.0.0,observee,0
4049,2025-07-16T06:00:00,2025-07-18,0.437,modéré,faible,1.0.0,proxy_saisonnier,1
4050,2025-07-17T06:00:00,2025-07-18,0.5409,modéré,faible,1.0.0,observee,1
4051,2025-07-17T06:00:00,2025-07-19,0.437,modéré,faible,1.0.0,proxy_saisonnier,1
4052,2025-07-18T06:00:00,2025-07-19,0.6726,élevé,modérée,1.0.0,observee,1
4053,2025-07-18T06:00:00,2025-07-20,0.437,modéré,faible,1.0.0,proxy_saisonnier,1
4054,2025-07-19T06:00:00,2025-07-20,0.6111,élevé,faible,1.0.0,observee,1
4055,2025-07-19T06:00:00,2025-07-21,0.437,modéré,faible,1.0.0,proxy_saisonnier,0
4056,2025-07-20T06:00:00,2025-07-21,0.7839,élevé,modérée,1.0.0,observee,0
4057,2025-07-20T06:00:00,2025-07-22,0.437,modéré,faible,1.0.0,proxy_saisonnier,1
4058,2025-07-21T06:00:00,2025-07-22,0.7264,élevé,modérée,1.0.0,observee,1
4059,2025-07-21T06:00:00,2025-07-23,0.437,modéré,faible,1.0.0,proxy_saisonnier,1
4060,2025-07-22T06:00:00,2025-07-23,0.4603,modéré,faible,1.0.0,observee,1
4061,2025-07-22T06:00:00,2025-07-24,0.437,modéré,faible,1.0.0,proxy_saisonnier,1
4062,2025-07-23T06:00:00,2025-07-24,0.7813,élevé,modérée,1.0.0,observee,1
4063,2025-07-23T06:00:00,2025-07-25,0.437,modéré,faible,1.0.0,proxy_saisonnier,0
4064,2025-07-24T06:00:00,2025-07-25,0.7583,élevé,modérée,1.0.0,observee,0
4065,2025-07-24T06:00:00,2025-07-26,0.437,modéré,faible,1.0.0,proxy_saisonnier,1
4066,2025-07-25T06:00:00,2025-07-26,0.405,modéré,faible,1.0.0,observee,1
4067,2025-07-25T06:00:00,2025-07-27,0.437,modéré,faible,1.0.0,proxy_saisonnier,1
4068,2025-07-26T06:00:00,2025-07-27,0.2632,faible,modérée,1.0.0,observee,1
4069,2025-07-26T06:00:00,2025-07-28,0.437,modéré,faible,1.0.0,proxy_saisonnier,1
4070,2025-07-27T06:00:00,2025-07-28,0.3175,faible,modérée,1.0.0,observee,1
4071,2025-07-27T06:00:00,2025-07-29,0.437,modéré,faible,1.0.0,proxy_saisonnier,1
4072,2025-07-28T06:00:00,2025-07-29,0.1489,faible,haute,1.0.0,observee,1
4073,2025-07-28T06:00:00,2025-07-30,0.437,modéré,faible,1.0.0,proxy_saisonnier,1
4074,2025-07-29T06:00:00,2025-07-30,0.2784,faible,modérée,1.0.0,observee,1
4075,2025-07-29T06:00:00,2025-07-31,0.437,modéré,faible,1.0.0,proxy_saisonnier,1
4076,2025-07-30T06:00:00,2025-07-31,0.3993,modéré,faible,1.0.0,observee,1
4077,2025-07-30T06:00:00,2025-08-01,0.4705,modéré,faible,1.0.0,proxy_saisonnier,0
4078,2025-07-31T06:00:00,2025-08-01,0.3825,modéré,faible,1.0.0,observee,0
4079,2025-07-31T06:00:00,2025-08-02,0.4705,modéré,faible,1.0.0,proxy_saisonnier,0
4080,2025-08-01T06:00:00,2025-08-02,0.6914,élevé,modérée,1.0.0,observee,0
4081,2025-08-01T06:00:00,2025-08-03,0.4705,modéré,faible,1.0.0,proxy_saisonnier,0
4082,2025-08-02T06:00:00,2025-08-03,0.4265,modéré,faible,1.0.0,observee,0
4083,2025-08-02T06:00:00,2025-08-04,0.4705,modéré,faible,1.0.0,proxy_saisonnier,1
4084,2025-08-03T06:00:00,2025-08-04,0.2542,faible,modérée,1.0.0,observee,1
4085,2025-08-03T06:00:00,2025-08-05,0.4705,modéré,faible,1.0.0,proxy_saisonnier,0
4086,2025-08-04T06:00:00,2025-08-05,0.3957,modéré,faible,1.0.0,observee,0
4087,2025-08-04T06:00:00,2025-08-06,0.4705,modéré,faible,1.0.0,proxy_saisonnier,0
4088,2025-08-05T06:00:00,2025-08-06,0.0692,faible,haute,1.0.0,observee,0
4089,2025-08-05T06:00:00,2025-08-07,0.4705,modéré,faible,1.0.0,proxy_saisonnier,0
4090,2025-08-06T06:00:00,2025-08-07,0.1949,faible,haute,1.0.0,observee,0
4091,2025-08-06T06:00:00,2025-08-08,0.4705,modéré,faible,1.0.0,proxy_saisonnier,0
4092,2025-08-07T06:00:00,2025-08-08,0.0517,faible,haute,1.0.0,observee,0
4093,2025-08-07T06:00:00,2025-08-09,0.4705,modéré,faible,1.0.0,proxy_saisonnier,0
4094,2025-08-08T06:00:00,2025-08-09,0.1693,faible,haute,1.0.0,observee,0
4095,2025-08-08T06:00:00,2025-08-10,0.4705,modéré,faible,1.0.0,proxy_saisonnier,0
4096,2025-08-09T06:00:00,2025-08-10,0.0185,faible,haute,1.0.0,observee,0
4097,2025-08-09T06:00:00,2025-08-11,0.4705,modéré,faible,1.0.0,proxy_saisonnier,0
4098,2025-08-10T06:00:00,2025-08-11,0.0412,faible,haute,1.0.0,observee,0
4099,2025-08-10T06:00:00,2025-08-12,0.4705,modéré,faible,1.0.0,proxy_saisonnier,1
4100,2025-08-11T06:00:00,2025-08-12,0.0524,faible,haute,1.0.0,observee,1
4101,2025-08-11T06:00:00,2025-08-13,0.4705,modéré,faible,1.0.0,proxy_saisonnier,0
4102,2025-08-12T06:00:00,2025-08-13,0.646,élevé,faible,1.0.0,observee,0
4103,2025-08-12T06:00:00,2025-08-14,0.4705,modéré,faible,1.0.0,proxy_saisonnier,0
4104,2025-08-13T06:00:00,2025-08-14,0.611,élevé,faible,1.0.0,observee,0
4105,2025-08-13T06:00:00,2025-08-15,0.4705,modéré,faible,1.0.0,proxy_saisonnier,0
4106,2025-08-14T06:00:00,2025-08-15,0.2927,faible,modérée,1.0.0,observee,0
4107,2025-08-14T06:00:00,2025-08-16,0.4705,modéré,faible,1.0.0,proxy_saisonnier,0
4108,2025-08-15T06:00:00,2025-08-16,0.0354,faible,haute,1.0.0,observee,0
4109,2025-08-15T06:00:00,2025-08-17,0.4705,modéré,faible,1.0.0,proxy_saisonnier,0
4110,2025-08-16T06:00:00,2025-08-17,0.1213,faible,haute,1.0.0,observee,0
4111,2025-08-16T06:00:00,2025-08-18,0.4705,modéré,faible,1.0.0,proxy_saisonnier,0
4112,2025-08-17T06:00:00,2025-08-18,0.0486,faible,haute,1.0.0,observee,0
4113,2025-08-17T06:00:00,2025-08-19,0.4705,modéré,faible,1.0.0,proxy_saisonnier,1
4114,2025-08-18T06:00:00,2025-08-19,0.0581,faible,haute,1.0.0,observee,1
4115,2025-08-18T06:00:00,2025-08-20,0.4705,modéré,faible,1.0.0,proxy_saisonnier,1
4116,2025-08-19T06:00:00,2025-08-20,0.633,élevé,faible,1.0.0,observee,1
4117,2025-08-19T06:00:00,2025-08-21,0.4705,modéré,faible,1.0.0,proxy_saisonnier,0
4118,2025-08-20T06:00:00,2025-08-21,0.7999,élevé,modérée,1.0.0,observee,0
4119,2025-08-20T06:00:00,2025-08-22,0.4705,modéré,faible,1.0.0,proxy_saisonnier,0
4120,2025-08-21T06:00:00,2025-08-22,0.6358,élevé,faible,1.0.0,observee,0
4121,2025-08-21T06:00:00,2025-08-23,0.4705,modéré,faible,1.0.0,proxy_saisonnier,0
4122,2025-08-22T06:00:00,2025-08-23,0.0896,faible,haute,1.0.0,observee,0
4123,2025-08-22T06:00:00,2025-08-24,0.4705,modéré,faible,1.0.0,proxy_saisonnier,0
4124,2025-08-23T06:00:00,2025-08-24,0.1961,faible,haute,1.0.0,observee,0
4125,2025-08-23T06:00:00,2025-08-25,0.4705,modéré,faible,1.0.0,proxy_saisonnier,0
4126,2025-08-24T06:00:00,2025-08-25,0.0554,faible,haute,1.0.0,observee,0
4127,2025-08-24T06:00:00,2025-08-26,0.4705,modéré,faible,1.0.0,proxy_saisonnier,0
4128,2025-08-25T06:00:00,2025-08-26,0.1175,faible,haute,1.0.0,observee,0
4129,2025-08-25T06:00:00,2025-08-27,0.4705,modéré,faible,1.0.0,proxy_saisonnier,0
4130,2025-08-26T06:00:00,2025-08-27,0.7664,élevé,modérée,1.0.0,observee,0
4131,2025-08-26T06:00:00,2025-08-28,0.4705,modéré,faible,1.0.0,proxy_saisonnier,1
4132,2025-08-27T06:00:00,2025-08-28,0.7257,élevé,modérée,1.0.0,observee,1
4133,2025-08-27T06:00:00,2025-08-29,0.4705,modéré,faible,1.0.0,proxy_saisonnier,0
4134,2025-08-28T06:00:00,2025-08-29,0.6912,élevé,modérée,1.0.0,observee,0
4135,2025-08-28T06:00:00,2025-08-30,0.4705,modéré,faible,1.0.0,proxy_saisonnier,1
4136,2025-08-29T06:00:00,2025-08-30,0.6731,élevé,modérée,1.0.0,observee,1
4137,2025-08-29T06:00:00,2025-08-31,0.4705,modéré,faible,1.0.0,proxy_saisonnier,1
4138,2025-08-30T06:00:00,2025-08-31,0.7774,élevé,modérée,1.0.0,observee,1
4139,2025-08-30T06:00:00,2025-09-01,0.6113,élevé,faible,1.0.0,proxy_saisonnier,1
4140,2025-08-31T06:00:00,2025-09-01,0.8746,élevé,haute,1.0.0,observee,1
4141,2025-08-31T06:00:00,2025-09-02,0.6113,élevé,faible,1.0.0,proxy_saisonnier,0
4142,2025-09-01T06:00:00,2025-09-02,0.8069,élevé,haute,1.0.0,observee,0
4143,2025-09-01T06:00:00,2025-09-03,0.6113,élevé,faible,1.0.0,proxy_saisonnier,1
4144,2025-09-02T06:00:00,2025-09-03,0.6888,élevé,modérée,1.0.0,observee,1
4145,2025-09-02T06:00:00,2025-09-04,0.6113,élevé,faible,1.0.0,proxy_saisonnier,1
4146,2025-09-03T06:00:00,2025-09-04,0.8478,élevé,haute,1.0.0,observee,1
4147,2025-09-03T06:00:00,2025-09-05,0.6113,élevé,faible,1.0.0,proxy_saisonnier,0
4148,2025-09-04T06:00:00,2025-09-05,0.6264,élevé,faible,1.0.0,observee,0
4149,2025-09-04T06:00:00,2025-09-06,0.6113,élevé,faible,1.0.0,proxy_saisonnier,0
4150,2025-09-05T06:00:00,2025-09-06,0.1724,faible,haute,1.0.0,observee,0
4151,2025-09-05T06:00:00,2025-09-07,0.6113,élevé,faible,1.0.0,proxy_saisonnier,0
4152,2025-09-06T06:00:00,2025-09-07,0.255,faible,modérée,1.0.0,observee,0
4153,2025-09-06T06:00:00,2025-09-08,0.6113,élevé,faible,1.0.0,proxy_saisonnier,0
4154,2025-09-07T06:00:00,2025-09-08,0.724,élevé,modérée,1.0.0,observee,0
4155,2025-09-07T06:00:00,2025-09-09,0.6113,élevé,faible,1.0.0,proxy_saisonnier,1
4156,2025-09-08T06:00:00,2025-09-09,0.3453,faible,modérée,1.0.0,observee,1
4157,2025-09-08T06:00:00,2025-09-10,0.6113,élevé,faible,1.0.0,proxy_saisonnier,1
4158,2025-09-09T06:00:00,2025-09-10,0.4295,modéré,faible,1.0.0,observee,1
4159,2025-09-09T06:00:00,2025-09-11,0.6113,élevé,faible,1.0.0,proxy_saisonnier,0
4160,2025-09-10T06:00:00,2025-09-11,0.7607,élevé,modérée,1.0.0,observee,0
4161,2025-09-10T06:00:00,2025-09-12,0.6113,élevé,faible,1.0.0,proxy_saisonnier,1
4162,2025-09-11T06:00:00,2025-09-12,0.7528,élevé,modérée,1.0.0,observee,1
4163,2025-09-11T06:00:00,2025-09-13,0.6113,élevé,faible,1.0.0,proxy_saisonnier,0
4164,2025-09-12T06:00:00,2025-09-13,0.3659,modéré,faible,1.0.0,observee,0
4165,2025-09-12T06:00:00,2025-09-14,0.6113,élevé,faible,1.0.0,proxy_saisonnier,1
4166,2025-09-13T06:00:00,2025-09-14,0.6891,élevé,modérée,1.0.0,observee,1
4167,2025-09-13T06:00:00,2025-09-15,0.6113,élevé,faible,1.0.0,proxy_saisonnier,0
4168,2025-09-14T06:00:00,2025-09-15,0.7558,élevé,modérée,1.0.0,observee,0
4169,2025-09-14T06:00:00,2025-09-16,0.6113,élevé,faible,1.0.0,proxy_saisonnier,0
4170,2025-09-15T06:00:00,2025-09-16,0.4102,modéré,faible,1.0.0,observee,0
4171,2025-09-15T06:00:00,2025-09-17,0.6113,élevé,faible,1.0.0,proxy_saisonnier,0
4172,2025-09-16T06:00:00,2025-09-17,0.3799,modéré,faible,1.0.0,observee,0
4173,2025-09-16T06:00:00,2025-09-18,0.6113,élevé,faible,1.0.0,proxy_saisonnier,0
4174,2025-09-17T06:00:00,2025-09-18,0.2425,faible,modérée,1.0.0,observee,0
4175,2025-09-17T06:00:00,2025-09-19,0.6113,élevé,faible,1.0.0,proxy_saisonnier,1
4176,2025-09-18T06:00:00,2025-09-19,0.1281,faible,haute,1.0.0,observee,1
4177,2025-09-18T06:00:00,2025-09-20,0.6113,élevé,faible,1.0.0,proxy_saisonnier,0
4178,2025-09-19T06:00:00,2025-09-20,0.1098,faible,haute,1.0.0,observee,0
4179,2025-09-19T06:00:00,2025-09-21,0.6113,élevé,faible,1.0.0,proxy_saisonnier,1
4180,2025-09-20T06:00:00,2025-09-21,0.5494,modéré,faible,1.0.0,observee,1
4181,2025-09-20T06:00:00,2025-09-22,0.6113,élevé,faible,1.0.0,proxy_saisonnier,1
4182,2025-09-21T06:00:00,2025-09-22,0.506,modéré,faible,1.0.0,observee,1
4183,2025-09-21T06:00:00,2025-09-23,0.6113,élevé,faible,1.0.0,proxy_saisonnier,1
4184,2025-09-22T06:00:00,2025-09-23,0.3719,modéré,faible,1.0.0,observee,1
4185,2025-09-22T06:00:00,2025-09-24,0.6113,élevé,faible,1.0.0,proxy_saisonnier,1
4186,2025-09-23T06:00:00,2025-09-24,0.3653,modéré,faible,1.0.0,observee,1
4187,2025-09-23T06:00:00,2025-09-25,0.6113,élevé,faible,1.0.0,proxy_saisonnier,1
4188,2025-09-24T06:00:00,2025-09-25,0.4575,modéré,faible,1.0.0,observee,1
4189,2025-09-24T06:00:00,2025-09-26,0.6113,élevé,faible,1.0.0,proxy_saisonnier,1
4190,2025-09-25T06:00:00,2025-09-26,0.348,faible,modérée,1.0.0,observee,1
4191,2025-09-25T06:00:00,2025-09-27,0.6113,élevé,faible,1.0.0,proxy_saisonnier,0
4192,2025-09-26T06:00:00,2025-09-27,0.3112,faible,modérée,1.0.0,observee,0
4193,2025-09-26T06:00:00,2025-09-28,0.6113,élevé,faible,1.0.0,proxy_saisonnier,0
4194,2025-09-27T06:00:00,2025-09-28,0.347,faible,modérée,1.0.0,observee,0
4195,2025-09-27T06:00:00,2025-09-29,0.6113,élevé,faible,1.0.0,proxy_saisonnier,0
4196,2025-09-28T06:00:00,2025-09-29,0.3606,modéré,faible,1.0.0,observee,0
4197,2025-09-28T06:00:00,2025-09-30,0.6113,élevé,faible,1.0.0,proxy_saisonnier,0
4198,2025-09-29T06:00:00,2025-09-30,0.2151,faible,modérée,1.0.0,observee,0
4199,2025-09-29T06:00:00,2025-10-01,0.6772,élevé,faible,1.0.0,proxy_saisonnier,0
4200,2025-09-30T06:00:00,2025-10-01,0.045,faible,haute,1.0.0,observee,0
4201,2025-09-30T06:00:00,2025-10-02,0.6772,élevé,faible,1.0.0,proxy_saisonnier,1
4202,2025-10-01T06:00:00,2025-10-02,0.079,faible,haute,1.0.0,observee,1
4203,2025-10-01T06:00:00,2025-10-03,0.6772,élevé,faible,1.0.0,proxy_saisonnier,1
4204,2025-10-02T06:00:00,2025-10-03,0.0711,faible,haute,1.0.0,observee,1
4205,2025-10-02T06:00:00,2025-10-04,0.6772,élevé,faible,1.0.0,proxy_saisonnier,0
4206,2025-10-03T06:00:00,2025-10-04,0.5032,modéré,faible,1.0.0,observee,0
4207,2025-10-03T06:00:00,2025-10-05,0.6772,élevé,faible,1.0.0,proxy_saisonnier,0
4208,2025-10-04T06:00:00,2025-10-05,0.8192,élevé,haute,1.0.0,observee,0
4209,2025-10-04T06:00:00,2025-10-06,0.6772,élevé,faible,1.0.0,proxy_saisonnier,0
4210,2025-10-05T06:00:00,2025-10-06,0.2868,faible,modérée,1.0.0,observee,0
4211,2025-10-05T06:00:00,2025-10-07,0.6772,élevé,faible,1.0.0,proxy_saisonnier,0
4212,2025-10-06T06:00:00,2025-10-07,0.0759,faible,haute,1.0.0,observee,0
4213,2025-10-06T06:00:00,2025-10-08,0.6772,élevé,faible,1.0.0,proxy_saisonnier,0
4214,2025-10-07T06:00:00,2025-10-08,0.126,faible,haute,1.0.0,observee,0
4215,2025-10-07T06:00:00,2025-10-09,0.6772,élevé,faible,1.0.0,proxy_saisonnier,0
4216,2025-10-08T06:00:00,2025-10-09,0.2712,faible,modérée,1.0.0,observee,0
4217,2025-10-08T06:00:00,2025-10-10,0.6772,élevé,faible,1.0.0,proxy_saisonnier,0
4218,2025-10-09T06:00:00,2025-10-10,0.1003,faible,haute,1.0.0,observee,0
4219,2025-10-09T06:00:00,2025-10-11,0.6772,élevé,faible,1.0.0,proxy_saisonnier,0
4220,2025-10-10T06:00:00,2025-10-11,0.0983,faible,haute,1.0.0,observee,0
4221,2025-10-10T06:00:00,2025-10-12,0.6772,élevé,faible,1.0.0,proxy_saisonnier,0
4222,2025-10-11T06:00:00,2025-10-12,0.0436,faible,haute,1.0.0,observee,0
4223,2025-10-11T06:00:00,2025-10-13,0.6772,élevé,faible,1.0.0,proxy_saisonnier,0
4224,2025-10-12T06:00:00,2025-10-13,0.067,faible,haute,1.0.0,observee,0
4225,2025-10-12T06:00:00,2025-10-14,0.6772,élevé,faible,1.0.0,proxy_saisonnier,0
4226,2025-10-13T06:00:00,2025-10-14,0.1405,faible,haute,1.0.0,observee,0
4227,2025-10-13T06:00:00,2025-10-15,0.6772,élevé,faible,1.0.0,proxy_saisonnier,0
4228,2025-10-14T06:00:00,2025-10-15,0.166,faible,haute,1.0.0,observee,0
4229,2025-10-14T06:00:00,2025-10-16,0.6772,élevé,faible,1.0.0,proxy_saisonnier,0
4230,2025-10-15T06:00:00,2025-10-16,0.0804,faible,haute,1.0.0,observee,0
4231,2025-10-15T06:00:00,2025-10-17,0.6772,élevé,faible,1.0.0,proxy_saisonnier,0
4232,2025-10-16T06:00:00,2025-10-17,0.1892,faible,haute,1.0.0,observee,0
4233,2025-10-16T06:00:00,2025-10-18,0.6772,élevé,faible,1.0.0,proxy_saisonnier,1
4234,2025-10-17T06:00:00,2025-10-18,0.1093,faible,haute,1.0.0,observee,1
4235,2025-10-17T06:00:00,2025-10-19,0.6772,élevé,faible,1.0.0,proxy_saisonnier,1
4236,2025-10-18T06:00:00,2025-10-19,0.332,faible,modérée,1.0.0,observee,1
4237,2025-10-18T06:00:00,2025-10-20,0.6772,élevé,faible,1.0.0,proxy_saisonnier,1
4238,2025-10-19T06:00:00,2025-10-20,0.7872,élevé,modérée,1.0.0,observee,1
4239,2025-10-19T06:00:00,2025-10-21,0.6772,élevé,faible,1.0.0,proxy_saisonnier,1
4240,2025-10-20T06:00:00,2025-10-21,0.8791,élevé,haute,1.0.0,observee,1
4241,2025-10-20T06:00:00,2025-10-22,0.6772,élevé,faible,1.0.0,proxy_saisonnier,1
4242,2025-10-21T06:00:00,2025-10-22,0.7246,élevé,modérée,1.0.0,observee,1
4243,2025-10-21T06:00:00,2025-10-23,0.6772,élevé,faible,1.0.0,proxy_saisonnier,1
4244,2025-10-22T06:00:00,2025-10-23,0.9114,élevé,haute,1.0.0,observee,1
4245,2025-10-22T06:00:00,2025-10-24,0.6772,élevé,faible,1.0.0,proxy_saisonnier,0
4246,2025-10-23T06:00:00,2025-10-24,0.9138,élevé,haute,1.0.0,observee,0
4247,2025-10-23T06:00:00,2025-10-25,0.6772,élevé,faible,1.0.0,proxy_saisonnier,0
4248,2025-10-24T06:00:00,2025-10-25,0.6724,élevé,modérée,1.0.0,observee,0
4249,2025-10-24T06:00:00,2025-10-26,0.6772,élevé,faible,1.0.0,proxy_saisonnier,1
4250,2025-10-25T06:00:00,2025-10-26,0.6633,élevé,modérée,1.0.0,observee,1
4251,2025-10-25T06:00:00,2025-10-27,0.6772,élevé,faible,1.0.0,proxy_saisonnier,0
4252,2025-10-26T06:00:00,2025-10-27,0.6642,élevé,modérée,1.0.0,observee,0
4253,2025-10-26T06:00:00,2025-10-28,0.6772,élevé,faible,1.0.0,proxy_saisonnier,1
4254,2025-10-27T06:00:00,2025-10-28,0.7793,élevé,modérée,1.0.0,observee,1
4255,2025-10-27T06:00:00,2025-10-29,0.6772,élevé,faible,1.0.0,proxy_saisonnier,0
4256,2025-10-28T06:00:00,2025-10-29,0.6864,élevé,modérée,1.0.0,observee,0
4257,2025-10-28T06:00:00,2025-10-30,0.6772,élevé,faible,1.0.0,proxy_saisonnier,0
4258,2025-10-29T06:00:00,2025-10-30,0.8255,élevé,haute,1.0.0,observee,0
4259,2025-10-29T06:00:00,2025-10-31,0.6772,élevé,faible,1.0.0,proxy_saisonnier,1
4260,2025-10-30T06:00:00,2025-10-31,0.7125,élevé,modérée,1.0.0,observee,1
4261,2025-10-30T06:00:00,2025-11-01,0.596,modéré,faible,1.0.0,proxy_saisonnier,1
4262,2025-10-31T06:00:00,2025-11-01,0.8039,élevé,haute,1.0.0,observee,1
4263,2025-10-31T06:00:00,2025-11-02,0.596,modéré,faible,1.0.0,proxy_saisonnier,0
4264,2025-11-01T06:00:00,2025-11-02,0.7152,élevé,modérée,1.0.0,observee,0
4265,2025-11-01T06:00:00,2025-11-03,0.596,modéré,faible,1.0.0,proxy_saisonnier,0
4266,2025-11-02T06:00:00,2025-11-03,0.6198,élevé,faible,1.0.0,observee,0
4267,2025-11-02T06:00:00,2025-11-04,0.596,modéré,faible,1.0.0,proxy_saisonnier,0
4268,2025-11-03T06:00:00,2025-11-04,0.5312,modéré,faible,1.0.0,observee,0
4269,2025-11-03T06:00:00,2025-11-05,0.596,modéré,faible,1.0.0,proxy_saisonnier,1
4270,2025-11-04T06:00:00,2025-11-05,0.4648,modéré,faible,1.0.0,observee,1
4271,2025-11-04T06:00:00,2025-11-06,0.596,modéré,faible,1.0.0,proxy_saisonnier,0
4272,2025-11-05T06:00:00,2025-11-06,0.7251,élevé,modérée,1.0.0,observee,0
4273,2025-11-05T06:00:00,2025-11-07,0.596,modéré,faible,1.0.0,proxy_saisonnier,1
4274,2025-11-06T06:00:00,2025-11-07,0.7997,élevé,modérée,1.0.0,observee,1
4275,2025-11-06T06:00:00,2025-11-08,0.596,modéré,faible,1.0.0,proxy_saisonnier,0
4276,2025-11-07T06:00:00,2025-11-08,0.6659,élevé,modérée,1.0.0,observee,0
4277,2025-11-07T06:00:00,2025-11-09,0.596,modéré,faible,1.0.0,proxy_saisonnier,1
4278,2025-11-08T06:00:00,2025-11-09,0.5904,modéré,faible,1.0.0,observee,1
4279,2025-11-08T06:00:00,2025-11-10,0.596,modéré,faible,1.0.0,proxy_saisonnier,0
4280,2025-11-09T06:00:00,2025-11-10,0.3,faible,modérée,1.0.0,observee,0
4281,2025-11-09T06:00:00,2025-11-11,0.596,modéré,faible,1.0.0,proxy_saisonnier,0
4282,2025-11-10T06:00:00,2025-11-11,0.71,élevé,modérée,1.0.0,observee,0
4283,2025-11-10T06:00:00,2025-11-12,0.596,modéré,faible,1.0.0,proxy_saisonnier,0
4284,2025-11-11T06:00:00,2025-11-12,0.8396,élevé,haute,1.0.0,observee,0
4285,2025-11-11T06:00:00,2025-11-13,0.596,modéré,faible,1.0.0,proxy_saisonnier,1
4286,2025-11-12T06:00:00,2025-11-13,0.7685,élevé,modérée,1.0.0,observee,1
4287,2025-11-12T06:00:00,2025-11-14,0.596,modéré,faible,1.0.0,proxy_saisonnier,1
4288,2025-11-13T06:00:00,2025-11-14,0.719,élevé,modérée,1.0.0,observee,1
4289,2025-11-13T06:00:00,2025-11-15,0.596,modéré,faible,1.0.0,proxy_saisonnier,0
4290,2025-11-14T06:00:00,2025-11-15,0.7254,élevé,modérée,1.0.0,observee,0
4291,2025-11-14T06:00:00,2025-11-16,0.596,modéré,faible,1.0.0,proxy_saisonnier,0
4292,2025-11-15T06:00:00,2025-11-16,0.8319,élevé,haute,1.0.0,observee,0
4293,2025-11-15T06:00:00,2025-11-17,0.596,modéré,faible,1.0.0,proxy_saisonnier,0
4294,2025-11-16T06:00:00,2025-11-17,0.8148,élevé,haute,1.0.0,observee,0
4295,2025-11-16T06:00:00,2025-11-18,0.596,modéré,faible,1.0.0,proxy_saisonnier,1
4296,2025-11-17T06:00:00,2025-11-18,0.3467,faible,modérée,1.0.0,observee,1
4297,2025-11-17T06:00:00,2025-11-19,0.596,modéré,faible,1.0.0,proxy_saisonnier,0
4298,2025-11-18T06:00:00,2025-11-19,0.2384,faible,modérée,1.0.0,observee,0
4299,2025-11-18T06:00:00,2025-11-20,0.596,modéré,faible,1.0.0,proxy_saisonnier,0
4300,2025-11-19T06:00:00,2025-11-20,0.6886,élevé,modérée,1.0.0,observee,0
4301,2025-11-19T06:00:00,2025-11-21,0.596,modéré,faible,1.0.0,proxy_saisonnier,0
4302,2025-11-20T06:00:00,2025-11-21,0.5635,modéré,faible,1.0.0,observee,0
4303,2025-11-20T06:00:00,2025-11-22,0.596,modéré,faible,1.0.0,proxy_saisonnier,1
4304,2025-11-21T06:00:00,2025-11-22,0.309,faible,modérée,1.0.0,observee,1
4305,2025-11-21T06:00:00,2025-11-23,0.596,modéré,faible,1.0.0,proxy_saisonnier,1
4306,2025-11-22T06:00:00,2025-11-23,0.2376,faible,modérée,1.0.0,observee,1
4307,2025-11-22T06:00:00,2025-11-24,0.596,modéré,faible,1.0.0,proxy_saisonnier,1
4308,2025-11-23T06:00:00,2025-11-24,0.7202,élevé,modérée,1.0.0,observee,1
4309,2025-11-23T06:00:00,2025-11-25,0.596,modéré,faible,1.0.0,proxy_saisonnier,0
4310,2025-11-24T06:00:00,2025-11-25,0.7864,élevé,modérée,1.0.0,observee,0
4311,2025-11-24T06:00:00,2025-11-26,0.596,modéré,faible,1.0.0,proxy_saisonnier,0
4312,2025-11-25T06:00:00,2025-11-26,0.6426,élevé,faible,1.0.0,observee,0
4313,2025-11-25T06:00:00,2025-11-27,0.596,modéré,faible,1.0.0,proxy_saisonnier,1
4314,2025-11-26T06:00:00,2025-11-27,0.2041,faible,modérée,1.0.0,observee,1
4315,2025-11-26T06:00:00,2025-11-28,0.596,modéré,faible,1.0.0,proxy_saisonnier,1
4316,2025-11-27T06:00:00,2025-11-28,0.4404,modéré,faible,1.0.0,observee,1
4317,2025-11-27T06:00:00,2025-11-29,0.596,modéré,faible,1.0.0,proxy_saisonnier,0
4318,2025-11-28T06:00:00,2025-11-29,0.4757,modéré,faible,1.0.0,observee,0
4319,2025-11-28T06:00:00,2025-11-30,0.596,modéré,faible,1.0.0,proxy_saisonnier,0
4320,2025-11-29T06:00:00,2025-11-30,0.8426,élevé,haute,1.0.0,observee,0
4321,2025-11-29T06:00:00,2025-12-01,0.6332,élevé,faible,1.0.0,proxy_saisonnier,0
4322,2025-11-30T06:00:00,2025-12-01,0.6723,élevé,modérée,1.0.0,observee,0
4323,2025-11-30T06:00:00,2025-12-02,0.6332,élevé,faible,1.0.0,proxy_saisonnier,0
4324,2025-12-01T06:00:00,2025-12-02,0.6941,élevé,modérée,1.0.0,observee,0
4325,2025-12-01T06:00:00,2025-12-03,0.6332,élevé,faible,1.0.0,proxy_saisonnier,1
4326,2025-12-02T06:00:00,2025-12-03,0.7619,élevé,modérée,1.0.0,observee,1
4327,2025-12-02T06:00:00,2025-12-04,0.6332,élevé,faible,1.0.0,proxy_saisonnier,1
4328,2025-12-03T06:00:00,2025-12-04,0.7042,élevé,modérée,1.0.0,observee,1
4329,2025-12-03T06:00:00,2025-12-05,0.6332,élevé,faible,1.0.0,proxy_saisonnier,1
4330,2025-12-04T06:00:00,2025-12-05,0.8111,élevé,haute,1.0.0,observee,1
4331,2025-12-04T06:00:00,2025-12-06,0.6332,élevé,faible,1.0.0,proxy_saisonnier,1
4332,2025-12-05T06:00:00,2025-12-06,0.6886,élevé,modérée,1.0.0,observee,1
4333,2025-12-05T06:00:00,2025-12-07,0.6332,élevé,faible,1.0.0,proxy_saisonnier,1
4334,2025-12-06T06:00:00,2025-12-07,0.9223,élevé,haute,1.0.0,observee,1
4335,2025-12-06T06:00:00,2025-12-08,0.6332,élevé,faible,1.0.0,proxy_saisonnier,0
4336,2025-12-07T06:00:00,2025-12-08,0.8056,élevé,haute,1.0.0,observee,0
4337,2025-12-07T06:00:00,2025-12-09,0.6332,élevé,faible,1.0.0,proxy_saisonnier,0
4338,2025-12-08T06:00:00,2025-12-09,0.8219,élevé,haute,1.0.0,observee,0
4339,2025-12-08T06:00:00,2025-12-10,0.6332,élevé,faible,1.0.0,proxy_saisonnier,0
4340,2025-12-09T06:00:00,2025-12-10,0.7614,élevé,modérée,1.0.0,observee,0
4341,2025-12-09T06:00:00,2025-12-11,0.6332,élevé,faible,1.0.0,proxy_saisonnier,0
4342,2025-12-10T06:00:00,2025-12-11,0.4956,modéré,faible,1.0.0,observee,0
4343,2025-12-10T06:00:00,2025-12-12,0.6332,élevé,faible,1.0.0,proxy_saisonnier,0
4344,2025-12-11T06:00:00,2025-12-12,0.3469,faible,modérée,1.0.0,observee,0
4345,2025-12-11T06:00:00,2025-12-13,0.6332,élevé,faible,1.0.0,proxy_saisonnier,0
4346,2025-12-12T06:00:00,2025-12-13,0.3099,faible,modérée,1.0.0,observee,0
4347,2025-12-12T06:00:00,2025-12-14,0.6332,élevé,faible,1.0.0,proxy_saisonnier,0
4348,2025-12-13T06:00:00,2025-12-14,0.2002,faible,modérée,1.0.0,observee,0
4349,2025-12-13T06:00:00,2025-12-15,0.6332,élevé,faible,1.0.0,proxy_saisonnier,0
4350,2025-12-14T06:00:00,2025-12-15,0.3297,faible,modérée,1.0.0,observee,0
4351,2025-12-14T06:00:00,2025-12-16,0.6332,élevé,faible,1.0.0,proxy_saisonnier,0
4352,2025-12-15T06:00:00,2025-12-16,0.6826,élevé,modérée,1.0.0,observee,0
4353,2025-12-15T06:00:00,2025-12-17,0.6332,élevé,faible,1.0.0,proxy_saisonnier,0
4354,2025-12-16T06:00:00,2025-12-17,0.61,élevé,faible,1.0.0,observee,0
4355,2025-12-16T06:00:00,2025-12-18,0.6332,élevé,faible,1.0.0,proxy_saisonnier,1
4356,2025-12-17T06:00:00,2025-12-18,0.5007,modéré,faible,1.0.0,observee,1
4357,2025-12-17T06:00:00,2025-12-19,0.6332,élevé,faible,1.0.0,proxy_saisonnier,1
4358,2025-12-18T06:00:00,2025-12-19,0.6656,élevé,modérée,1.0.0,observee,1
4359,2025-12-18T06:00:00,2025-12-20,0.6332,élevé,faible,1.0.0,proxy_saisonnier,1
4360,2025-12-19T06:00:00,2025-12-20,0.6094,élevé,faible,1.0.0,observee,1
4361,2025-12-19T06:00:00,2025-12-21,0.6332,élevé,faible,1.0.0,proxy_saisonnier,0
4362,2025-12-20T06:00:00,2025-12-21,0.7315,élevé,modérée,1.0.0,observee,0
4363,2025-12-20T06:00:00,2025-12-22,0.6332,élevé,faible,1.0.0,proxy_saisonnier,0
4364,2025-12-21T06:00:00,2025-12-22,0.8273,élevé,haute,1.0.0,observee,0
4365,2025-12-21T06:00:00,2025-12-23,0.6332,élevé,faible,1.0.0,proxy_saisonnier,0
4366,2025-12-22T06:00:00,2025-12-23,0.8573,élevé,haute,1.0.0,observee,0
4367,2025-12-22T06:00:00,2025-12-24,0.6332,élevé,faible,1.0.0,proxy_saisonnier,0
4368,2025-12-23T06:00:00,2025-12-24,0.8107,élevé,haute,1.0.0,observee,0
4369,2025-12-23T06:00:00,2025-12-25,0.6332,élevé,faible,1.0.0,proxy_saisonnier,0
4370,2025-12-24T06:00:00,2025-12-25,0.6211,élevé,faible,1.0.0,observee,0
4371,2025-12-24T06:00:00,2025-12-26,0.6332,élevé,faible,1.0.0,proxy_saisonnier,0
4372,2025-12-25T06:00:00,2025-12-26,0.2182,faible,modérée,1.0.0,observee,0
4373,2025-12-25T06:00:00,2025-12-27,0.6332,élevé,faible,1.0.0,proxy_saisonnier,0
4374,2025-12-26T06:00:00,2025-12-27,0.1393,faible,haute,1.0.0,observee,0
4375,2025-12-26T06:00:00,2025-12-28,0.6332,élevé,faible,1.0.0,proxy_saisonnier,0
4376,2025-12-27T06:00:00,2025-12-28,0.0909,faible,haute,1.0.0,observee,0
4377,2025-12-27T06:00:00,2025-12-29,0.6332,élevé,faible,1.0.0,proxy_saisonnier,0
4378,2025-12-28T06:00:00,2025-12-29,0.2341,faible,modérée,1.0.0,observee,0
4379,2025-12-28T06:00:00,2025-12-30,0.6332,élevé,faible,1.0.0,proxy_saisonnier,0
4380,2025-12-29T06:00:00,2025-12-30,0.1314,faible,haute,1.0.0,observee,0
4381,2025-12-29T06:00:00,2025-12-31,0.6332,élevé,faible,1.0.0,proxy_saisonnier,0
4382,2025-12-30T06:00:00,2025-12-31,0.0604,faible,haute,1.0.0,observee,0
4383,2025-12-30T06:00:00,2026-01-01,0.6218,élevé,faible,1.0.0,proxy_saisonnier,1
4384,2025-12-31T06:00:00,2026-01-01,0.0685,faible,haute,1.0.0,observee,1
4385,2025-12-31T06:00:00,2026-01-02,0.6218,élevé,faible,1.0.0,proxy_saisonnier,0
4386,2026-01-01T06:00:00,2026-01-02,0.5269,modéré,faible,1.0.0,observee,0
4387,2026-01-01T06:00:00,2026-01-03,0.6218,élevé,faible,1.0.0,proxy_saisonnier,0
4388,2026-01-02T06:00:00,2026-01-03,0.4157,modéré,faible,1.0.0,observee,0
4389,2026-01-02T06:00:00,2026-01-04,0.6218,élevé,faible,1.0.0,proxy_saisonnier,1
4390,2026-01-03T06:00:00,2026-01-04,0.3206,faible,modérée,1.0.0,observee,1
4391,2026-01-03T06:00:00,2026-01-05,0.6218,élevé,faible,1.0.0,proxy_saisonnier,0
4392,2026-01-04T06:00:00,2026-01-05,0.2842,faible,modérée,1.0.0,observee,0
4393,2026-01-04T06:00:00,2026-01-06,0.6218,élevé,faible,1.0.0,proxy_saisonnier,1
4394,2026-01-05T06:00:00,2026-01-06,0.339,faible,modérée,1.0.0,observee,1
4395,2026-01-05T06:00:00,2026-01-07,0.6218,élevé,faible,1.0.0,proxy_saisonnier,1
4396,2026-01-06T06:00:00,2026-01-07,0.2349,faible,modérée,1.0.0,observee,1
4397,2026-01-06T06:00:00,2026-01-08,0.6218,élevé,faible,1.0.0,proxy_saisonnier,1
4398,2026-01-07T06:00:00,2026-01-08,0.4393,modéré,faible,1.0.0,observee,1
4399,2026-01-07T06:00:00,2026-01-09,0.6218,élevé,faible,1.0.0,proxy_saisonnier,1
4400,2026-01-08T06:00:00,2026-01-09,0.8003,élevé,haute,1.0.0,observee,1
4401,2026-01-08T06:00:00,2026-01-10,0.6218,élevé,faible,1.0.0,proxy_saisonnier,0
4402,2026-01-09T06:00:00,2026-01-10,0.8535,élevé,haute,1.0.0,observee,0
4403,2026-01-09T06:00:00,2026-01-11,0.6218,élevé,faible,1.0.0,proxy_saisonnier,1
4404,2026-01-10T06:00:00,2026-01-11,0.5609,modéré,faible,1.0.0,observee,1
4405,2026-01-10T06:00:00,2026-01-12,0.6218,élevé,faible,1.0.0,proxy_saisonnier,1
4406,2026-01-11T06:00:00,2026-01-12,0.5846,modéré,faible,1.0.0,observee,1
4407,2026-01-11T06:00:00,2026-01-13,0.6218,élevé,faible,1.0.0,proxy_saisonnier,1
4408,2026-01-12T06:00:00,2026-01-13,0.6827,élevé,modérée,1.0.0,observee,1
4409,2026-01-12T06:00:00,2026-01-14,0.6218,élevé,faible,1.0.0,proxy_saisonnier,1
4410,2026-01-13T06:00:00,2026-01-14,0.744,élevé,modérée,1.0.0,observee,1
4411,2026-01-13T06:00:00,2026-01-15,0.6218,élevé,faible,1.0.0,proxy_saisonnier,1
4412,2026-01-14T06:00:00,2026-01-15,0.7752,élevé,modérée,1.0.0,observee,1
4413,2026-01-14T06:00:00,2026-01-16,0.6218,élevé,faible,1.0.0,proxy_saisonnier,0
4414,2026-01-15T06:00:00,2026-01-16,0.7873,élevé,modérée,1.0.0,observee,0
4415,2026-01-15T06:00:00,2026-01-17,0.6218,élevé,faible,1.0.0,proxy_saisonnier,0
4416,2026-01-16T06:00:00,2026-01-17,0.8043,élevé,haute,1.0.0,observee,0
4417,2026-01-16T06:00:00,2026-01-18,0.6218,élevé,faible,1.0.0,proxy_saisonnier,0
4418,2026-01-17T06:00:00,2026-01-18,0.6989,élevé,modérée,1.0.0,observee,0
4419,2026-01-17T06:00:00,2026-01-19,0.6218,élevé,faible,1.0.0,proxy_saisonnier,0
4420,2026-01-18T06:00:00,2026-01-19,0.4357,modéré,faible,1.0.0,observee,0
4421,2026-01-18T06:00:00,2026-01-20,0.6218,élevé,faible,1.0.0,proxy_saisonnier,1
4422,2026-01-19T06:00:00,2026-01-20,0.4478,modéré,faible,1.0.0,observee,1
4423,2026-01-19T06:00:00,2026-01-21,0.6218,élevé,faible,1.0.0,proxy_saisonnier,1
4424,2026-01-20T06:00:00,2026-01-21,0.6269,élevé,faible,1.0.0,observee,1
4425,2026-01-20T06:00:00,2026-01-22,0.6218,élevé,faible,1.0.0,proxy_saisonnier,1
4426,2026-01-21T06:00:00,2026-01-22,0.8149,élevé,haute,1.0.0,observee,1
4427,2026-01-21T06:00:00,2026-01-23,0.6218,élevé,faible,1.0.0,proxy_saisonnier,0
4428,2026-01-22T06:00:00,2026-01-23,0.7691,élevé,modérée,1.0.0,observee,0
4429,2026-01-22T06:00:00,2026-01-24,0.6218,élevé,faible,1.0.0,proxy_saisonnier,1
4430,2026-01-23T06:00:00,2026-01-24,0.8245,élevé,haute,1.0.0,observee,1
4431,2026-01-23T06:00:00,2026-01-25,0.6218,élevé,faible,1.0.0,proxy_saisonnier,0
4432,2026-01-24T06:00:00,2026-01-25,0.6902,élevé,modérée,1.0.0,observee,0
4433,2026-01-24T06:00:00,2026-01-26,0.6218,élevé,faible,1.0.0,proxy_saisonnier,1
4434,2026-01-25T06:00:00,2026-01-26,0.7683,élevé,modérée,1.0.0,observee,1
4435,2026-01-25T06:00:00,2026-01-27,0.6218,élevé,faible,1.0.0,proxy_saisonnier,0
4436,2026-01-26T06:00:00,2026-01-27,0.739,élevé,modérée,1.0.0,observee,0
4437,2026-01-26T06:00:00,2026-01-28,0.6218,élevé,faible,1.0.0,proxy_saisonnier,0
4438,2026-01-27T06:00:00,2026-01-28,0.8127,élevé,haute,1.0.0,observee,0
4439,2026-01-27T06:00:00,2026-01-29,0.6218,élevé,faible,1.0.0,proxy_saisonnier,1
4440,2026-01-28T06:00:00,2026-01-29,0.6626,élevé,modérée,1.0.0,observee,1
4441,2026-01-28T06:00:00,2026-01-30,0.6218,élevé,faible,1.0.0,proxy_saisonnier,0
4442,2026-01-29T06:00:00,2026-01-30,0.5056,modéré,faible,1.0.0,observee,0
4443,2026-01-29T06:00:00,2026-01-31,0.6218,élevé,faible,1.0.0,proxy_saisonnier,1
4444,2026-01-30T06:00:00,2026-01-31,0.8009,élevé,haute,1.0.0,observee,1
4445,2026-01-30T06:00:00,2026-02-01,0.5473,modéré,faible,1.0.0,proxy_saisonnier,1
4446,2026-01-31T06:00:00,2026-02-01,0.7711,élevé,modérée,1.0.0,observee,1
4447,2026-01-31T06:00:00,2026-02-02,0.5473,modéré,faible,1.0.0,proxy_saisonnier,1
4448,2026-02-01T06:00:00,2026-02-02,0.7983,élevé,modérée,1.0.0,observee,1
4449,2026-02-01T06:00:00,2026-02-03,0.5473,modéré,faible,1.0.0,proxy_saisonnier,0
4450,2026-02-02T06:00:00,2026-02-03,0.8098,élevé,haute,1.0.0,observee,0
4451,2026-02-02T06:00:00,2026-02-04,0.5473,modéré,faible,1.0.0,proxy_saisonnier,1
4452,2026-02-03T06:00:00,2026-02-04,0.839,élevé,haute,1.0.0,observee,1
4453,2026-02-03T06:00:00,2026-02-05,0.5473,modéré,faible,1.0.0,proxy_saisonnier,1
4454,2026-02-04T06:00:00,2026-02-05,0.7501,élevé,modérée,1.0.0,observee,1
4455,2026-02-04T06:00:00,2026-02-06,0.5473,modéré,faible,1.0.0,proxy_saisonnier,0
4456,2026-02-05T06:00:00,2026-02-06,0.8342,élevé,haute,1.0.0,observee,0
4457,2026-02-05T06:00:00,2026-02-07,0.5473,modéré,faible,1.0.0,proxy_saisonnier,1
4458,2026-02-06T06:00:00,2026-02-07,0.7817,élevé,modérée,1.0.0,observee,1
4459,2026-02-06T06:00:00,2026-02-08,0.5473,modéré,faible,1.0.0,proxy_saisonnier,1
4460,2026-02-07T06:00:00,2026-02-08,0.8178,élevé,haute,1.0.0,observee,1
4461,2026-02-07T06:00:00,2026-02-09,0.5473,modéré,faible,1.0.0,proxy_saisonnier,1
4462,2026-02-08T06:00:00,2026-02-09,0.7436,élevé,modérée,1.0.0,observee,1
4463,2026-02-08T06:00:00,2026-02-10,0.5473,modéré,faible,1.0.0,proxy_saisonnier,1
4464,2026-02-09T06:00:00,2026-02-10,0.8137,élevé,haute,1.0.0,observee,1
4465,2026-02-09T06:00:00,2026-02-11,0.5473,modéré,faible,1.0.0,proxy_saisonnier,1
4466,2026-02-10T06:00:00,2026-02-11,0.8823,élevé,haute,1.0.0,observee,1
4467,2026-02-10T06:00:00,2026-02-12,0.5473,modéré,faible,1.0.0,proxy_saisonnier,1
4468,2026-02-11T06:00:00,2026-02-12,0.9056,élevé,haute,1.0.0,observee,1
4469,2026-02-11T06:00:00,2026-02-13,0.5473,modéré,faible,1.0.0,proxy_saisonnier,1
4470,2026-02-12T06:00:00,2026-02-13,0.8225,élevé,haute,1.0.0,observee,1
4471,2026-02-12T06:00:00,2026-02-14,0.5473,modéré,faible,1.0.0,proxy_saisonnier,1
4472,2026-02-13T06:00:00,2026-02-14,0.7984,élevé,modérée,1.0.0,observee,1
4473,2026-02-13T06:00:00,2026-02-15,0.5473,modéré,faible,1.0.0,proxy_saisonnier,1
4474,2026-02-14T06:00:00,2026-02-15,0.6705,élevé,modérée,1.0.0,observee,1
4475,2026-02-14T06:00:00,2026-02-16,0.5473,modéré,faible,1.0.0,proxy_saisonnier,0
4476,2026-02-15T06:00:00,2026-02-16,0.7549,élevé,modérée,1.0.0,observee,0
4477,2026-02-15T06:00:00,2026-02-17,0.5473,modéré,faible,1.0.0,proxy_saisonnier,1
4478,2026-02-16T06:00:00,2026-02-17,0.6899,élevé,modérée,1.0.0,observee,1
4479,2026-02-16T06:00:00,2026-02-18,0.5473,modéré,faible,1.0.0,proxy_saisonnier,1
4480,2026-02-17T06:00:00,2026-02-18,0.577,modéré,faible,1.0.0,observee,1
4481,2026-02-17T06:00:00,2026-02-19,0.5473,modéré,faible,1.0.0,proxy_saisonnier,0
4482,2026-02-18T06:00:00,2026-02-19,0.7975,élevé,modérée,1.0.0,observee,0
4483,2026-02-18T06:00:00,2026-02-20,0.5473,modéré,faible,1.0.0,proxy_saisonnier,0
4484,2026-02-19T06:00:00,2026-02-20,0.8219,élevé,haute,1.0.0,observee,0
4485,2026-02-19T06:00:00,2026-02-21,0.5473,modéré,faible,1.0.0,proxy_saisonnier,1
4486,2026-02-20T06:00:00,2026-02-21,0.545,modéré,faible,1.0.0,observee,1
4487,2026-02-20T06:00:00,2026-02-22,0.5473,modéré,faible,1.0.0,proxy_saisonnier,0
4488,2026-02-21T06:00:00,2026-02-22,0.4628,modéré,faible,1.0.0,observee,0
4489,2026-02-21T06:00:00,2026-02-23,0.5473,modéré,faible,1.0.0,proxy_saisonnier,0
4490,2026-02-22T06:00:00,2026-02-23,0.4526,modéré,faible,1.0.0,observee,0
4491,2026-02-22T06:00:00,2026-02-24,0.5473,modéré,faible,1.0.0,proxy_saisonnier,0
4492,2026-02-23T06:00:00,2026-02-24,0.6076,élevé,faible,1.0.0,observee,0
4493,2026-02-23T06:00:00,2026-02-25,0.5473,modéré,faible,1.0.0,proxy_saisonnier,0
4494,2026-02-24T06:00:00,2026-02-25,0.5478,modéré,faible,1.0.0,observee,0
4495,2026-02-24T06:00:00,2026-02-26,0.5473,modéré,faible,1.0.0,proxy_saisonnier,1
4496,2026-02-25T06:00:00,2026-02-26,0.4952,modéré,faible,1.0.0,observee,1
4497,2026-02-25T06:00:00,2026-02-27,0.5473,modéré,faible,1.0.0,proxy_saisonnier,0
4498,2026-02-26T06:00:00,2026-02-27,0.3472,faible,modérée,1.0.0,observee,0
4499,2026-02-26T06:00:00,2026-02-28,0.5473,modéré,faible,1.0.0,proxy_saisonnier,0
4500,2026-02-27T06:00:00,2026-02-28,0.5023,modéré,faible,1.0.0,observee,0
4501,2026-02-27T06:00:00,2026-03-01,0.4438,modéré,faible,1.0.0,proxy_saisonnier,0
4502,2026-02-28T06:00:00,2026-03-01,0.3552,modéré,faible,1.0.0,observee,0
4503,2026-02-28T06:00:00,2026-03-02,0.4438,modéré,faible,1.0.0,proxy_saisonnier,0
4504,2026-03-01T06:00:00,2026-03-02,0.3639,modéré,faible,1.0.0,observee,0
4505,2026-03-01T06:00:00,2026-03-03,0.4438,modéré,faible,1.0.0,proxy_saisonnier,0
4506,2026-03-02T06:00:00,2026-03-03,0.1724,faible,haute,1.0.0,observee,0
4507,2026-03-02T06:00:00,2026-03-04,0.4438,modéré,faible,1.0.0,proxy_saisonnier,0
4508,2026-03-03T06:00:00,2026-03-04,0.3593,modéré,faible,1.0.0,observee,0
4509,2026-03-03T06:00:00,2026-03-05,0.4438,modéré,faible,1.0.0,proxy_saisonnier,0
4510,2026-03-04T06:00:00,2026-03-05,0.2084,faible,modérée,1.0.0,observee,0
4511,2026-03-04T06:00:00,2026-03-06,0.4438,modéré,faible,1.0.0,proxy_saisonnier,0
4512,2026-03-05T06:00:00,2026-03-06,0.4217,modéré,faible,1.0.0,observee,0
4513,2026-03-05T06:00:00,2026-03-07,0.4438,modéré,faible,1.0.0,proxy_saisonnier,0
4514,2026-03-06T06:00:00,2026-03-07,0.4744,modéré,faible,1.0.0,observee,0
4515,2026-03-06T06:00:00,2026-03-08,0.4438,modéré,faible,1.0.0,proxy_saisonnier,0
4516,2026-03-07T06:00:00,2026-03-08,0.3582,modéré,faible,1.0.0,observee,0
4517,2026-03-07T06:00:00,2026-03-09,0.4438,modéré,faible,1.0.0,proxy_saisonnier,1
4518,2026-03-08T06:00:00,2026-03-09,0.4438,modéré,faible,1.0.0,observee,1
4519,2026-03-08T06:00:00,2026-03-10,0.4438,modéré,faible,1.0.0,proxy_saisonnier,1
4520,2026-03-09T06:00:00,2026-03-10,0.3423,faible,modérée,1.0.0,observee,1
4521,2026-03-09T06:00:00,2026-03-11,0.4438,modéré,faible,1.0.0,proxy_saisonnier,0
4522,2026-03-10T06:00:00,2026-03-11,0.4828,modéré,faible,1.0.0,observee,0
4523,2026-03-10T06:00:00,2026-03-12,0.4438,modéré,faible,1.0.0,proxy_saisonnier,1
4524,2026-03-11T06:00:00,2026-03-12,0.657,élevé,modérée,1.0.0,observee,1
4525,2026-03-11T06:00:00,2026-03-13,0.4438,modéré,faible,1.0.0,proxy_saisonnier,1
4526,2026-03-12T06:00:00,2026-03-13,0.3886,modéré,faible,1.0.0,observee,1
4527,2026-03-12T06:00:00,2026-03-14,0.4438,modéré,faible,1.0.0,proxy_saisonnier,0
4528,2026-03-13T06:00:00,2026-03-14,0.8755,élevé,haute,1.0.0,observee,0
4529,2026-03-13T06:00:00,2026-03-15,0.4438,modéré,faible,1.0.0,proxy_saisonnier,0
4530,2026-03-14T06:00:00,2026-03-15,0.768,élevé,modérée,1.0.0,observee,0
4531,2026-03-14T06:00:00,2026-03-16,0.4438,modéré,faible,1.0.0,proxy_saisonnier,0
4532,2026-03-15T06:00:00,2026-03-16,0.4526,modéré,faible,1.0.0,observee,0
4533,2026-03-15T06:00:00,2026-03-17,0.4438,modéré,faible,1.0.0,proxy_saisonnier,0
4534,2026-03-16T06:00:00,2026-03-17,0.4899,modéré,faible,1.0.0,observee,0
4535,2026-03-16T06:00:00,2026-03-18,0.4438,modéré,faible,1.0.0,proxy_saisonnier,0
4536,2026-03-17T06:00:00,2026-03-18,0.377,modéré,faible,1.0.0,observee,0
4537,2026-03-17T06:00:00,2026-03-19,0.4438,modéré,faible,1.0.0,proxy_saisonnier,0
4538,2026-03-18T06:00:00,2026-03-19,0.0776,faible,haute,1.0.0,observee,0
4539,2026-03-18T06:00:00,2026-03-20,0.4438,modéré,faible,1.0.0,proxy_saisonnier,0
4540,2026-03-19T06:00:00,2026-03-20,0.0665,faible,haute,1.0.0,observee,0
4541,2026-03-19T06:00:00,2026-03-21,0.4438,modéré,faible,1.0.0,proxy_saisonnier,0
4542,2026-03-20T06:00:00,2026-03-21,0.2002,faible,modérée,1.0.0,observee,0
4543,2026-03-20T06:00:00,2026-03-22,0.4438,modéré,faible,1.0.0,proxy_saisonnier,0
4544,2026-03-21T06:00:00,2026-03-22,0.2824,faible,modérée,1.0.0,observee,0
4545,2026-03-21T06:00:00,2026-03-23,0.4438,modéré,faible,1.0.0,proxy_saisonnier,0
4546,2026-03-22T06:00:00,2026-03-23,0.3715,modéré,faible,1.0.0,observee,0
4547,2026-03-22T06:00:00,2026-03-24,0.4438,modéré,faible,1.0.0,proxy_saisonnier,1
4548,2026-03-23T06:00:00,2026-03-24,0.4761,modéré,faible,1.0.0,observee,1
4549,2026-03-23T06:00:00,2026-03-25,0.4438,modéré,faible,1.0.0,proxy_saisonnier,1
4550,2026-03-24T06:00:00,2026-03-25,0.3536,modéré,faible,1.0.0,observee,1
4551,2026-03-24T06:00:00,2026-03-26,0.4438,modéré,faible,1.0.0,proxy_saisonnier,0
4552,2026-03-25T06:00:00,2026-03-26,0.6759,élevé,modérée,1.0.0,observee,0
4553,2026-03-25T06:00:00,2026-03-27,0.4438,modéré,faible,1.0.0,proxy_saisonnier,1
4554,2026-03-26T06:00:00,2026-03-27,0.1316,faible,haute,1.0.0,observee,1
4555,2026-03-26T06:00:00,2026-03-28,0.4438,modéré,faible,1.0.0,proxy_saisonnier,0
4556,2026-03-27T06:00:00,2026-03-28,0.3353,faible,modérée,1.0.0,observee,0
4557,2026-03-27T06:00:00,2026-03-29,0.4438,modéré,faible,1.0.0,proxy_saisonnier,0
4558,2026-03-28T06:00:00,2026-03-29,0.4501,modéré,faible,1.0.0,observee,0
4559,2026-03-28T06:00:00,2026-03-30,0.4438,modéré,faible,1.0.0,proxy_saisonnier,1
4560,2026-03-29T06:00:00,2026-03-30,0.2589,faible,modérée,1.0.0,observee,1
4561,2026-03-29T06:00:00,2026-03-31,0.4438,modéré,faible,1.0.0,proxy_saisonnier,1
4562,2026-03-30T06:00:00,2026-03-31,0.3703,modéré,faible,1.0.0,observee,1
4563,2026-03-30T06:00:00,2026-04-01,0.3682,modéré,faible,1.0.0,proxy_saisonnier,1
4564,2026-03-31T06:00:00,2026-04-01,0.2114,faible,modérée,1.0.0,observee,1
4565,2026-03-31T06:00:00,2026-04-02,0.3682,modéré,faible,1.0.0,proxy_saisonnier,1
4566,2026-04-01T06:00:00,2026-04-02,0.3211,faible,modérée,1.0.0,observee,1
4567,2026-04-01T06:00:00,2026-04-03,0.3682,modéré,faible,1.0.0,proxy_saisonnier,1
4568,2026-04-02T06:00:00,2026-04-03,0.4353,modéré,faible,1.0.0,observee,1
4569,2026-04-02T06:00:00,2026-04-04,0.3682,modéré,faible,1.0.0,proxy_saisonnier,1
4570,2026-04-03T06:00:00,2026-04-04,0.6118,élevé,faible,1.0.0,observee,1
4571,2026-04-03T06:00:00,2026-04-05,0.3682,modéré,faible,1.0.0,proxy_saisonnier,0
4572,2026-04-04T06:00:00,2026-04-05,0.4549,modéré,faible,1.0.0,observee,0
4573,2026-04-04T06:00:00,2026-04-06,0.3682,modéré,faible,1.0.0,proxy_saisonnier,0
4574,2026-04-05T06:00:00,2026-04-06,0.3364,faible,modérée,1.0.0,observee,0
4575,2026-04-05T06:00:00,2026-04-07,0.3682,modéré,faible,1.0.0,proxy_saisonnier,0
4576,2026-04-06T06:00:00,2026-04-07,0.248,faible,modérée,1.0.0,observee,0
4577,2026-04-06T06:00:00,2026-04-08,0.3682,modéré,faible,1.0.0,proxy_saisonnier,1
4578,2026-04-07T06:00:00,2026-04-08,0.2326,faible,modérée,1.0.0,observee,1
4579,2026-04-07T06:00:00,2026-04-09,0.3682,modéré,faible,1.0.0,proxy_saisonnier,0
4580,2026-04-08T06:00:00,2026-04-09,0.181,faible,haute,1.0.0,observee,0
4581,2026-04-08T06:00:00,2026-04-10,0.3682,modéré,faible,1.0.0,proxy_saisonnier,1
4582,2026-04-09T06:00:00,2026-04-10,0.1818,faible,haute,1.0.0,observee,1
4583,2026-04-09T06:00:00,2026-04-11,0.3682,modéré,faible,1.0.0,proxy_saisonnier,0
4584,2026-04-10T06:00:00,2026-04-11,0.2952,faible,modérée,1.0.0,observee,0
4585,2026-04-10T06:00:00,2026-04-12,0.3682,modéré,faible,1.0.0,proxy_saisonnier,1
4586,2026-04-11T06:00:00,2026-04-12,0.762,élevé,modérée,1.0.0,observee,1
4587,2026-04-11T06:00:00,2026-04-13,0.3682,modéré,faible,1.0.0,proxy_saisonnier,0
4588,2026-04-12T06:00:00,2026-04-13,0.5891,modéré,faible,1.0.0,observee,0
4589,2026-04-12T06:00:00,2026-04-14,0.3682,modéré,faible,1.0.0,proxy_saisonnier,0
4590,2026-04-13T06:00:00,2026-04-14,0.713,élevé,modérée,1.0.0,observee,0
4591,2026-04-13T06:00:00,2026-04-15,0.3682,modéré,faible,1.0.0,proxy_saisonnier,0
4592,2026-04-14T06:00:00,2026-04-15,0.153,faible,haute,1.0.0,observee,0
4593,2026-04-14T06:00:00,2026-04-16,0.3682,modéré,faible,1.0.0,proxy_saisonnier,0
4594,2026-04-15T06:00:00,2026-04-16,0.1319,faible,haute,1.0.0,observee,0
4595,2026-04-15T06:00:00,2026-04-17,0.3682,modéré,faible,1.0.0,proxy_saisonnier,1
4596,2026-04-16T06:00:00,2026-04-17,0.2774,faible,modérée,1.0.0,observee,1
4597,2026-04-16T06:00:00,2026-04-18,0.3682,modéré,faible,1.0.0,proxy_saisonnier,0
4598,2026-04-17T06:00:00,2026-04-18,0.3418,faible,modérée,1.0.0,observee,0
4599,2026-04-17T06:00:00,2026-04-19,0.3682,modéré,faible,1.0.0,proxy_saisonnier,0
4600,2026-04-18T06:00:00,2026-04-19,0.2464,faible,modérée,1.0.0,observee,0
4601,2026-04-18T06:00:00,2026-04-20,0.3682,modéré,faible,1.0.0,proxy_saisonnier,0
4602,2026-04-19T06:00:00,2026-04-20,0.1581,faible,haute,1.0.0,observee,0
4603,2026-04-19T06:00:00,2026-04-21,0.3682,modéré,faible,1.0.0,proxy_saisonnier,0
4604,2026-04-20T06:00:00,2026-04-21,0.255,faible,modérée,1.0.0,observee,0
4605,2026-04-20T06:00:00,2026-04-22,0.3682,modéré,faible,1.0.0,proxy_saisonnier,0
4606,2026-04-21T06:00:00,2026-04-22,0.0383,faible,haute,1.0.0,observee,0
4607,2026-04-21T06:00:00,2026-04-23,0.3682,modéré,faible,1.0.0,proxy_saisonnier,0
4608,2026-04-22T06:00:00,2026-04-23,0.0437,faible,haute,1.0.0,observee,0
4609,2026-04-22T06:00:00,2026-04-24,0.3682,modéré,faible,1.0.0,proxy_saisonnier,0
4610,2026-04-23T06:00:00,2026-04-24,0.0723,faible,haute,1.0.0,observee,0
4611,2026-04-23T06:00:00,2026-04-25,0.3682,modéré,faible,1.0.0,proxy_saisonnier,0
4612,2026-04-24T06:00:00,2026-04-25,0.0897,faible,haute,1.0.0,observee,0
4613,2026-04-24T06:00:00,2026-04-26,0.3682,modéré,faible,1.0.0,proxy_saisonnier,0
4614,2026-04-25T06:00:00,2026-04-26,0.1678,faible,haute,1.0.0,observee,0
4615,2026-04-25T06:00:00,2026-04-27,0.3682,modéré,faible,1.0.0,proxy_saisonnier,0
4616,2026-04-26T06:00:00,2026-04-27,0.3011,faible,modérée,1.0.0,observee,0
4617,2026-04-26T06:00:00,2026-04-28,0.3682,modéré,faible,1.0.0,proxy_saisonnier,0
4618,2026-04-27T06:00:00,2026-04-28,0.3691,modéré,faible,1.0.0,observee,0
4619,2026-04-27T06:00:00,2026-04-29,0.3682,modéré,faible,1.0.0,proxy_saisonnier,0
4620,2026-04-28T06:00:00,2026-04-29,0.2256,faible,modérée,1.0.0,observee,0
4621,2026-04-28T06:00:00,2026-04-30,0.3682,modéré,faible,1.0.0,proxy_saisonnier,1
4622,2026-04-29T06:00:00,2026-04-30,0.4246,modéré,faible,1.0.0,observee,1
4623,2026-04-29T06:00:00,2026-05-01,0.4796,modéré,faible,1.0.0,proxy_saisonnier,1
4624,2026-04-30T06:00:00,2026-05-01,0.0662,faible,haute,1.0.0,observee,1
4625,2026-04-30T06:00:00,2026-05-02,0.4796,modéré,faible,1.0.0,proxy_saisonnier,1
4626,2026-05-01T06:00:00,2026-05-02,0.0353,faible,haute,1.0.0,observee,1
4627,2026-05-01T06:00:00,2026-05-03,0.4796,modéré,faible,1.0.0,proxy_saisonnier,1
4628,2026-05-02T06:00:00,2026-05-03,0.5482,modéré,faible,1.0.0,observee,1
4629,2026-05-02T06:00:00,2026-05-04,0.4796,modéré,faible,1.0.0,proxy_saisonnier,1
4630,2026-05-03T06:00:00,2026-05-04,0.8013,élevé,haute,1.0.0,observee,1
4631,2026-05-03T06:00:00,2026-05-05,0.4796,modéré,faible,1.0.0,proxy_saisonnier,1
4632,2026-05-04T06:00:00,2026-05-05,0.7448,élevé,modérée,1.0.0,observee,1
4633,2026-05-04T06:00:00,2026-05-06,0.4796,modéré,faible,1.0.0,proxy_saisonnier,0
4634,2026-05-05T06:00:00,2026-05-06,0.8439,élevé,haute,1.0.0,observee,0
4635,2026-05-05T06:00:00,2026-05-07,0.4796,modéré,faible,1.0.0,proxy_saisonnier,0
4636,2026-05-06T06:00:00,2026-05-07,0.8158,élevé,haute,1.0.0,observee,0
4637,2026-05-06T06:00:00,2026-05-08,0.4796,modéré,faible,1.0.0,proxy_saisonnier,1
4638,2026-05-07T06:00:00,2026-05-08,0.587,modéré,faible,1.0.0,observee,1
4639,2026-05-07T06:00:00,2026-05-09,0.4796,modéré,faible,1.0.0,proxy_saisonnier,1
4640,2026-05-08T06:00:00,2026-05-09,0.3428,faible,modérée,1.0.0,observee,1
4641,2026-05-08T06:00:00,2026-05-10,0.4796,modéré,faible,1.0.0,proxy_saisonnier,1
4642,2026-05-09T06:00:00,2026-05-10,0.7324,élevé,modérée,1.0.0,observee,1
4643,2026-05-09T06:00:00,2026-05-11,0.4796,modéré,faible,1.0.0,proxy_saisonnier,0
4644,2026-05-10T06:00:00,2026-05-11,0.7963,élevé,modérée,1.0.0,observee,0
4645,2026-05-10T06:00:00,2026-05-12,0.4796,modéré,faible,1.0.0,proxy_saisonnier,1
4646,2026-05-11T06:00:00,2026-05-12,0.7603,élevé,modérée,1.0.0,observee,1
4647,2026-05-11T06:00:00,2026-05-13,0.4796,modéré,faible,1.0.0,proxy_saisonnier,1
4648,2026-05-12T06:00:00,2026-05-13,0.5596,modéré,faible,1.0.0,observee,1
4649,2026-05-12T06:00:00,2026-05-14,0.4796,modéré,faible,1.0.0,proxy_saisonnier,1
4650,2026-05-13T06:00:00,2026-05-14,0.6782,élevé,modérée,1.0.0,observee,1
4651,2026-05-13T06:00:00,2026-05-15,0.4796,modéré,faible,1.0.0,proxy_saisonnier,1
4652,2026-05-14T06:00:00,2026-05-15,0.6754,élevé,modérée,1.0.0,observee,1
4653,2026-05-14T06:00:00,2026-05-16,0.4796,modéré,faible,1.0.0,proxy_saisonnier,1
4654,2026-05-15T06:00:00,2026-05-16,0.7667,élevé,modérée,1.0.0,observee,1
4655,2026-05-15T06:00:00,2026-05-17,0.4796,modéré,faible,1.0.0,proxy_saisonnier,1
4656,2026-05-16T06:00:00,2026-05-17,0.7567,élevé,modérée,1.0.0,observee,1
4657,2026-05-16T06:00:00,2026-05-18,0.4796,modéré,faible,1.0.0,proxy_saisonnier,1
4658,2026-05-17T06:00:00,2026-05-18,0.799,élevé,modérée,1.0.0,observee,1
4659,2026-05-17T06:00:00,2026-05-19,0.4796,modéré,faible,1.0.0,proxy_saisonnier,1
4660,2026-05-18T06:00:00,2026-05-19,0.7301,élevé,modérée,1.0.0,observee,1
4661,2026-05-18T06:00:00,2026-05-20,0.4796,modéré,faible,1.0.0,proxy_saisonnier,0
4662,2026-05-19T06:00:00,2026-05-20,0.6535,élevé,modérée,1.0.0,observee,0
4663,2026-05-19T06:00:00,2026-05-21,0.4796,modéré,faible,1.0.0,proxy_saisonnier,0
4664,2026-05-20T06:00:00,2026-05-21,0.3168,faible,modérée,1.0.0,observee,0
4665,2026-05-20T06:00:00,2026-05-22,0.4796,modéré,faible,1.0.0,proxy_saisonnier,0
4666,2026-05-21T06:00:00,2026-05-22,0.1415,faible,haute,1.0.0,observee,0
4667,2026-05-21T06:00:00,2026-05-23,0.4796,modéré,faible,1.0.0,proxy_saisonnier,0
4668,2026-05-22T06:00:00,2026-05-23,0.0985,faible,haute,1.0.0,observee,0
4669,2026-05-22T06:00:00,2026-05-24,0.4796,modéré,faible,1.0.0,proxy_saisonnier,0
4670,2026-05-23T06:00:00,2026-05-24,0.0481,faible,haute,1.0.0,observee,0
4671,2026-05-23T06:00:00,2026-05-25,0.4796,modéré,faible,1.0.0,proxy_saisonnier,0
4672,2026-05-24T06:00:00,2026-05-25,0.091,faible,haute,1.0.0,observee,0
4673,2026-05-24T06:00:00,2026-05-26,0.4796,modéré,faible,1.0.0,proxy_saisonnier,0
4674,2026-05-25T06:00:00,2026-05-26,0.164,faible,haute,1.0.0,observee,0
4675,2026-05-25T06:00:00,2026-05-27,0.4796,modéré,faible,1.0.0,proxy_saisonnier,0
4676,2026-05-26T06:00:00,2026-05-27,0.1437,faible,haute,1.0.0,observee,0
4677,2026-05-26T06:00:00,2026-05-28,0.4796,modéré,faible,1.0.0,proxy_saisonnier,0
4678,2026-05-27T06:00:00,2026-05-28,0.1377,faible,haute,1.0.0,observee,0
4679,2026-05-27T06:00:00,2026-05-29,0.4796,modéré,faible,1.0.0,proxy_saisonnier,0
4680,2026-05-28T06:00:00,2026-05-29,0.2733,faible,modérée,1.0.0,observee,0
4681,2026-05-28T06:00:00,2026-05-30,0.4796,modéré,faible,1.0.0,proxy_saisonnier,1
4682,2026-05-29T06:00:00,2026-05-30,0.3938,modéré,faible,1.0.0,observee,1
4683,2026-05-29T06:00:00,2026-05-31,0.4796,modéré,faible,1.0.0,proxy_saisonnier,0
4684,2026-05-30T06:00:00,2026-05-31,0.3982,modéré,faible,1.0.0,observee,0
4685,2026-05-30T06:00:00,2026-06-01,0.5901,modéré,faible,1.0.0,proxy_saisonnier,1
4686,2026-05-31T06:00:00,2026-06-01,0.4302,modéré,faible,1.0.0,observee,1
4687,2026-05-31T06:00:00,2026-06-02,0.5901,modéré,faible,1.0.0,proxy_saisonnier,1
4688,2026-06-01T06:00:00,2026-06-02,0.615,élevé,faible,1.0.0,observee,1
4689,2026-06-01T06:00:00,2026-06-03,0.5901,modéré,faible,1.0.0,proxy_saisonnier,1
4690,2026-06-02T06:00:00,2026-06-03,0.692,élevé,modérée,1.0.0,observee,1
4691,2026-06-02T06:00:00,2026-06-04,0.5901,modéré,faible,1.0.0,proxy_saisonnier,0
4692,2026-06-03T06:00:00,2026-06-04,0.7612,élevé,modérée,1.0.0,observee,0
4693,2026-06-03T06:00:00,2026-06-05,0.5901,modéré,faible,1.0.0,proxy_saisonnier,1
4694,2026-06-04T06:00:00,2026-06-05,0.681,élevé,modérée,1.0.0,observee,1
4695,2026-06-04T06:00:00,2026-06-06,0.5901,modéré,faible,1.0.0,proxy_saisonnier,0
4696,2026-06-05T06:00:00,2026-06-06,0.5167,modéré,faible,1.0.0,observee,0
4697,2026-06-05T06:00:00,2026-06-07,0.5901,modéré,faible,1.0.0,proxy_saisonnier,1
4698,2026-06-06T06:00:00,2026-06-07,0.5648,modéré,faible,1.0.0,observee,1
4699,2026-06-06T06:00:00,2026-06-08,0.5901,modéré,faible,1.0.0,proxy_saisonnier,1
4700,2026-06-07T06:00:00,2026-06-08,0.2137,faible,modérée,1.0.0,observee,1
4701,2026-06-07T06:00:00,2026-06-09,0.5901,modéré,faible,1.0.0,proxy_saisonnier,1
4702,2026-06-08T06:00:00,2026-06-09,0.544,modéré,faible,1.0.0,observee,1
4703,2026-06-08T06:00:00,2026-06-10,0.5901,modéré,faible,1.0.0,proxy_saisonnier,0
4704,2026-06-09T06:00:00,2026-06-10,0.2999,faible,modérée,1.0.0,observee,0
4705,2026-06-09T06:00:00,2026-06-11,0.5901,modéré,faible,1.0.0,proxy_saisonnier,0
4706,2026-06-10T06:00:00,2026-06-11,0.3979,modéré,faible,1.0.0,observee,0
4707,2026-06-10T06:00:00,2026-06-12,0.5901,modéré,faible,1.0.0,proxy_saisonnier,0
4708,2026-06-11T06:00:00,2026-06-12,0.3129,faible,modérée,1.0.0,observee,0
4709,2026-06-11T06:00:00,2026-06-13,0.5901,modéré,faible,1.0.0,proxy_saisonnier,0
4710,2026-06-12T06:00:00,2026-06-13,0.3008,faible,modérée,1.0.0,observee,0
4711,2026-06-12T06:00:00,2026-06-14,0.5901,modéré,faible,1.0.0,proxy_saisonnier,1
4712,2026-06-13T06:00:00,2026-06-14,0.1438,faible,haute,1.0.0,observee,1
4713,2026-06-13T06:00:00,2026-06-15,0.5901,modéré,faible,1.0.0,proxy_saisonnier,0
4714,2026-06-14T06:00:00,2026-06-15,0.026,faible,haute,1.0.0,observee,0
4715,2026-06-14T06:00:00,2026-06-16,0.5901,modéré,faible,1.0.0,proxy_saisonnier,0
4716,2026-06-15T06:00:00,2026-06-16,0.4878,modéré,faible,1.0.0,observee,0
4717,2026-06-15T06:00:00,2026-06-17,0.5901,modéré,faible,1.0.0,proxy_saisonnier,1
4718,2026-06-16T06:00:00,2026-06-17,0.5077,modéré,faible,1.0.0,observee,1
4719,2026-06-16T06:00:00,2026-06-18,0.5901,modéré,faible,1.0.0,proxy_saisonnier,1
4720,2026-06-17T06:00:00,2026-06-18,0.1647,faible,haute,1.0.0,observee,1
4721,2026-06-17T06:00:00,2026-06-19,0.5901,modéré,faible,1.0.0,proxy_saisonnier,1
4722,2026-06-18T06:00:00,2026-06-19,0.2456,faible,modérée,1.0.0,observee,1
4723,2026-06-18T06:00:00,2026-06-20,0.5901,modéré,faible,1.0.0,proxy_saisonnier,0
4724,2026-06-19T06:00:00,2026-06-20,0.82,élevé,haute,1.0.0,observee,0
4725,2026-06-19T06:00:00,2026-06-21,0.5901,modéré,faible,1.0.0,proxy_saisonnier,0
4726,2026-06-20T06:00:00,2026-06-21,0.3284,faible,modérée,1.0.0,observee,0
4727,2026-06-20T06:00:00,2026-06-22,0.5901,modéré,faible,1.0.0,proxy_saisonnier,0
4728,2026-06-21T06:00:00,2026-06-22,0.1904,faible,haute,1.0.0,observee,0
4729,2026-06-21T06:00:00,2026-06-23,0.5901,modéré,faible,1.0.0,proxy_saisonnier,0
4730,2026-06-22T06:00:00,2026-06-23,0.2243,faible,modérée,1.0.0,observee,0
4731,2026-06-22T06:00:00,2026-06-24,0.5901,modéré,faible,1.0.0,proxy_saisonnier,0
4732,2026-06-23T06:00:00,2026-06-24,0.2698,faible,modérée,1.0.0,observee,0
4733,2026-06-23T06:00:00,2026-06-25,0.5901,modéré,faible,1.0.0,proxy_saisonnier,1
4734,2026-06-24T06:00:00,2026-06-25,0.4244,modéré,faible,1.0.0,observee,1
4735,2026-06-24T06:00:00,2026-06-26,0.5901,modéré,faible,1.0.0,proxy_saisonnier,1
4736,2026-06-25T06:00:00,2026-06-26,0.7624,élevé,modérée,1.0.0,observee,1
4737,2026-06-25T06:00:00,2026-06-27,0.5901,modéré,faible,1.0.0,proxy_saisonnier,1
4738,2026-06-26T06:00:00,2026-06-27,0.7299,élevé,modérée,1.0.0,observee,1
4739,2026-06-26T06:00:00,2026-06-28,0.5901,modéré,faible,1.0.0,proxy_saisonnier,1
4740,2026-06-27T06:00:00,2026-06-28,0.6778,élevé,modérée,1.0.0,observee,1
4741,2026-06-27T06:00:00,2026-06-29,0.5901,modéré,faible,1.0.0,proxy_saisonnier,0
4742,2026-06-28T06:00:00,2026-06-29,0.3641,modéré,faible,1.0.0,observee,0
4743,2026-06-28T06:00:00,2026-06-30,0.5901,modéré,faible,1.0.0,proxy_saisonnier,0
4744,2026-06-29T06:00:00,2026-06-30,0.2742,faible,modérée,1.0.0,observee,0
4745,2026-06-29T06:00:00,2026-07-01,0.437,modéré,faible,1.0.0,proxy_saisonnier,0
4746,2026-06-30T06:00:00,2026-07-01,0.1827,faible,haute,1.0.0,observee,0
4747,2026-06-30T06:00:00,2026-07-02,0.437,modéré,faible,1.0.0,proxy_saisonnier,0
4748,2026-07-01T06:00:00,2026-07-02,0.1418,faible,haute,1.0.0,observee,0
4749,2026-07-01T06:00:00,2026-07-03,0.437,modéré,faible,1.0.0,proxy_saisonnier,0
4750,2026-07-02T06:00:00,2026-07-03,0.0898,faible,haute,1.0.0,observee,0
4751,2026-07-02T06:00:00,2026-07-04,0.437,modéré,faible,1.0.0,proxy_saisonnier,0
4752,2026-07-03T06:00:00,2026-07-04,0.0266,faible,haute,1.0.0,observee,0
4753,2026-07-03T06:00:00,2026-07-05,0.437,modéré,faible,1.0.0,proxy_saisonnier,0
4754,2026-07-04T06:00:00,2026-07-05,0.0337,faible,haute,1.0.0,observee,0
4755,2026-07-04T06:00:00,2026-07-06,0.437,modéré,faible,1.0.0,proxy_saisonnier,0
4756,2026-07-05T06:00:00,2026-07-06,0.1096,faible,haute,1.0.0,observee,0
4757,2026-07-05T06:00:00,2026-07-07,0.437,modéré,faible,1.0.0,proxy_saisonnier,0
4758,2026-07-06T06:00:00,2026-07-07,0.2725,faible,modérée,1.0.0,observee,0
4759,2026-07-06T06:00:00,2026-07-08,0.437,modéré,faible,1.0.0,proxy_saisonnier,0
4760,2026-07-07T06:00:00,2026-07-08,0.4365,modéré,faible,1.0.0,observee,0
4761,2026-07-07T06:00:00,2026-07-09,0.437,modéré,faible,1.0.0,proxy_saisonnier,0
4762,2026-07-08T06:00:00,2026-07-09,0.1954,faible,haute,1.0.0,observee,0
4763,2026-07-08T06:00:00,2026-07-10,0.437,modéré,faible,1.0.0,proxy_saisonnier,0
4764,2026-07-09T06:00:00,2026-07-10,0.288,faible,modérée,1.0.0,observee,0
4765,2026-07-09T06:00:00,2026-07-11,0.437,modéré,faible,1.0.0,proxy_saisonnier,0
4766,2026-07-10T06:00:00,2026-07-11,0.7341,élevé,modérée,1.0.0,observee,0
4767,2026-07-10T06:00:00,2026-07-12,0.437,modéré,faible,1.0.0,proxy_saisonnier,0
4768,2026-07-11T06:00:00,2026-07-12,0.6437,élevé,faible,1.0.0,observee,0
4769,2026-07-11T06:00:00,2026-07-13,0.437,modéré,faible,1.0.0,proxy_saisonnier,0
4770,2026-07-12T06:00:00,2026-07-13,0.3495,faible,modérée,1.0.0,observee,0
4771,2026-07-12T06:00:00,2026-07-14,0.437,modéré,faible,1.0.0,proxy_saisonnier,0
4772,2026-07-13T06:00:00,2026-07-14,0.5464,modéré,faible,1.0.0,observee,0
4773,2026-07-13T06:00:00,2026-07-15,0.437,modéré,faible,1.0.0,proxy_saisonnier,1
4774,2026-07-14T06:00:00,2026-07-15,0.6097,élevé,faible,1.0.0,observee,1
4775,2026-07-14T06:00:00,2026-07-16,0.437,modéré,faible,1.0.0,proxy_saisonnier,1
4776,2026-07-15T06:00:00,2026-07-16,0.3797,modéré,faible,1.0.0,observee,1
4777,2026-07-15T06:00:00,2026-07-17,0.437,modéré,faible,1.0.0,proxy_saisonnier,1
4778,2026-07-16T06:00:00,2026-07-17,0.5408,modéré,faible,1.0.0,observee,1
4779,2026-07-16T06:00:00,2026-07-18,0.437,modéré,faible,1.0.0,proxy_saisonnier,0
4780,2026-07-17T06:00:00,2026-07-18,0.596,modéré,faible,1.0.0,observee,0
4781,2026-07-17T06:00:00,2026-07-19,0.437,modéré,faible,1.0.0,proxy_saisonnier,0
4782,2026-07-18T06:00:00,2026-07-19,0.1534,faible,haute,1.0.0,observee,0
4783,2026-07-18T06:00:00,2026-07-20,0.437,modéré,faible,1.0.0,proxy_saisonnier,0
4784,2026-07-19T06:00:00,2026-07-20,0.2689,faible,modérée,1.0.0,observee,0
4785,2026-07-19T06:00:00,2026-07-21,0.437,modéré,faible,1.0.0,proxy_saisonnier,0
4786,2026-07-20T06:00:00,2026-07-21,0.1108,faible,haute,1.0.0,observee,0
4787,2026-07-20T06:00:00,2026-07-22,0.437,modéré,faible,1.0.0,proxy_saisonnier,0
4788,2026-07-21T06:00:00,2026-07-22,0.0137,faible,haute,1.0.0,observee,0
4789,2026-07-21T06:00:00,2026-07-23,0.437,modéré,faible,1.0.0,proxy_saisonnier,0
4790,2026-07-22T06:00:00,2026-07-23,0.0225,faible,haute,1.0.0,observee,0
4791,2026-07-22T06:00:00,2026-07-24,0.437,modéré,faible,1.0.0,proxy_saisonnier,0
4792,2026-07-23T06:00:00,2026-07-24,0.0937,faible,haute,1.0.0,observee,0
4793,2026-07-23T06:00:00,2026-07-25,0.437,modéré,faible,1.0.0,proxy_saisonnier,0
4794,2026-07-24T06:00:00,2026-07-25,0.3057,faible,modérée,1.0.0,observee,0
4795,2026-07-24T06:00:00,2026-07-26,0.437,modéré,faible,1.0.0,proxy_saisonnier,0
4796,2026-07-25T06:00:00,2026-07-26,0.6839,élevé,modérée,1.0.0,observee,0
4797,2026-07-25T06:00:00,2026-07-27,0.437,modéré,faible,1.0.0,proxy_saisonnier,0
4798,2026-07-26T06:00:00,2026-07-27,0.4631,modéré,faible,1.0.0,observee,0
4799,2026-07-26T06:00:00,2026-07-28,0.437,modéré,faible,1.0.0,proxy_saisonnier,0
4800,2026-07-27T06:00:00,2026-07-28,0.0462,faible,haute,1.0.0,observee,0
4801,2026-07-27T06:00:00,2026-07-29,0.437,modéré,faible,1.0.0,proxy_saisonnier,1
4802,2026-07-28T06:00:00,2026-07-29,0.0577,faible,haute,1.0.0,observee,1
4803,2026-07-28T06:00:00,2026-07-30,0.437,modéré,faible,1.0.0,proxy_saisonnier,0
4804,2026-07-29T06:00:00,2026-07-30,0.6016,élevé,faible,1.0.0,observee,0
4805,2026-07-29T06:00:00,2026-07-31,0.437,modéré,faible,1.0.0,proxy_saisonnier,0
4806,2026-07-30T06:00:00,2026-07-31,0.5262,modéré,faible,1.0.0,observee,0
4807,2026-07-30T06:00:00,2026-08-01,0.4705,modéré,faible,1.0.0,proxy_saisonnier,0
4808,2026-07-31T06:00:00,2026-08-01,0.3908,modéré,faible,1.0.0,observee,0
4809,2026-07-31T06:00:00,2026-08-02,0.4705,modéré,faible,1.0.0,proxy_saisonnier,1
4810,2026-08-01T06:00:00,2026-08-02,0.3437,faible,modérée,1.0.0,observee,1
4811,2026-08-01T06:00:00,2026-08-03,0.4705,modéré,faible,1.0.0,proxy_saisonnier,1
4812,2026-08-02T06:00:00,2026-08-03,0.5783,modéré,faible,1.0.0,observee,1
4813,2026-08-02T06:00:00,2026-08-04,0.4705,modéré,faible,1.0.0,proxy_saisonnier,0
4814,2026-08-03T06:00:00,2026-08-04,0.788,élevé,modérée,1.0.0,observee,0
4815,2026-08-03T06:00:00,2026-08-05,0.4705,modéré,faible,1.0.0,proxy_saisonnier,0
4816,2026-08-04T06:00:00,2026-08-05,0.7712,élevé,modérée,1.0.0,observee,0
4817,2026-08-04T06:00:00,2026-08-06,0.4705,modéré,faible,1.0.0,proxy_saisonnier,0
4818,2026-08-05T06:00:00,2026-08-06,0.2539,faible,modérée,1.0.0,observee,0
4819,2026-08-05T06:00:00,2026-08-07,0.4705,modéré,faible,1.0.0,proxy_saisonnier,0
4820,2026-08-06T06:00:00,2026-08-07,0.0713,faible,haute,1.0.0,observee,0
4821,2026-08-06T06:00:00,2026-08-08,0.4705,modéré,faible,1.0.0,proxy_saisonnier,0
4822,2026-08-07T06:00:00,2026-08-08,0.0117,faible,haute,1.0.0,observee,0
4823,2026-08-07T06:00:00,2026-08-09,0.4705,modéré,faible,1.0.0,proxy_saisonnier,0
4824,2026-08-08T06:00:00,2026-08-09,0.1122,faible,haute,1.0.0,observee,0
4825,2026-08-08T06:00:00,2026-08-10,0.4705,modéré,faible,1.0.0,proxy_saisonnier,0
4826,2026-08-09T06:00:00,2026-08-10,0.7368,élevé,modérée,1.0.0,observee,0
4827,2026-08-09T06:00:00,2026-08-11,0.4705,modéré,faible,1.0.0,proxy_saisonnier,0
4828,2026-08-10T06:00:00,2026-08-11,0.1607,faible,haute,1.0.0,observee,0
4829,2026-08-10T06:00:00,2026-08-12,0.4705,modéré,faible,1.0.0,proxy_saisonnier,0
4830,2026-08-11T06:00:00,2026-08-12,0.1255,faible,haute,1.0.0,observee,0
4831,2026-08-11T06:00:00,2026-08-13,0.4705,modéré,faible,1.0.0,proxy_saisonnier,0
4832,2026-08-12T06:00:00,2026-08-13,0.1741,faible,haute,1.0.0,observee,0
4833,2026-08-12T06:00:00,2026-08-14,0.4705,modéré,faible,1.0.0,proxy_saisonnier,0
4834,2026-08-13T06:00:00,2026-08-14,0.1776,faible,haute,1.0.0,observee,0
4835,2026-08-13T06:00:00,2026-08-15,0.4705,modéré,faible,1.0.0,proxy_saisonnier,1
4836,2026-08-14T06:00:00,2026-08-15,0.3012,faible,modérée,1.0.0,observee,1
4837,2026-08-14T06:00:00,2026-08-16,0.4705,modéré,faible,1.0.0,proxy_saisonnier,0
4838,2026-08-15T06:00:00,2026-08-16,0.4709,modéré,faible,1.0.0,observee,0
